2025-01-13T06:49:56.461616,0.0,3.0,-0.8,1.2,49.98,53.7,238.1,False
2025-01-13T06:49:56.653286,1.0,0.8,-0.8,0.5,49.98,28.3,240.3,False
2025-01-13T06:49:56.810802,2.0,0.8,-2.3,0.9,49.98,26.8,241.9,False
2025-01-13T06:52:56.469164,0.0,3.8,0.8,1.6,49.98,53.5,238.1,False
2025-01-13T06:52:56.633628,1.0,0.0,0.8,0.2,49.98,28.9,240.2,False
2025-01-13T06:52:56.748961,2.0,0.8,-2.3,1.1,49.98,26.6,241.8,False
2025-01-13T06:55:44.471275,0.0,3.8,-3.8,2.3,49.98,54.4,238.1,False
2025-01-13T06:55:44.600004,1.0,2.3,1.5,1.1,49.98,26.9,240.2,False
2025-01-13T06:55:44.730430,2.0,0.8,-1.5,0.8,49.99,26.5,242.0,False
2025-01-13T06:58:44.478984,0.0,10.6,-2.3,4.2,49.99,54.9,238.5,False
2025-01-13T06:58:44.612550,1.0,0.0,-3.0,0.8,49.98,26.8,240.7,False
2025-01-13T06:58:44.743840,2.0,1.5,-3.0,1.0,49.99,26.3,242.4,False
2025-01-13T07:01:44.482065,0.0,6.8,1.5,2.9,50.01,53.3,238.4,False
2025-01-13T07:01:44.624681,1.0,1.5,-4.5,1.8,50.01,27.9,240.5,False
2025-01-13T07:01:44.764417,2.0,4.5,-0.0,1.8,50.01,25.2,242.1,False
2025-01-13T07:04:44.484597,0.0,0.0,0.0,0.1,50.02,53.5,238.3,False
2025-01-13T07:04:44.615252,1.0,1.5,-0.8,0.7,50.01,28.0,240.4,False
2025-01-13T07:04:44.752745,2.0,0.0,0.0,0.0,50.02,25.8,242.1,False
2025-01-13T07:07:44.522955,1.0,0.0,-0.8,0.6,49.99,27.5,240.1,False
2025-01-13T07:07:44.638161,2.0,2.3,0.8,1.0,49.99,26.1,241.8,False
2025-01-13T07:10:44.485280,0.0,1.5,3.8,1.9,49.96,51.8,237.9,False
2025-01-13T07:10:44.613692,1.0,3.8,1.5,1.7,49.97,28.7,240.0,False
2025-01-13T07:10:44.731796,2.0,4.5,-4.5,2.4,49.96,26.2,241.5,False
2025-01-13T07:13:44.486314,0.0,5.3,0.8,2.1,49.96,52.3,238.5,False
2025-01-13T07:13:44.607085,1.0,3.8,-0.8,1.8,49.97,27.5,240.5,False
2025-01-13T07:13:44.733062,2.0,0.8,-6.1,2.0,49.97,24.8,242.1,False
2025-01-13T07:16:44.488143,0.0,5.3,-4.5,3.0,49.97,52.3,238.3,False
2025-01-13T07:16:44.615140,1.0,3.8,-1.5,1.8,49.97,29.2,240.3,False
2025-01-13T07:16:44.756291,2.0,0.8,-4.5,1.7,49.97,25.9,241.9,False
2025-01-13T07:19:44.490941,0.0,0.8,-4.5,1.6,49.97,53.1,237.9,False
2025-01-13T07:19:44.633616,1.0,1.5,-0.8,0.6,49.98,28.3,239.9,False
2025-01-13T07:19:44.772669,2.0,2.3,0.8,1.0,49.98,26.8,241.5,False
2025-01-13T07:22:44.489737,0.0,2.3,-2.3,1.3,50.0,52.8,238.3,False
2025-01-13T07:22:44.586483,1.0,0.0,-2.3,0.4,50.0,27.8,240.4,False
2025-01-13T07:22:44.692958,2.0,3.0,-2.3,1.4,49.99,25.5,242.0,False
2025-01-13T07:25:44.490839,0.0,0.8,1.5,0.8,49.97,53.4,238.4,False
2025-01-13T07:25:44.595037,1.0,0.8,-1.5,0.7,49.99,28.4,240.4,False
2025-01-13T07:25:44.720541,2.0,3.0,0.0,1.2,49.98,26.2,242.2,False
2025-01-13T07:26:44.545642,1.0,95.0,-38.8,43.1,49.99,42.6,240.4,False
2025-01-13T07:27:08.537435,1.0,95.0,-38.8,43.1,50.0,29.4,240.2,False
2025-01-13T07:27:56.506165,0.0,12.9,-80.9,34.5,49.99,52.1,238.3,False
2025-01-13T07:27:56.622111,1.0,20.4,-70.3,30.5,50.0,40.7,240.2,False
2025-01-13T07:27:56.723744,2.0,15.1,-72.6,30.8,49.99,37.2,242.0,False
2025-01-13T07:28:44.505863,0.0,12.9,-82.4,34.9,49.99,52.6,238.4,False
2025-01-13T07:28:44.633573,1.0,95.0,-38.8,43.1,49.99,30.3,240.5,False
2025-01-13T07:28:44.759166,1.0,95.0,-38.8,43.1,49.99,30.3,240.5,False
2025-01-13T07:28:44.887465,2.0,77.0,40.9,36.2,50.0,28.0,242.1,False
2025-01-13T07:30:08.509062,0.0,34.8,-62.8,29.7,49.98,52.1,238.0,False
2025-01-13T07:30:08.677325,1.0,8.3,-50.7,21.0,49.98,30.9,240.1,False
2025-01-13T07:30:08.836194,2.0,77.0,40.9,36.2,49.98,28.8,241.8,False
2025-01-13T07:31:20.509569,0.0,127.1,-66.6,60.6,49.99,48.3,237.7,False
2025-01-13T07:31:20.654540,1.0,95.0,-38.8,43.1,49.99,61.5,239.8,False
2025-01-13T07:31:20.792167,2.0,77.0,40.9,36.2,49.99,58.1,241.6,False
2025-01-13T07:32:08.510886,0.0,37.1,-16.6,17.1,49.98,46.2,237.7,False
2025-01-13T07:32:08.628277,1.0,95.0,-38.8,43.1,49.99,51.5,239.9,False
2025-01-13T07:32:44.509997,0.0,72.6,-12.1,31.0,49.96,46.7,237.7,False
2025-01-13T07:32:44.627962,0.0,63.5,-9.1,27.2,49.98,48.9,237.9,False
2025-01-13T07:32:56.510848,0.0,217.1,18.2,91.6,49.98,60.0,237.9,False
2025-01-13T07:32:56.623453,1.0,112.5,186.2,91.7,49.98,103.4,240.1,False
2025-01-13T07:32:56.740547,2.0,80.1,177.4,81.0,49.98,101.5,241.8,False
2025-01-13T07:33:08.575322,1.0,112.5,186.2,91.7,49.97,55.7,240.1,False
2025-01-13T07:33:08.723724,2.0,80.1,177.4,81.0,49.97,52.1,241.8,False
2025-01-13T07:33:08.861338,0.0,237.5,9.8,100.0,49.97,59.0,238.0,False
2025-01-13T07:33:09.005421,1.0,95.0,-38.8,43.1,49.97,103.1,240.1,False
2025-01-13T07:33:09.124102,2.0,80.1,177.4,81.0,49.97,101.3,241.8,False
2025-01-13T07:33:20.515417,0.0,77.9,-1.5,32.8,49.97,49.3,238.2,False
2025-01-13T07:33:20.638147,1.0,95.0,-38.8,43.1,49.98,72.9,240.3,False
2025-01-13T07:33:20.771476,2.0,77.0,40.9,36.2,49.97,69.8,242.0,False
2025-01-13T07:33:20.883502,0.0,77.1,-3.0,32.5,49.98,47.8,238.2,False
2025-01-13T07:33:21.018673,1.0,73.4,-3.0,30.6,49.97,53.8,240.4,False
2025-01-13T07:33:21.154028,2.0,80.1,177.4,81.0,49.98,50.3,242.0,False
2025-01-13T07:33:32.514026,0.0,56.7,-12.9,24.6,49.97,47.8,238.0,False
2025-01-13T07:33:44.514092,0.0,106.6,-75.6,54.8,49.98,48.7,237.9,False
2025-01-13T07:33:44.657565,1.0,18.9,-49.9,22.1,49.98,54.8,240.1,False
2025-01-13T07:33:44.794235,2.0,19.7,-49.9,22.1,49.98,51.1,241.8,False
2025-01-13T07:34:20.515511,0.0,122.5,-27.2,53.1,49.99,48.3,237.7,False
2025-01-13T07:34:32.512714,0.0,3.0,-48.4,20.3,49.97,47.8,237.8,False
2025-01-13T07:34:32.644026,1.0,95.0,-38.8,43.1,49.98,55.6,240.1,False
2025-01-13T07:34:32.781334,2.0,77.0,40.9,36.2,49.98,51.0,241.7,False
2025-01-13T07:34:44.516775,0.0,48.4,-4.5,20.1,49.98,48.0,238.1,False
2025-01-13T07:34:44.649224,0.0,88.5,-7.6,37.5,49.98,47.7,238.3,False
2025-01-13T07:35:32.514897,0.0,24.2,-26.5,15.1,50.0,46.1,238.4,False
2025-01-13T07:35:44.539305,2.0,53.4,108.7,50.5,50.01,51.5,242.3,False
2025-01-13T07:37:32.541149,1.0,6.8,-28.7,12.1,49.97,53.4,240.4,False
2025-01-13T07:38:20.515563,0.0,304.8,-33.3,128.9,49.98,60.3,238.1,False
2025-01-13T07:38:20.621850,1.0,94.3,-37.9,42.9,49.98,104.5,240.3,False
2025-01-13T07:38:20.733017,2.0,80.1,177.4,81.0,49.99,100.0,241.9,False
2025-01-13T07:38:20.839396,0.0,120.3,-13.6,50.7,49.98,55.2,237.9,False
2025-01-13T07:38:20.949590,1.0,95.0,-38.8,43.1,49.98,92.1,240.2,False
2025-01-13T07:38:21.040388,2.0,77.0,40.9,36.2,49.98,87.2,241.8,False
2025-01-13T07:38:21.128887,0.0,158.8,15.9,67.1,49.98,49.0,238.0,False
2025-01-13T07:38:21.220986,1.0,94.3,-37.9,42.9,49.98,58.2,240.2,False
2025-01-13T07:38:21.318182,2.0,53.4,108.7,50.5,49.98,49.8,241.8,False
2025-01-13T07:38:32.516500,0.0,284.4,5.3,119.7,49.98,60.1,237.9,False
2025-01-13T07:38:32.725786,1.0,95.0,-38.8,43.1,49.99,104.7,240.2,False
2025-01-13T07:38:32.840384,2.0,69.7,149.5,68.6,49.99,100.7,241.7,False
2025-01-13T07:38:44.517714,0.0,289.7,-3.0,122.2,49.99,49.3,238.3,False
2025-01-13T07:38:44.632516,1.0,95.0,-38.8,43.1,49.99,55.0,240.5,False
2025-01-13T07:38:44.766314,2.0,80.1,177.4,81.0,49.99,50.5,242.2,False
2025-01-13T07:39:08.518996,0.0,29.5,-36.3,19.6,49.98,50.0,238.3,False
2025-01-13T07:40:08.520750,0.0,99.8,-52.2,47.6,49.99,47.6,238.1,False
2025-01-13T07:40:08.666315,2.0,77.0,40.9,36.2,49.99,49.7,241.9,False
2025-01-13T07:40:08.789282,0.0,72.6,-20.4,31.8,49.99,49.4,238.1,False
2025-01-13T07:41:44.518586,0.0,80.2,-24.2,34.8,49.99,47.5,238.5,False
2025-01-13T07:41:44.634078,1.0,1.5,-1.5,1.2,50.0,53.5,240.6,False
2025-01-13T07:41:56.519608,0.0,36.3,-14.4,16.5,49.99,47.4,238.6,False
2025-01-13T07:42:32.524695,0.0,56.0,-17.4,24.6,50.0,47.4,238.5,False
2025-01-13T07:42:44.521258,0.0,54.5,-6.1,23.1,50.0,47.5,238.6,False
2025-01-13T07:43:32.520039,0.0,260.9,-1.5,109.4,49.98,58.4,238.6,False
2025-01-13T07:43:32.641777,1.0,95.0,-38.8,43.1,49.97,103.4,240.6,False
2025-01-13T07:43:32.742819,2.0,80.1,177.4,81.0,49.98,97.4,242.2,False
2025-01-13T07:43:44.521588,0.0,267.7,-1.5,112.3,49.97,47.9,238.7,False
2025-01-13T07:43:44.642814,1.0,95.0,-38.8,43.1,49.97,57.4,240.7,False
2025-01-13T07:43:44.770960,2.0,80.1,177.4,81.0,49.97,49.8,242.2,False
2025-01-13T07:43:56.524561,0.0,201.2,66.6,89.1,49.97,59.3,238.4,False
2025-01-13T07:43:56.657286,1.0,90.9,148.6,73.4,49.97,104.6,240.4,False
2025-01-13T07:43:56.780970,2.0,80.1,177.4,81.0,49.97,98.9,241.9,False
2025-01-13T07:43:56.901950,0.0,34.8,62.0,30.0,49.97,52.8,238.1,False
2025-01-13T07:43:57.024858,1.0,90.9,148.6,73.4,49.97,92.5,240.2,False
2025-01-13T07:43:57.148388,2.0,77.0,40.9,36.2,49.96,86.7,241.7,False
2025-01-13T07:43:57.279113,0.0,163.4,1.5,68.8,49.96,48.5,238.2,False
2025-01-13T07:43:57.414329,1.0,177.0,-3.8,73.8,49.97,57.1,240.3,False
2025-01-13T07:43:57.547284,2.0,69.7,149.5,68.6,49.97,49.9,241.8,False
2025-01-13T07:44:32.595104,1.0,37.8,-4.5,15.7,49.97,46.4,239.8,False
2025-01-13T07:44:32.719894,2.0,80.1,177.4,81.0,49.98,38.8,241.2,False
2025-01-13T07:44:44.524143,0.0,59.7,-9.8,25.0,49.99,48.7,238.1,False
2025-01-13T07:44:44.647953,0.0,54.5,-6.8,23.3,50.0,48.7,238.3,False
2025-01-13T07:44:56.525788,0.0,44.6,-4.5,18.8,50.0,48.8,238.4,False
2025-01-13T07:44:56.634615,0.0,52.9,-5.3,22.5,50.01,48.5,238.5,False
2025-01-13T07:44:56.736527,0.0,91.5,-80.2,50.9,50.01,50.5,238.4,False
2025-01-13T07:44:56.829840,1.0,10.6,-54.5,22.9,50.01,47.0,240.4,False
2025-01-13T07:44:56.954936,2.0,15.1,-49.2,21.1,50.0,39.0,242.1,False
2025-01-13T07:45:08.527010,0.0,3.0,-52.2,21.9,50.02,52.8,238.5,False
2025-01-13T07:45:08.678696,1.0,95.0,-38.8,43.1,50.02,32.5,240.5,False
2025-01-13T07:45:08.824374,1.0,95.0,-38.8,43.1,50.02,32.5,240.5,False
2025-01-13T07:45:08.986662,2.0,77.0,40.9,36.2,50.01,30.1,242.2,False
2025-01-13T07:46:20.526857,0.0,34.8,-59.7,28.7,49.98,52.4,238.2,False
2025-01-13T07:46:20.644107,1.0,7.6,-52.9,22.0,49.98,33.2,240.1,False
2025-01-13T07:46:20.765890,2.0,77.0,40.9,36.2,49.97,31.1,241.8,False
2025-01-13T07:49:20.527843,0.0,34.0,-56.0,28.2,49.98,52.7,237.6,False
2025-01-13T07:49:20.637981,1.0,95.0,-38.8,43.1,49.98,34.6,239.6,False
2025-01-13T07:49:20.749646,1.0,95.0,-38.8,43.1,49.98,34.6,239.6,False
2025-01-13T07:49:20.868847,2.0,77.0,40.9,36.2,49.98,31.6,241.3,False
2025-01-13T07:52:20.513886,0.0,0.8,-3.0,0.8,49.98,53.0,238.1,False
2025-01-13T07:52:20.636267,1.0,2.3,-3.0,1.2,49.98,33.8,240.1,False
2025-01-13T07:52:20.769596,2.0,0.8,-1.5,0.4,49.98,30.5,241.7,False
2025-01-13T07:55:20.516170,0.0,1.5,-0.8,0.7,50.02,53.7,238.2,False
2025-01-13T07:55:20.648355,1.0,0.8,-0.0,0.5,50.02,33.4,240.4,False
2025-01-13T07:55:20.776274,2.0,0.8,-1.5,0.5,50.01,29.5,242.0,False
2025-01-13T07:58:20.517812,0.0,3.0,-0.0,1.2,50.02,52.5,238.3,False
2025-01-13T07:58:20.657945,1.0,0.8,-3.0,1.3,50.01,33.2,240.5,False
2025-01-13T07:58:20.794788,2.0,4.5,-0.8,1.9,50.02,30.4,242.1,False
2025-01-13T08:01:20.518632,0.0,0.8,-0.8,0.1,49.98,52.2,238.0,False
2025-01-13T08:01:20.656594,1.0,2.3,-6.1,2.4,49.99,34.1,240.2,False
2025-01-13T08:01:20.793097,2.0,3.8,-0.8,1.5,49.98,29.9,241.7,False
2025-01-13T08:04:20.520417,0.0,3.0,-0.0,1.4,49.97,52.0,238.2,False
2025-01-13T08:04:20.638145,1.0,3.0,-5.3,2.3,49.97,34.5,240.5,False
2025-01-13T08:04:20.757741,2.0,1.5,1.5,1.2,49.96,33.1,242.2,False
2025-01-13T08:07:20.560457,1.0,6.8,-32.5,13.8,49.97,34.8,240.5,False
2025-01-13T08:07:20.689692,2.0,6.8,-28.7,12.2,49.97,31.7,242.2,False
2025-01-13T08:10:20.537608,0.0,13.6,-40.1,16.6,50.0,52.2,239.3,False
2025-01-13T08:10:20.665952,1.0,5.3,-34.0,13.6,49.99,34.7,241.4,False
2025-01-13T08:10:20.791376,2.0,5.3,-34.0,13.4,50.01,32.3,243.1,False
2025-01-13T08:13:20.524308,0.0,0.8,0.0,0.4,49.98,52.3,239.0,False
2025-01-13T08:13:20.634359,1.0,0.8,0.8,0.4,49.96,35.0,241.1,False
2025-01-13T08:13:20.742853,2.0,0.8,-3.0,0.9,49.97,32.0,242.7,False
2025-01-13T08:14:32.541261,0.0,49.9,-4.5,21.3,49.99,51.2,238.6,False
2025-01-13T08:14:32.666745,1.0,95.0,-38.8,43.1,49.98,56.2,240.7,False
2025-01-13T08:14:32.796951,2.0,39.6,82.5,37.9,50.0,49.3,242.3,False
2025-01-13T08:14:32.928381,0.0,28.7,-60.5,28.1,49.98,51.6,238.6,False
2025-01-13T08:14:33.049755,1.0,95.0,-38.8,43.1,49.99,61.1,240.7,False
2025-01-13T08:14:33.170345,2.0,77.0,40.9,36.2,49.98,54.5,242.3,False
2025-01-13T08:15:20.542392,0.0,8.3,-59.0,24.5,49.98,51.0,239.0,False
2025-01-13T08:15:20.671364,1.0,95.0,-38.8,43.1,49.98,47.2,241.1,False
2025-01-13T08:15:20.821883,2.0,77.0,40.9,36.2,49.98,42.0,242.8,False
2025-01-13T08:15:44.578226,1.0,95.0,-38.8,43.1,49.97,33.6,241.0,False
2025-01-13T08:18:44.530001,0.0,11.3,-3.0,4.6,49.99,52.6,238.5,False
2025-01-13T08:18:44.641797,1.0,0.8,-0.8,0.7,49.99,33.1,240.7,False
2025-01-13T08:18:44.768639,2.0,1.5,-2.3,1.0,49.99,32.5,242.4,False
2025-01-13T08:19:20.544477,0.0,81.7,-7.6,34.3,49.99,50.0,238.7,False
2025-01-13T08:19:20.687004,1.0,95.0,-38.8,43.1,49.99,63.1,240.8,False
2025-01-13T08:19:20.810566,2.0,57.4,120.5,55.5,49.98,57.3,242.5,False
2025-01-13T08:19:32.543834,0.0,40.1,-2.3,16.8,49.98,51.9,238.6,False
2025-01-13T08:19:32.674374,1.0,95.0,-38.8,43.1,49.99,47.5,240.7,False
2025-01-13T08:19:32.820990,2.0,77.0,40.9,36.2,49.98,42.7,242.4,False
2025-01-13T08:22:32.531826,0.0,7.6,3.8,3.6,50.0,50.1,238.9,False
2025-01-13T08:22:32.648939,1.0,1.5,-0.8,0.8,50.0,46.4,241.0,False
2025-01-13T08:22:32.762907,2.0,1.5,2.3,1.0,49.99,39.8,242.5,False
2025-01-13T08:23:32.548154,0.0,23.4,-37.8,18.6,50.01,48.8,238.9,False
2025-01-13T08:23:44.581863,1.0,40.8,-2.3,17.0,50.01,30.6,240.8,False
2025-01-13T08:25:08.604609,1.0,32.5,-21.2,16.1,50.03,33.4,240.9,False
2025-01-13T08:25:08.743847,0.0,34.0,-32.5,19.7,50.03,52.4,238.8,False
2025-01-13T08:25:08.908725,1.0,95.0,-38.8,43.1,50.03,29.5,240.9,False
2025-01-13T08:25:09.073173,1.0,95.0,-38.8,43.1,50.03,29.5,240.9,False
2025-01-13T08:25:09.232255,2.0,77.0,40.9,36.2,50.04,28.3,242.7,False
2025-01-13T08:25:09.388405,2.0,77.0,40.9,36.2,50.04,28.3,242.7,False
2025-01-13T08:26:32.548273,0.0,48.4,-21.2,22.3,50.02,50.0,238.6,False
2025-01-13T08:26:44.551460,0.0,124.8,-18.2,52.0,50.02,49.4,239.4,False
2025-01-13T08:29:44.599528,0.0,102.1,-26.5,40.4,50.03,50.1,235.6,False
2025-01-13T08:29:44.743462,1.0,2.3,-14.4,2.7,50.04,30.8,237.8,False
2025-01-13T08:29:44.877557,2.0,0.8,-14.4,3.0,50.03,28.8,239.7,False
2025-01-13T08:30:44.600259,1.0,95.0,-38.8,43.1,49.99,46.6,238.8,False
2025-01-13T08:31:20.553411,0.0,44.6,-8.3,18.9,49.98,50.3,236.2,False
2025-01-13T08:31:20.693383,1.0,95.0,-38.8,43.1,49.99,32.1,238.3,False
2025-01-13T08:31:20.828902,2.0,39.6,82.5,37.9,49.99,28.9,239.9,False
2025-01-13T08:31:44.550257,0.0,130.1,-7.6,55.7,49.96,46.9,235.8,False
2025-01-13T08:31:44.730047,1.0,95.0,-38.8,43.1,49.96,61.6,237.9,False
2025-01-13T08:31:44.886760,2.0,77.0,40.9,36.2,49.95,54.7,239.4,False
2025-01-13T08:31:45.038180,0.0,43.9,4.5,18.8,49.97,49.1,235.9,False
2025-01-13T08:32:08.645442,1.0,95.0,-38.8,43.1,49.99,32.6,238.2,False
2025-01-13T08:32:08.802217,2.0,77.0,40.9,36.2,49.98,29.2,239.8,False
2025-01-13T08:32:08.935505,0.0,24.2,-36.3,18.5,50.0,50.8,236.1,False
2025-01-13T08:32:09.091641,0.0,34.8,-49.9,25.7,49.98,50.8,236.0,False
2025-01-13T08:32:20.554127,0.0,142.2,-94.5,72.5,50.0,48.3,236.0,False
2025-01-13T08:32:20.686959,1.0,95.0,-38.8,43.1,50.0,64.2,238.1,False
2025-01-13T08:32:20.831221,2.0,77.0,40.9,36.2,49.98,57.3,239.6,False
2025-01-13T08:32:44.560886,0.0,44.6,-3.8,19.1,49.99,47.4,235.9,False
2025-01-13T08:32:44.695361,0.0,99.8,-9.8,42.5,49.97,48.9,235.9,False
2025-01-13T08:32:44.833245,1.0,95.0,-38.8,43.1,49.98,47.5,238.1,False
2025-01-13T08:32:44.960740,2.0,77.0,40.9,36.2,49.98,44.1,239.5,False
2025-01-13T08:33:20.597307,1.0,39.3,-3.0,16.6,49.97,34.0,238.2,False
2025-01-13T08:33:20.733007,0.0,43.9,-6.8,18.9,49.99,51.5,236.0,False
2025-01-13T08:33:44.555120,0.0,46.9,-5.3,20.1,49.99,50.7,235.8,False
2025-01-13T08:34:20.584674,1.0,95.0,-38.8,43.1,49.99,49.3,238.1,False
2025-01-13T08:34:44.621640,1.0,95.0,-38.8,43.1,49.99,32.1,238.2,False
2025-01-13T08:34:44.770692,2.0,57.4,120.5,55.5,49.99,29.9,239.7,False
2025-01-13T08:34:56.551255,0.0,36.3,-3.0,15.7,49.99,50.9,235.7,False
2025-01-13T08:35:20.556456,0.0,53.7,27.2,25.6,50.01,48.5,235.6,False
2025-01-13T08:35:20.678193,1.0,95.0,-38.8,43.1,50.01,63.8,237.8,False
2025-01-13T08:35:20.817392,2.0,77.0,40.9,36.2,50.02,57.1,239.3,False
2025-01-13T08:35:20.950217,0.0,31.8,-33.3,19.5,50.02,48.6,235.6,False
2025-01-13T08:35:32.619150,0.0,146.0,-90.8,73.4,50.0,51.3,235.9,False
2025-01-13T08:35:32.744948,1.0,95.0,-38.8,43.1,50.0,31.4,238.0,False
2025-01-13T08:35:32.866964,2.0,77.0,40.9,36.2,50.01,27.9,239.6,False
2025-01-13T08:35:33.002765,0.0,55.2,-73.4,38.9,50.01,51.7,235.9,False
2025-01-13T08:35:33.133039,1.0,95.0,-38.8,43.1,50.01,31.1,238.0,False
2025-01-13T08:35:33.257735,1.0,95.0,-38.8,43.1,50.01,31.1,238.0,False
2025-01-13T08:35:33.383229,2.0,77.0,40.9,36.2,50.01,27.9,239.6,False
2025-01-13T08:35:56.557841,0.0,95.3,-20.4,41.2,50.01,49.4,236.0,False
2025-01-13T08:35:56.678032,1.0,95.0,-38.8,43.1,50.01,62.0,238.1,False
2025-01-13T08:35:56.807100,2.0,57.4,120.5,55.5,50.01,55.9,239.7,False
2025-01-13T08:36:20.562821,0.0,46.9,-3.0,19.9,50.0,49.6,236.0,False
2025-01-13T08:36:20.713999,1.0,95.0,-38.8,43.1,50.02,46.3,238.1,False
2025-01-13T08:36:20.879983,2.0,77.0,40.9,36.2,50.0,40.4,239.6,False
2025-01-13T08:36:32.565411,0.0,40.8,-7.6,17.6,50.01,51.8,235.9,False
2025-01-13T08:36:32.717834,1.0,46.1,-1.5,19.4,50.02,30.4,238.1,False
2025-01-13T08:36:32.876809,2.0,57.4,120.5,55.5,50.03,27.5,239.6,False
2025-01-13T08:37:32.561157,0.0,39.3,-36.3,22.9,50.03,51.7,236.1,False
2025-01-13T08:37:44.561213,0.0,86.2,-44.6,41.2,50.0,51.0,236.0,False
2025-01-13T08:37:44.687708,0.0,61.3,-8.3,26.3,50.01,51.8,236.0,False
2025-01-13T08:38:44.563269,0.0,48.4,3.8,20.7,50.03,48.9,235.9,False
2025-01-13T08:38:44.711949,1.0,95.0,-38.8,43.1,50.03,51.1,238.1,False
2025-01-13T08:38:44.845557,2.0,77.0,40.9,36.2,50.03,44.5,239.6,False
2025-01-13T08:39:08.564344,0.0,39.3,3.8,16.8,50.03,51.7,235.9,False
2025-01-13T08:39:08.718122,1.0,95.0,-38.8,43.1,50.04,29.6,238.1,False
2025-01-13T08:39:08.870641,2.0,77.0,40.9,36.2,50.03,27.3,239.7,False
2025-01-13T08:39:20.563507,0.0,37.8,-6.1,16.3,50.04,48.6,235.8,False
2025-01-13T08:39:20.702201,1.0,95.0,-38.8,43.1,50.03,49.9,237.9,False
2025-01-13T08:39:20.831046,2.0,77.0,40.9,36.2,50.03,43.1,239.5,False
2025-01-13T08:39:44.567005,0.0,40.8,-6.8,17.6,50.03,52.4,235.8,False
2025-01-13T08:39:44.711990,1.0,95.0,-38.8,43.1,50.04,29.7,238.0,False
2025-01-13T08:39:44.848835,2.0,77.0,40.9,36.2,50.03,27.3,239.5,False
2025-01-13T08:41:32.611961,1.0,95.0,-38.8,43.1,50.05,44.1,238.0,False
2025-01-13T08:41:32.736143,2.0,77.0,40.9,36.2,50.05,38.8,239.6,False
2025-01-13T08:41:44.651004,1.0,95.0,-38.8,43.1,50.05,29.0,238.3,False
2025-01-13T08:41:44.797080,2.0,77.0,40.9,36.2,50.04,27.1,239.9,False
2025-01-13T08:42:32.565969,0.0,42.4,-4.5,18.1,50.05,48.3,236.2,False
2025-01-13T08:42:32.697798,1.0,95.0,-38.8,43.1,50.05,49.0,238.3,False
2025-01-13T08:42:32.829777,2.0,77.0,40.9,36.2,50.05,43.3,239.8,False
2025-01-13T08:42:44.565322,0.0,53.7,-7.6,22.9,50.04,52.0,236.1,False
2025-01-13T08:42:44.704901,1.0,95.0,-38.8,43.1,50.05,27.6,238.2,False
2025-01-13T08:42:44.832440,2.0,77.0,40.9,36.2,50.04,26.4,239.8,False
2025-01-13T08:44:56.569113,0.0,78.7,-12.1,33.5,50.06,50.4,236.4,False
2025-01-13T08:45:08.569061,0.0,43.9,-6.8,18.8,50.06,51.7,236.4,False
2025-01-13T08:47:44.650187,1.0,95.0,-38.8,43.1,50.04,48.9,238.1,False
2025-01-13T08:47:44.780254,2.0,77.0,40.9,36.2,50.05,42.6,239.6,False
2025-01-13T08:48:08.568981,0.0,63.5,-9.1,27.3,50.05,52.3,236.1,False
2025-01-13T08:48:08.721667,1.0,95.0,-38.8,43.1,50.06,29.1,238.2,False
2025-01-13T08:48:08.875441,2.0,77.0,40.9,36.2,50.05,27.7,239.7,False
2025-01-13T08:48:32.569936,0.0,45.4,-4.5,19.5,50.05,49.3,235.9,False
2025-01-13T08:48:32.704825,1.0,95.0,-38.8,43.1,50.04,46.8,237.9,False
2025-01-13T08:48:32.844534,2.0,77.0,40.9,36.2,50.05,41.5,239.6,False
2025-01-13T08:48:44.569508,0.0,40.1,-5.3,17.2,50.06,52.5,236.0,False
2025-01-13T08:48:44.717109,1.0,95.0,-38.8,43.1,50.07,28.7,238.0,False
2025-01-13T08:48:44.865895,2.0,77.0,40.9,36.2,50.05,26.8,239.6,False
2025-01-13T08:49:08.573003,0.0,88.5,-4.5,37.8,50.05,47.5,235.8,False
2025-01-13T08:49:08.707890,1.0,95.0,-38.8,43.1,50.05,57.0,237.7,False
2025-01-13T08:49:08.851305,2.0,77.0,40.9,36.2,50.06,51.6,239.4,False
2025-01-13T08:49:20.576836,0.0,51.4,-1.5,22.0,50.05,50.1,235.9,False
2025-01-13T08:49:20.747593,1.0,95.0,-38.8,43.1,50.05,42.0,237.8,False
2025-01-13T08:49:20.910111,2.0,77.0,40.9,36.2,50.06,37.8,239.5,False
2025-01-13T08:49:32.624665,0.0,49.9,-1.5,21.3,50.05,47.2,235.8,False
2025-01-13T08:49:32.763547,1.0,95.0,-38.8,43.1,50.05,57.4,237.7,False
2025-01-13T08:49:32.890006,2.0,77.0,40.9,36.2,50.05,52.4,239.4,False
2025-01-13T08:49:33.024507,0.0,89.2,-6.1,37.8,50.05,52.0,235.6,False
2025-01-13T08:49:33.150849,1.0,95.0,-38.8,43.1,50.04,28.2,237.6,False
2025-01-13T08:49:33.283267,2.0,77.0,40.9,36.2,50.04,26.3,239.2,False
2025-01-13T08:49:56.570844,0.0,89.2,-4.5,37.5,50.05,47.5,236.2,False
2025-01-13T08:49:56.685200,1.0,95.0,-38.8,43.1,50.07,56.2,238.1,False
2025-01-13T08:49:56.808980,2.0,77.0,40.9,36.2,50.05,52.2,239.7,False
2025-01-13T08:50:08.575846,0.0,56.7,-2.3,23.9,50.06,49.9,236.0,False
2025-01-13T08:50:08.749318,1.0,95.0,-38.8,43.1,50.07,40.3,238.0,False
2025-01-13T08:50:08.919554,2.0,77.0,40.9,36.2,50.06,37.2,239.6,False
2025-01-13T08:51:08.639130,1.0,40.1,-3.0,17.0,50.07,28.7,238.3,False
2025-01-13T08:51:08.776510,2.0,40.8,3.8,17.2,50.06,25.9,239.9,False
2025-01-13T08:51:44.650954,1.0,95.0,-38.8,43.1,50.05,43.6,238.0,False
2025-01-13T08:51:44.780481,2.0,77.0,40.9,36.2,50.06,38.8,239.6,False
2025-01-13T08:51:56.572053,0.0,35.5,0.8,15.3,50.08,52.2,236.5,False
2025-01-13T08:51:56.697986,1.0,95.0,-38.8,43.1,50.07,29.2,238.5,False
2025-01-13T08:51:56.815155,2.0,77.0,40.9,36.2,50.08,27.4,240.1,False
2025-01-13T08:52:44.581149,0.0,92.3,-9.8,39.4,50.05,50.4,236.2,False
2025-01-13T08:52:44.737991,1.0,95.0,-38.8,43.1,50.06,61.6,238.3,False
2025-01-13T08:52:44.871821,2.0,77.0,40.9,36.2,50.05,54.8,239.9,False
2025-01-13T08:52:56.573684,0.0,13.6,-46.1,20.2,50.05,50.6,236.3,False
2025-01-13T08:52:56.707700,1.0,95.0,-38.8,43.1,50.05,53.5,238.4,False
2025-01-13T08:52:56.833193,2.0,77.0,40.9,36.2,50.06,47.0,240.0,False
2025-01-13T08:53:08.574824,0.0,21.2,-42.4,20.0,50.05,53.1,236.4,False
2025-01-13T08:53:08.702174,1.0,59.7,36.3,29.3,50.05,29.6,238.5,False
2025-01-13T08:53:08.824308,2.0,52.2,-47.6,29.4,50.06,26.1,240.1,False
2025-01-13T08:53:20.577629,0.0,84.7,-3.8,36.0,50.06,49.4,236.4,False
2025-01-13T08:53:20.700834,1.0,95.0,-38.8,43.1,50.08,58.7,238.4,False
2025-01-13T08:53:20.825407,2.0,77.0,40.9,36.2,50.06,53.1,239.9,False
2025-01-13T08:53:44.579006,0.0,54.5,-3.0,23.0,50.06,51.5,236.2,False
2025-01-13T08:53:44.731164,1.0,95.0,-38.8,43.1,50.06,42.5,238.3,False
2025-01-13T08:53:44.868798,2.0,77.0,40.9,36.2,50.07,38.0,239.8,False
2025-01-13T08:54:32.579428,0.0,36.3,-5.3,15.5,50.07,53.1,236.2,False
2025-01-13T08:54:32.706866,1.0,42.4,-1.5,17.8,50.07,29.5,238.3,False
2025-01-13T08:54:32.850549,2.0,35.5,5.3,15.0,50.08,27.7,239.8,False
2025-01-13T08:55:20.580385,0.0,40.8,-1.5,17.3,50.07,51.4,236.1,False
2025-01-13T08:55:20.710482,1.0,95.0,-38.8,43.1,50.08,44.8,238.1,False
2025-01-13T08:55:20.860969,2.0,77.0,40.9,36.2,50.08,42.0,239.7,False
2025-01-13T08:55:44.582060,0.0,37.8,-2.3,16.2,50.06,53.3,236.2,False
2025-01-13T08:55:44.721572,1.0,95.0,-38.8,43.1,50.05,27.7,238.2,False
2025-01-13T08:55:44.880322,2.0,77.0,40.9,36.2,50.06,26.5,239.8,False
2025-01-13T08:56:08.580953,0.0,54.5,-2.3,23.3,50.04,49.9,235.9,False
2025-01-13T08:56:08.719810,1.0,95.0,-38.8,43.1,50.04,47.7,238.0,False
2025-01-13T08:56:08.848207,2.0,77.0,40.9,36.2,50.03,43.9,239.5,False
2025-01-13T08:56:20.581077,0.0,55.2,-4.5,23.5,50.04,54.1,236.0,False
2025-01-13T08:56:20.723392,1.0,95.0,-38.8,43.1,50.04,28.3,238.0,False
2025-01-13T08:56:20.866407,2.0,77.0,40.9,36.2,50.05,27.3,239.6,False
2025-01-13T08:56:32.581072,0.0,52.2,-3.8,22.2,50.05,50.8,236.0,False
2025-01-13T08:56:32.719769,1.0,95.0,-38.8,43.1,50.05,45.0,238.1,False
2025-01-13T08:56:32.846374,2.0,77.0,40.9,36.2,50.05,41.2,239.6,False
2025-01-13T08:56:44.582036,0.0,46.9,-2.3,20.0,50.04,55.0,236.1,False
2025-01-13T08:56:44.706241,1.0,95.0,-38.8,43.1,50.04,27.6,238.2,False
2025-01-13T08:56:44.824329,2.0,77.0,40.9,36.2,50.05,27.1,239.8,False
2025-01-13T08:56:56.588729,0.0,85.5,-6.8,36.1,50.03,48.7,236.3,False
2025-01-13T08:56:56.706532,1.0,95.0,-38.8,43.1,50.05,56.1,238.4,False
2025-01-13T08:56:56.827827,2.0,77.0,40.9,36.2,50.04,51.3,240.0,False
2025-01-13T08:57:08.587252,0.0,56.0,-3.0,23.7,50.04,50.2,236.2,False
2025-01-13T08:57:08.723367,1.0,95.0,-38.8,43.1,50.05,40.5,238.2,False
2025-01-13T08:57:08.868260,2.0,77.0,40.9,36.2,50.04,37.3,239.9,False
2025-01-13T08:57:44.583997,0.0,37.1,-4.5,15.8,50.05,53.9,236.2,False
2025-01-13T08:57:44.723088,1.0,42.4,-3.8,17.9,50.03,28.9,238.2,False
2025-01-13T08:57:44.851462,2.0,42.4,4.5,17.8,50.05,26.5,239.8,False
2025-01-13T09:00:44.583269,0.0,37.1,-55.2,28.5,49.98,52.9,236.4,False
2025-01-13T09:00:44.722787,1.0,3.8,-47.6,20.3,49.98,32.2,238.4,False
2025-01-13T09:00:44.884830,2.0,9.8,-52.9,22.7,49.99,29.5,240.1,False
2025-01-13T09:02:20.660947,1.0,80.9,-82.4,48.3,49.9,41.0,238.0,False
2025-01-13T09:02:20.798338,2.0,43.1,-61.3,30.9,49.9,37.7,239.6,False
2025-01-13T09:02:20.934956,0.0,90.0,-77.1,50.3,49.9,54.1,235.9,False
2025-01-13T09:02:21.096749,1.0,95.0,-38.8,43.1,49.91,31.8,237.9,False
2025-01-13T09:02:21.243654,1.0,95.0,-38.8,43.1,49.91,31.8,237.9,False
2025-01-13T09:02:21.392331,2.0,77.0,40.9,36.2,49.91,31.2,239.5,False
2025-01-13T09:05:20.573238,0.0,14.4,-6.1,6.1,49.96,53.5,236.1,False
2025-01-13T09:05:20.697066,1.0,0.8,-0.8,0.8,49.97,31.6,238.1,False
2025-01-13T09:05:20.835200,2.0,2.3,-5.3,2.0,49.97,28.7,239.8,False
2025-01-13T09:05:56.597383,0.0,50.7,-0.8,21.4,49.97,52.6,236.2,False
2025-01-13T09:05:56.740971,1.0,95.0,-38.8,43.1,49.97,54.2,238.2,False
2025-01-13T09:05:56.866520,2.0,42.7,84.8,39.6,49.97,49.2,239.9,False
2025-01-13T09:06:08.592556,0.0,50.7,-4.5,21.5,49.98,53.0,236.1,False
2025-01-13T09:06:08.782178,1.0,95.0,-38.8,43.1,49.97,41.7,238.1,False
2025-01-13T09:06:08.958589,2.0,77.0,40.9,36.2,49.98,38.8,239.8,False
2025-01-13T09:06:44.589782,0.0,65.8,-72.6,41.4,49.95,54.1,236.0,False
2025-01-13T09:06:44.762681,1.0,34.0,-64.3,30.5,49.96,32.6,238.1,False
2025-01-13T09:06:44.908403,2.0,42.7,84.8,39.6,49.96,28.9,239.8,False
2025-01-13T09:06:56.591537,0.0,52.2,-67.3,36.2,49.96,54.7,236.0,False
2025-01-13T09:06:56.759135,1.0,95.0,-38.8,43.1,49.95,32.2,238.0,False
2025-01-13T09:06:56.898084,1.0,95.0,-38.8,43.1,49.95,32.2,238.0,False
2025-01-13T09:06:57.047137,2.0,77.0,40.9,36.2,49.96,29.1,239.7,False
2025-01-13T09:09:56.575798,0.0,21.2,-19.7,12.4,50.0,53.8,236.0,False
2025-01-13T09:09:56.685701,1.0,9.1,-12.9,6.7,50.0,31.6,238.1,False
2025-01-13T09:09:56.800793,2.0,7.6,-11.3,5.7,50.0,28.3,239.6,False
2025-01-13T09:10:44.591701,0.0,49.9,-31.8,25.0,50.02,51.7,236.1,False
2025-01-13T09:10:44.728010,1.0,95.0,-38.8,43.1,50.02,46.1,238.2,False
2025-01-13T09:10:44.949608,2.0,39.6,82.5,37.9,50.02,39.1,239.8,False
2025-01-13T09:10:56.594386,0.0,48.4,-5.3,20.8,50.03,50.1,236.0,False
2025-01-13T09:10:56.781145,1.0,94.3,-37.9,42.9,50.03,57.6,238.1,False
2025-01-13T09:10:56.910256,1.0,95.0,-38.8,43.1,50.03,57.6,238.1,False
2025-01-13T09:10:57.053958,2.0,42.7,84.8,39.6,50.02,51.5,239.7,False
2025-01-13T09:11:20.637670,1.0,94.3,-37.9,42.9,50.02,43.8,238.3,False
2025-01-13T09:11:20.772102,2.0,77.0,40.9,36.2,50.02,38.3,239.8,False
2025-01-13T09:11:32.594482,0.0,35.5,-11.3,15.8,50.03,51.4,236.1,False
2025-01-13T09:11:32.732944,1.0,38.6,-3.0,16.3,50.04,30.7,238.3,False
2025-01-13T09:11:44.593269,0.0,93.8,-14.4,40.0,50.03,50.9,236.3,False
2025-01-13T09:11:44.740675,1.0,95.0,-38.8,43.1,50.02,64.8,238.4,False
2025-01-13T09:11:44.878356,2.0,77.0,40.9,36.2,50.02,55.5,239.9,False
2025-01-13T09:11:56.591010,0.0,136.9,-3.8,58.2,50.03,53.8,236.2,False
2025-01-13T09:11:56.720766,1.0,94.3,-37.9,42.9,50.04,89.1,238.3,False
2025-01-13T09:11:56.861800,2.0,68.4,143.7,66.3,50.04,80.9,239.8,False
2025-01-13T09:12:08.593464,0.0,103.6,-8.3,44.0,50.04,49.2,236.2,False
2025-01-13T09:12:08.730938,1.0,95.0,-38.8,43.1,50.04,67.1,238.3,False
2025-01-13T09:12:08.864040,2.0,77.0,40.9,36.2,50.05,59.8,239.7,False
2025-01-13T09:12:20.637804,0.0,123.3,-9.1,52.3,50.04,53.6,236.0,False
2025-01-13T09:12:20.769838,1.0,94.3,-37.9,42.9,50.03,30.3,238.2,False
2025-01-13T09:12:20.903023,2.0,68.4,143.7,66.3,50.04,27.5,239.6,False
2025-01-13T09:12:21.023080,0.0,93.0,-12.9,39.8,50.04,49.8,236.0,False
2025-01-13T09:12:21.159041,1.0,95.0,-38.8,43.1,50.03,62.4,238.1,False
2025-01-13T09:12:21.293683,2.0,77.0,40.9,36.2,50.03,53.9,239.6,False
2025-01-13T09:12:44.595123,0.0,63.5,2.3,26.8,50.03,50.8,236.2,False
2025-01-13T09:12:44.741058,1.0,94.3,-37.9,42.9,50.03,76.7,238.3,False
2025-01-13T09:12:44.879776,2.0,57.4,120.5,55.5,50.03,69.6,239.8,False
2025-01-13T09:12:56.595351,0.0,90.8,0.8,38.5,50.06,51.1,236.3,False
2025-01-13T09:12:56.715880,1.0,95.0,-38.8,43.1,50.05,58.4,238.4,False
2025-01-13T09:12:56.860791,2.0,77.0,40.9,36.2,50.04,50.1,240.0,False
2025-01-13T09:13:44.596479,0.0,36.3,-2.3,15.4,50.05,51.3,236.3,False
2025-01-13T09:13:44.753296,1.0,94.3,-37.9,42.9,50.05,47.3,238.4,False
2025-01-13T09:13:44.909321,2.0,39.6,82.5,37.9,50.04,39.9,239.9,False
2025-01-13T09:13:56.667466,1.0,46.9,-4.5,19.7,50.02,32.8,238.1,False
2025-01-13T09:13:56.809397,2.0,42.7,84.8,39.6,50.02,28.7,239.6,False
2025-01-13T09:14:20.595000,0.0,93.8,-10.6,40.1,50.03,49.9,235.9,False
2025-01-13T09:14:20.732079,1.0,95.0,-38.8,43.1,50.04,63.5,237.9,False
2025-01-13T09:14:20.860596,2.0,77.0,40.9,36.2,50.03,55.5,239.5,False
2025-01-13T09:14:56.596922,0.0,86.2,-40.1,40.5,50.03,52.2,236.0,False
2025-01-13T09:14:56.725264,2.0,77.0,40.9,36.2,50.03,38.6,239.6,False
2025-01-13T09:14:56.862532,1.0,95.0,-38.8,43.1,50.03,32.7,238.4,False
2025-01-13T09:14:56.980505,2.0,77.0,40.9,36.2,50.03,26.6,239.8,False
2025-01-13T09:14:57.110180,2.0,77.0,40.9,36.2,50.03,26.6,239.8,False
2025-01-13T09:14:57.246549,2.0,57.4,120.5,55.5,50.03,26.6,239.8,False
2025-01-13T09:15:08.602676,0.0,105.9,-12.9,45.1,50.02,50.5,236.2,False
2025-01-13T09:15:08.788188,1.0,95.0,-38.8,43.1,50.03,61.8,238.4,False
2025-01-13T09:15:08.938142,2.0,77.0,40.9,36.2,50.03,53.1,239.8,False
2025-01-13T09:15:32.600297,0.0,46.9,3.0,20.2,50.01,52.2,235.9,False
2025-01-13T09:15:32.734150,1.0,94.3,-37.9,42.9,50.01,80.6,238.0,False
2025-01-13T09:15:32.874538,2.0,42.7,84.8,39.6,50.03,73.6,239.5,False
2025-01-13T09:15:44.604510,0.0,104.4,-83.9,56.9,50.02,50.9,236.0,False
2025-01-13T09:15:44.750234,1.0,95.0,-38.8,43.1,50.03,72.7,238.1,False
2025-01-13T09:15:44.980545,2.0,77.0,40.9,36.2,50.01,64.5,239.6,False
2025-01-13T09:15:56.602365,0.0,44.6,-70.3,35.5,50.01,55.0,235.5,False
2025-01-13T09:15:56.746224,1.0,94.3,-37.9,42.9,50.01,31.8,237.7,False
2025-01-13T09:15:56.887543,2.0,42.7,84.8,39.6,50.02,27.6,239.2,False
2025-01-13T09:16:08.664658,1.0,95.0,-38.8,43.1,50.02,46.0,237.6,False
2025-01-13T09:16:08.867711,2.0,77.0,40.9,36.2,50.01,37.8,239.1,False
2025-01-13T09:16:32.669030,0.0,40.1,-2.3,16.9,50.0,51.2,235.7,False
2025-01-13T09:16:32.825380,1.0,94.3,-37.9,42.9,50.0,59.2,237.8,False
2025-01-13T09:16:32.980561,1.0,95.0,-38.8,43.1,50.0,59.2,237.8,False
2025-01-13T09:16:33.126979,2.0,39.6,82.5,37.9,49.99,49.1,239.3,False
2025-01-13T09:16:33.266706,0.0,43.1,-4.5,18.4,50.02,51.6,235.7,False
2025-01-13T09:16:33.403074,1.0,94.3,-37.9,42.9,50.01,45.5,237.7,False
2025-01-13T09:16:33.543576,2.0,77.0,40.9,36.2,50.01,39.7,239.3,False
2025-01-13T09:16:56.603392,0.0,69.6,-62.8,40.2,50.02,53.6,236.0,False
2025-01-13T09:16:56.756046,1.0,49.9,-53.7,31.1,50.02,31.9,238.1,False
2025-01-13T09:16:56.898636,2.0,39.6,82.5,37.9,50.01,26.9,239.6,False
2025-01-13T09:17:08.603820,0.0,96.8,-9.8,41.3,50.03,50.1,236.0,False
2025-01-13T09:17:08.740028,1.0,95.0,-38.8,43.1,50.02,61.7,238.1,False
2025-01-13T09:17:08.874536,2.0,77.0,40.9,36.2,50.01,52.8,239.6,False
2025-01-13T09:17:20.605896,0.0,58.2,-49.9,32.5,50.03,53.9,236.1,False
2025-01-13T09:17:20.755458,1.0,95.0,-38.8,43.1,50.02,30.9,238.2,False
2025-01-13T09:17:20.895983,2.0,77.0,40.9,36.2,50.03,26.4,239.7,False
2025-01-13T09:17:32.606370,0.0,122.5,-9.8,52.3,50.02,51.6,235.9,False
2025-01-13T09:17:32.742589,1.0,95.0,-38.8,43.1,50.02,72.2,238.0,False
2025-01-13T09:17:32.885242,2.0,77.0,40.9,36.2,50.03,64.3,239.4,False
2025-01-13T09:17:56.642146,1.0,95.0,-38.8,43.1,50.04,59.8,238.1,False
2025-01-13T09:18:08.604038,0.0,50.7,3.8,21.6,50.05,52.0,236.1,False
2025-01-13T09:18:08.736568,1.0,48.4,-0.8,20.4,50.03,50.9,238.2,False
2025-01-13T09:18:08.870676,2.0,77.0,40.9,36.2,50.03,43.1,239.7,False
2025-01-13T09:18:20.605256,0.0,124.0,-9.8,52.8,50.02,52.1,236.0,False
2025-01-13T09:18:20.730858,1.0,95.0,-38.8,43.1,50.05,81.0,238.1,False
2025-01-13T09:18:20.855067,2.0,77.0,40.9,36.2,50.03,73.3,239.6,False
2025-01-13T09:18:32.605993,0.0,96.8,-11.3,41.4,50.02,51.6,236.1,False
2025-01-13T09:18:32.738790,1.0,95.0,-38.8,43.1,50.02,58.4,238.1,False
2025-01-13T09:18:32.869787,2.0,77.0,40.9,36.2,50.04,52.0,239.7,False
2025-01-13T09:19:08.686032,1.0,41.6,-3.0,17.5,50.04,43.6,238.1,False
2025-01-13T09:19:08.821427,2.0,40.1,5.3,16.9,50.03,37.4,239.6,False
2025-01-13T09:19:32.607497,0.0,42.4,-4.5,18.0,50.06,53.7,236.0,False
2025-01-13T09:19:32.744070,1.0,40.8,-0.8,17.2,50.06,31.2,238.1,False
2025-01-13T09:19:32.874543,2.0,37.8,1.5,15.8,50.04,28.9,239.7,False
2025-01-13T09:19:33.013246,0.0,91.5,-8.3,39.1,50.04,51.7,235.8,False
2025-01-13T09:19:33.140497,1.0,95.0,-38.8,43.1,50.04,63.2,238.0,False
2025-01-13T09:19:33.257528,2.0,77.0,40.9,36.2,50.04,56.6,239.5,False
2025-01-13T09:19:44.664322,0.0,133.9,-93.8,69.1,50.05,54.1,235.6,False
2025-01-13T09:19:44.800854,1.0,95.0,-38.8,43.1,50.04,32.9,237.8,False
2025-01-13T09:19:44.945523,2.0,77.0,40.9,36.2,50.05,30.5,239.3,False
2025-01-13T09:19:45.100517,0.0,51.4,-82.4,41.3,50.05,54.1,235.6,False
2025-01-13T09:19:45.240674,1.0,95.0,-38.8,43.1,50.04,33.2,237.7,False
2025-01-13T09:19:45.369356,1.0,95.0,-38.8,43.1,50.04,33.2,237.7,False
2025-01-13T09:19:45.498082,2.0,77.0,40.9,36.2,50.05,30.1,239.2,False
2025-01-13T09:19:56.606226,0.0,119.5,-11.3,50.7,50.04,51.6,235.8,False
2025-01-13T09:19:56.704799,1.0,95.0,-38.8,43.1,50.04,68.3,237.8,False
2025-01-13T09:19:56.799602,2.0,68.4,143.7,66.3,50.05,61.7,239.4,False
2025-01-13T09:20:20.612240,0.0,83.9,-5.3,35.7,50.06,52.7,235.9,False
2025-01-13T09:20:20.741769,1.0,95.0,-38.8,43.1,50.06,42.9,237.8,False
2025-01-13T09:20:20.876399,2.0,77.0,40.9,36.2,50.05,37.8,239.5,False
2025-01-13T09:20:21.007697,0.0,83.2,-6.1,35.3,50.03,52.4,235.9,False
2025-01-13T09:20:21.141974,1.0,95.0,-38.8,43.1,50.04,72.2,237.9,False
2025-01-13T09:20:21.280256,2.0,77.0,40.9,36.2,50.04,65.7,239.5,False
2025-01-13T09:20:32.611316,0.0,49.2,-6.8,21.0,50.05,53.9,235.9,False
2025-01-13T09:20:32.741742,1.0,95.0,-38.8,43.1,50.05,45.2,238.0,False
2025-01-13T09:20:32.862229,2.0,77.0,40.9,36.2,50.04,39.3,239.5,False
2025-01-13T09:20:44.613944,0.0,40.1,-3.0,17.0,50.03,54.6,235.9,False
2025-01-13T09:20:44.752478,1.0,41.6,-3.8,17.5,50.03,31.3,237.9,False
2025-01-13T09:20:44.910228,2.0,68.4,143.7,66.3,50.04,29.0,239.5,False
2025-01-13T09:21:08.614182,0.0,55.2,-6.1,23.2,50.04,51.4,236.2,False
2025-01-13T09:21:08.776393,1.0,95.0,-38.8,43.1,50.04,50.8,238.2,False
2025-01-13T09:21:08.937703,2.0,77.0,40.9,36.2,50.02,45.5,239.7,False
2025-01-13T09:21:20.615152,0.0,54.5,-6.8,23.2,50.04,54.9,236.2,False
2025-01-13T09:21:20.778019,1.0,95.0,-38.8,43.1,50.05,31.4,238.1,False
2025-01-13T09:21:20.925426,2.0,77.0,40.9,36.2,50.05,28.8,239.7,False
2025-01-13T09:24:20.614389,0.0,25.7,-42.4,21.2,50.05,53.9,236.3,False
2025-01-13T09:24:20.754799,1.0,5.3,-40.1,17.2,50.04,31.5,238.4,False
2025-01-13T09:24:20.940758,2.0,9.1,-37.8,16.5,50.04,27.3,240.0,False
2025-01-13T09:25:44.615503,0.0,97.6,-59.0,48.5,50.05,51.8,236.1,False
2025-01-13T09:25:44.750124,1.0,95.0,-38.8,43.1,50.03,54.4,238.2,False
2025-01-13T09:25:44.913827,2.0,77.0,40.9,36.2,50.04,45.6,239.8,False
2025-01-13T09:26:08.615542,0.0,58.2,-10.6,24.9,50.03,51.1,236.3,False
2025-01-13T09:26:08.752485,0.0,47.6,-9.1,20.4,50.03,51.8,236.2,False
2025-01-13T09:26:32.617494,0.0,38.6,-6.1,16.6,50.06,53.8,236.3,False
2025-01-13T09:26:32.804351,1.0,95.0,-38.8,43.1,50.05,31.7,238.4,False
2025-01-13T09:26:32.960717,2.0,77.0,40.9,36.2,50.06,27.5,239.9,False
2025-01-13T09:26:56.615432,0.0,46.1,-51.4,29.3,50.06,50.8,236.3,False
2025-01-13T09:26:56.753763,0.0,87.0,-70.3,47.6,50.06,49.5,236.1,False
2025-01-13T09:26:56.910637,1.0,95.0,-38.8,43.1,50.06,62.7,238.2,False
2025-01-13T09:26:57.072149,2.0,77.0,40.9,36.2,50.05,55.1,239.8,False
2025-01-13T09:27:08.722010,1.0,94.3,-37.9,42.9,50.06,75.1,238.1,False
2025-01-13T09:27:08.879615,2.0,39.6,82.5,37.9,50.06,67.4,239.8,False
2025-01-13T09:27:09.017477,1.0,95.0,-38.8,43.1,50.06,58.9,238.3,False
2025-01-13T09:27:09.188646,2.0,77.0,40.9,36.2,50.06,51.5,240.0,False
2025-01-13T09:27:09.369237,1.0,95.0,-38.8,43.1,50.06,71.0,238.3,False
2025-01-13T09:27:09.506026,2.0,77.0,40.9,36.2,50.06,62.7,239.9,False
2025-01-13T09:27:20.714062,0.0,109.7,-12.9,46.8,50.05,51.6,236.3,False
2025-01-13T09:27:20.897493,1.0,95.0,-38.8,43.1,50.05,47.3,238.2,False
2025-01-13T09:27:21.098999,2.0,77.0,40.9,36.2,50.05,39.3,239.9,False
2025-01-13T09:27:21.291051,1.0,94.3,-37.9,42.9,50.04,31.7,238.1,False
2025-01-13T09:27:21.508357,0.0,43.1,80.2,39.0,50.05,53.7,235.8,False
2025-01-13T09:27:44.680883,0.0,105.9,-16.6,45.1,50.05,51.2,236.2,False
2025-01-13T09:27:44.825741,1.0,95.0,-38.8,43.1,50.06,65.1,238.2,False
2025-01-13T09:27:44.962204,2.0,77.0,40.9,36.2,50.06,55.7,239.8,False
2025-01-13T09:27:45.107831,0.0,116.5,-1.5,49.4,50.05,55.9,236.2,False
2025-01-13T09:27:45.248276,1.0,94.3,-37.9,42.9,50.05,91.3,238.1,False
2025-01-13T09:27:45.378311,2.0,68.4,143.7,66.3,50.05,83.0,239.8,False
2025-01-13T09:27:56.619031,0.0,87.7,-8.3,37.4,50.04,50.9,236.2,False
2025-01-13T09:27:56.765760,1.0,95.0,-38.8,43.1,50.05,58.1,238.2,False
2025-01-13T09:27:56.888801,2.0,77.0,40.9,36.2,50.04,49.7,239.9,False
2025-01-13T09:28:32.625997,0.0,94.5,-12.9,40.3,50.06,48.4,236.3,False
2025-01-13T09:28:44.620406,0.0,37.1,-2.3,15.8,50.04,49.7,236.4,False
2025-01-13T09:28:56.622805,0.0,78.7,-9.1,33.7,50.04,50.1,236.6,False
2025-01-13T09:28:56.770749,1.0,94.3,-37.9,42.9,50.04,45.4,238.6,False
2025-01-13T09:28:56.905895,2.0,39.6,82.5,37.9,50.05,39.1,240.3,False
2025-01-13T09:29:08.704485,1.0,43.1,-3.0,18.1,50.04,31.3,238.3,False
2025-01-13T09:29:08.845422,2.0,68.4,143.7,66.3,50.04,27.4,240.0,False
2025-01-13T09:29:32.625455,0.0,86.2,-3.0,36.9,50.04,50.3,235.9,False
2025-01-13T09:29:32.794819,1.0,95.0,-38.8,43.1,50.05,60.5,237.9,False
2025-01-13T09:29:32.973157,2.0,77.0,40.9,36.2,50.04,54.1,239.5,False
2025-01-13T09:29:44.714574,1.0,94.3,-37.9,42.9,50.04,71.4,238.3,False
2025-01-13T09:29:44.889817,2.0,39.6,82.5,37.9,50.03,63.9,239.9,False
2025-01-13T09:29:45.050695,0.0,107.4,-9.1,45.7,50.02,51.4,236.3,False
2025-01-13T09:29:45.199472,1.0,95.0,-38.8,43.1,50.04,46.0,238.4,False
2025-01-13T09:29:45.353161,2.0,77.0,40.9,36.2,50.04,41.2,240.0,False
2025-01-13T09:30:08.724937,1.0,94.3,-37.9,42.9,50.03,30.7,238.6,False
2025-01-13T09:30:08.916589,2.0,39.6,82.5,37.9,50.03,28.6,240.2,False
2025-01-13T09:30:20.628283,0.0,90.8,-1.5,38.7,50.03,50.6,236.1,False
2025-01-13T09:30:20.787691,1.0,95.0,-38.8,43.1,50.02,59.3,238.2,False
2025-01-13T09:30:21.010338,2.0,77.0,40.9,36.2,50.03,54.8,239.9,False
2025-01-13T09:30:32.624292,0.0,125.5,-10.6,53.4,50.03,56.1,236.1,False
2025-01-13T09:30:32.757601,1.0,94.3,-37.9,42.9,50.03,92.4,238.3,False
2025-01-13T09:30:32.897833,2.0,68.4,143.7,66.3,50.03,87.6,240.0,False
2025-01-13T09:30:44.623648,0.0,138.4,-77.1,67.2,50.02,52.5,236.2,False
2025-01-13T09:30:44.759887,1.0,95.0,-38.8,43.1,50.02,77.4,238.3,False
2025-01-13T09:30:44.928775,2.0,77.0,40.9,36.2,50.02,72.2,239.9,False
2025-01-13T09:30:56.623785,0.0,42.4,-71.8,35.4,50.01,51.6,236.1,False
2025-01-13T09:30:56.742437,1.0,95.0,-38.8,43.1,50.01,71.8,238.2,False
2025-01-13T09:30:56.863085,2.0,77.0,40.9,36.2,50.02,65.9,239.8,False
2025-01-13T09:31:08.681337,0.0,121.8,-6.8,51.8,50.0,53.7,236.2,False
2025-01-13T09:31:08.823450,1.0,95.0,-38.8,43.1,50.0,32.7,238.3,False
2025-01-13T09:31:08.962814,1.0,94.3,-37.9,42.9,50.0,32.7,238.3,False
2025-01-13T09:31:09.092329,2.0,77.0,40.9,36.2,49.99,29.4,239.9,False
2025-01-13T09:31:09.217119,0.0,21.9,-35.5,17.9,50.0,54.6,236.4,False
2025-01-13T09:31:09.359061,0.0,26.5,-37.1,19.6,49.99,54.0,236.2,False
2025-01-13T09:31:20.718102,1.0,95.0,-38.8,43.1,49.99,48.8,238.3,False
2025-01-13T09:31:20.853526,2.0,77.0,40.9,36.2,49.99,41.4,239.9,False
2025-01-13T09:31:20.979736,2.0,77.0,40.9,36.2,49.99,41.4,239.9,False
2025-01-13T09:31:32.709189,1.0,94.3,-37.9,42.9,50.02,60.1,238.3,False
2025-01-13T09:31:32.867653,1.0,95.0,-38.8,43.1,50.02,60.1,238.3,False
2025-01-13T09:31:33.013861,2.0,77.0,40.9,36.2,50.01,51.0,239.9,False
2025-01-13T09:31:44.629276,0.0,37.1,-8.3,16.1,50.02,51.6,236.3,False
2025-01-13T09:31:44.768308,1.0,94.3,-37.9,42.9,50.02,44.7,238.3,False
2025-01-13T09:32:08.714573,1.0,40.1,-0.8,16.8,50.03,31.7,238.4,False
2025-01-13T09:32:08.869704,2.0,77.0,40.9,36.2,50.02,29.2,240.0,False
2025-01-13T09:32:20.665728,0.0,17.4,-80.9,35.2,50.02,51.8,236.5,False
2025-01-13T09:32:20.806175,2.0,68.4,143.7,66.3,50.02,58.8,240.1,False
2025-01-13T09:32:20.953280,0.0,71.1,-87.7,47.9,50.01,51.1,236.4,False
2025-01-13T09:32:21.092827,1.0,95.0,-38.8,43.1,50.03,64.6,238.4,False
2025-01-13T09:32:21.242080,2.0,77.0,40.9,36.2,50.01,58.5,240.1,False
2025-01-13T09:32:32.628117,0.0,133.1,-7.6,56.5,50.02,56.0,236.4,False
2025-01-13T09:32:32.757388,1.0,94.3,-37.9,42.9,50.01,91.8,238.4,False
2025-01-13T09:32:32.869356,2.0,68.4,143.7,66.3,50.02,86.0,240.0,False
2025-01-13T09:32:44.961557,0.0,96.1,-6.1,41.0,50.01,50.2,236.6,False
2025-01-13T09:32:45.093943,1.0,95.0,-38.8,43.1,50.01,69.1,238.6,False
2025-01-13T09:32:45.224824,2.0,77.0,40.9,36.2,50.0,63.2,240.3,False
2025-01-13T09:32:56.679300,0.0,110.4,-5.3,46.6,50.0,53.3,236.4,False
2025-01-13T09:32:56.806577,1.0,94.3,-37.9,42.9,50.0,31.6,238.5,False
2025-01-13T09:32:56.939416,2.0,68.4,143.7,66.3,50.0,28.8,240.1,False
2025-01-13T09:32:57.069226,0.0,120.3,-17.4,51.4,50.01,49.8,236.5,False
2025-01-13T09:32:57.206755,1.0,95.0,-38.8,43.1,50.0,62.7,238.6,False
2025-01-13T09:32:57.327173,2.0,77.0,40.9,36.2,50.0,57.1,240.2,False
2025-01-13T09:33:32.632843,0.0,71.1,-9.1,30.4,50.01,51.1,236.5,False
2025-01-13T09:34:20.635099,0.0,39.3,-7.6,16.5,49.99,52.8,236.1,False
2025-01-13T09:34:20.768725,1.0,95.0,-38.8,43.1,49.99,49.2,238.2,False
2025-01-13T09:34:32.695599,1.0,43.9,-1.5,18.5,50.0,31.5,238.8,False
2025-01-13T09:34:32.817195,2.0,77.0,40.9,36.2,50.0,28.6,240.4,False
2025-01-13T09:34:44.633973,0.0,90.0,-8.3,38.2,50.01,50.1,236.6,False
2025-01-13T09:34:44.765364,1.0,95.0,-38.8,43.1,50.0,63.0,238.7,False
2025-01-13T09:34:44.888401,2.0,77.0,40.9,36.2,50.01,57.1,240.4,False
2025-01-13T09:35:08.642184,0.0,65.8,-6.1,28.1,50.01,53.9,236.4,False
2025-01-13T09:35:08.790794,1.0,94.3,-37.9,42.9,50.0,82.9,238.5,False
2025-01-13T09:35:08.945234,2.0,39.6,82.5,37.9,50.01,75.6,240.2,False
2025-01-13T09:35:20.633381,0.0,115.7,-6.8,49.3,50.0,51.9,236.7,False
2025-01-13T09:35:20.764255,1.0,95.0,-38.8,43.1,50.01,46.8,238.9,False
2025-01-13T09:35:20.886683,2.0,77.0,40.9,36.2,50.01,40.8,240.5,False
2025-01-13T09:35:32.712658,1.0,94.3,-37.9,42.9,50.01,31.7,239.0,False
2025-01-13T09:35:32.854090,2.0,39.6,82.5,37.9,50.02,29.5,240.6,False
2025-01-13T09:35:44.703983,0.0,81.7,-5.3,34.6,50.0,49.3,236.9,False
2025-01-13T09:35:44.885603,1.0,95.0,-38.8,43.1,50.01,63.3,239.0,False
2025-01-13T09:35:45.057052,2.0,77.0,40.9,36.2,50.01,57.7,240.6,False
2025-01-13T09:35:45.199453,0.0,82.4,-6.8,34.8,50.01,53.1,236.7,False
2025-01-13T09:35:45.346631,1.0,95.0,-38.8,43.1,50.01,31.2,238.8,False
2025-01-13T09:35:45.478176,2.0,77.0,40.9,36.2,50.02,29.2,240.4,False
2025-01-13T09:35:56.633994,0.0,56.7,-9.1,24.4,50.01,52.1,236.6,False
2025-01-13T09:36:08.635130,0.0,79.4,-16.6,34.4,50.02,54.1,236.7,False
2025-01-13T09:39:08.696360,1.0,0.0,-1.5,0.1,50.03,31.2,238.3,False
2025-01-13T09:39:08.837482,2.0,0.0,0.8,0.1,50.02,30.3,240.0,False
2025-01-13T09:42:08.622818,0.0,0.8,0.0,0.3,50.03,54.7,236.4,False
2025-01-13T09:42:08.762298,1.0,0.8,-1.5,0.9,50.03,30.8,238.5,False
2025-01-13T09:42:08.904286,2.0,0.8,-1.5,0.7,50.03,29.3,240.1,False
2025-01-13T09:45:08.623046,0.0,4.5,-1.5,1.9,50.05,54.8,236.7,False
2025-01-13T09:45:08.760228,1.0,0.0,-0.0,0.1,50.05,30.1,238.7,False
2025-01-13T09:45:08.902895,2.0,0.8,-2.3,0.9,50.05,27.6,240.3,False
2025-01-13T09:46:44.642566,0.0,49.2,-8.3,21.2,50.0,51.7,236.4,False
2025-01-13T09:46:44.783966,1.0,95.0,-38.8,43.1,49.99,47.2,238.5,False
2025-01-13T09:46:44.928256,2.0,77.0,40.9,36.2,50.0,40.9,240.1,False
2025-01-13T09:46:56.638467,0.0,74.9,-6.1,31.9,49.99,53.0,236.3,False
2025-01-13T09:46:56.766364,1.0,94.3,-37.9,42.9,49.99,75.3,238.5,False
2025-01-13T09:46:56.893591,2.0,57.4,120.5,55.5,49.99,68.0,240.0,False
2025-01-13T09:47:08.640148,0.0,56.7,-3.8,24.3,50.0,52.2,236.5,False
2025-01-13T09:47:08.777739,1.0,95.0,-38.8,43.1,49.99,58.7,238.7,False
2025-01-13T09:47:08.908457,2.0,77.0,40.9,36.2,49.98,50.8,240.3,False
2025-01-13T09:47:20.641067,0.0,35.5,-4.5,15.2,50.01,52.3,236.5,False
2025-01-13T09:47:20.765107,1.0,94.3,-37.9,42.9,50.01,45.6,238.6,False
2025-01-13T09:47:32.708814,1.0,45.4,-2.3,19.1,50.01,30.8,238.7,False
2025-01-13T09:47:32.857634,2.0,57.4,120.5,55.5,50.02,26.9,240.3,False
2025-01-13T09:47:44.641554,0.0,40.8,-49.9,27.3,50.0,53.9,236.5,False
2025-01-13T09:47:44.789366,1.0,4.5,-40.1,16.9,50.0,31.8,238.7,False
2025-01-13T09:47:44.921835,2.0,9.1,-40.8,17.4,50.0,27.7,240.2,False
2025-01-13T09:47:45.047554,0.0,76.4,15.1,33.0,50.0,49.8,236.5,False
2025-01-13T09:47:45.178636,1.0,95.0,-38.8,43.1,49.99,61.3,238.6,False
2025-01-13T09:47:45.306567,2.0,77.0,40.9,36.2,49.99,52.9,240.1,False
2025-01-13T09:47:56.668083,0.0,51.4,-71.1,37.3,50.01,51.0,236.4,False
2025-01-13T09:47:56.809971,1.0,94.3,-37.9,42.9,50.01,61.9,238.6,False
2025-01-13T09:47:56.951038,2.0,246.2,684.8,302.2,50.01,54.5,240.1,False
2025-01-13T09:47:57.094986,2.0,246.2,684.8,302.2,50.01,54.5,240.1,False
2025-01-13T09:47:57.228297,0.0,36.3,-37.8,22.4,50.01,50.8,236.6,False
2025-01-13T09:48:08.642140,0.0,25.7,-34.0,18.1,50.02,52.3,236.5,False
2025-01-13T09:48:08.779019,1.0,95.0,-38.8,43.1,50.01,46.6,238.6,False
2025-01-13T09:48:08.920948,2.0,77.0,40.9,36.2,50.02,39.8,240.2,False
2025-01-13T09:48:20.642998,0.0,52.2,-0.8,22.0,50.03,50.4,236.6,False
2025-01-13T09:48:20.772377,1.0,95.0,-38.8,43.1,50.02,59.2,238.6,False
2025-01-13T09:48:20.893022,1.0,95.0,-38.8,43.1,50.02,59.2,238.6,False
2025-01-13T09:48:21.016218,2.0,77.0,40.9,36.2,50.02,52.2,240.2,False
2025-01-13T09:48:56.643983,0.0,74.9,-9.1,32.2,50.0,54.0,236.3,False
2025-01-13T09:48:56.773251,1.0,95.0,-38.8,43.1,49.99,82.1,238.4,False
2025-01-13T09:48:56.895358,2.0,42.7,84.8,39.6,50.0,75.5,240.0,False
2025-01-13T09:49:08.656214,0.0,100.6,-5.3,42.7,50.0,52.1,236.4,False
2025-01-13T09:49:08.817241,1.0,95.0,-38.8,43.1,50.0,59.9,238.4,False
2025-01-13T09:49:09.012027,2.0,77.0,40.9,36.2,49.99,51.4,240.0,False
2025-01-13T09:49:44.730399,1.0,94.3,-37.9,42.9,49.99,45.6,238.4,False
2025-01-13T09:49:44.869613,2.0,42.7,84.8,39.6,49.99,37.6,240.0,False
2025-01-13T09:50:08.697581,1.0,42.4,-0.8,17.8,50.0,30.8,238.4,False
2025-01-13T09:50:20.647321,0.0,86.2,-7.6,36.8,50.01,51.8,236.3,False
2025-01-13T09:50:20.766943,1.0,95.0,-38.8,43.1,50.01,64.5,238.3,False
2025-01-13T09:50:20.898572,2.0,77.0,40.9,36.2,50.01,57.5,239.9,False
2025-01-13T09:50:32.645556,0.0,54.5,-3.0,23.2,50.02,52.6,236.4,False
2025-01-13T09:50:32.760121,1.0,95.0,-38.8,43.1,50.02,46.1,238.5,False
2025-01-13T09:50:32.868763,2.0,77.0,40.9,36.2,50.0,40.8,240.0,False
2025-01-13T09:50:44.649431,0.0,94.5,-2.3,40.0,50.03,50.7,236.4,False
2025-01-13T09:50:44.809889,1.0,95.0,-38.8,43.1,50.01,68.5,238.4,False
2025-01-13T09:50:45.034740,2.0,77.0,40.9,36.2,50.02,62.3,240.0,False
2025-01-13T09:50:56.645866,0.0,88.5,-5.3,37.6,50.03,52.7,236.5,False
2025-01-13T09:50:56.785286,1.0,95.0,-38.8,43.1,50.03,43.3,238.5,False
2025-01-13T09:50:56.919519,2.0,77.0,40.9,36.2,50.02,38.0,240.1,False
2025-01-13T09:51:08.655935,0.0,48.4,-3.8,20.6,50.04,50.9,236.4,False
2025-01-13T09:51:08.843577,1.0,95.0,-38.8,43.1,50.03,61.6,238.5,False
2025-01-13T09:51:09.004357,2.0,77.0,40.9,36.2,50.03,55.7,240.0,False
2025-01-13T09:52:08.647653,0.0,49.2,-2.3,20.8,50.03,51.9,236.4,False
2025-01-13T09:52:08.771322,1.0,95.0,-38.8,43.1,50.03,48.9,238.4,False
2025-01-13T09:52:08.911792,2.0,77.0,40.9,36.2,50.03,42.9,239.9,False
2025-01-13T09:52:20.650531,0.0,31.0,-35.5,20.1,50.02,51.9,236.5,False
2025-01-13T09:53:08.649067,0.0,79.4,-39.3,37.5,50.02,51.3,236.4,False
2025-01-13T09:53:08.804458,1.0,95.0,-38.8,43.1,50.02,64.7,238.6,False
2025-01-13T09:53:08.949822,2.0,77.0,40.9,36.2,50.02,58.2,240.2,False
2025-01-13T09:53:20.647740,0.0,75.6,-3.8,32.2,50.05,53.9,236.6,False
2025-01-13T09:53:20.773603,1.0,95.0,-38.8,43.1,50.03,31.1,238.7,False
2025-01-13T09:53:20.908972,2.0,77.0,40.9,36.2,50.03,27.0,240.3,False
2025-01-13T09:53:32.652526,0.0,114.2,-8.3,48.5,50.02,52.1,236.5,False
2025-01-13T09:53:32.781766,1.0,95.0,-38.8,43.1,50.02,73.3,238.6,False
2025-01-13T09:53:32.908235,2.0,77.0,40.9,36.2,50.03,66.9,240.1,False
2025-01-13T09:53:44.650714,0.0,86.2,-4.5,36.6,50.05,55.9,236.4,False
2025-01-13T09:53:44.783226,1.0,94.3,-37.9,42.9,50.05,92.7,238.6,False
2025-01-13T09:53:44.912397,2.0,57.4,120.5,55.5,50.03,87.6,240.2,False
2025-01-13T09:53:56.651693,0.0,153.5,-43.1,67.5,50.04,51.1,236.5,False
2025-01-13T09:53:56.794503,1.0,95.0,-38.8,43.1,50.03,63.5,238.6,False
2025-01-13T09:53:56.932349,2.0,77.0,40.9,36.2,50.04,56.2,240.2,False
2025-01-13T09:53:57.061353,0.0,23.4,-37.1,18.6,50.05,50.9,236.5,False
2025-01-13T09:54:08.651781,0.0,45.4,-6.8,19.4,50.04,52.4,236.4,False
2025-01-13T09:54:08.787172,1.0,94.3,-37.9,42.9,50.02,44.9,238.5,False
2025-01-13T09:54:08.916438,2.0,57.4,120.5,55.5,50.02,40.5,240.1,False
2025-01-13T09:54:20.654999,0.0,113.4,-6.1,48.2,50.05,52.8,236.3,False
2025-01-13T09:54:20.783810,1.0,95.0,-38.8,43.1,50.04,79.9,238.5,False
2025-01-13T09:54:20.918034,2.0,77.0,40.9,36.2,50.05,74.8,240.1,False
2025-01-13T09:54:32.650384,0.0,83.9,-3.8,35.6,50.03,50.8,236.3,False
2025-01-13T09:54:32.760144,1.0,95.0,-38.8,43.1,50.04,56.3,238.5,False
2025-01-13T09:54:32.869585,2.0,77.0,40.9,36.2,50.03,51.3,240.1,False
2025-01-13T09:55:08.740079,1.0,38.6,-0.0,16.2,50.04,45.6,238.6,False
2025-01-13T09:55:08.907638,2.0,37.1,1.5,15.5,50.04,40.9,240.2,False
2025-01-13T09:55:09.106296,0.0,24.2,-37.1,18.8,50.04,51.8,236.5,False
2025-01-13T09:55:32.657004,0.0,85.5,-39.3,39.6,50.02,49.9,236.6,False
2025-01-13T09:55:32.806141,1.0,95.0,-38.8,43.1,50.02,61.3,238.8,False
2025-01-13T09:55:32.942240,2.0,77.0,40.9,36.2,50.02,56.4,240.4,False
2025-01-13T09:55:56.658529,0.0,46.9,-18.9,21.4,50.02,54.6,236.6,False
2025-01-13T09:55:56.780052,1.0,95.0,-38.8,43.1,50.01,31.5,238.9,False
2025-01-13T09:55:56.908570,2.0,77.0,40.9,36.2,50.02,29.4,240.5,False
2025-01-13T09:56:08.662375,0.0,130.1,-24.2,55.9,50.03,51.6,236.7,False
2025-01-13T09:56:08.795836,1.0,95.0,-38.8,43.1,50.03,72.8,238.9,False
2025-01-13T09:56:08.937497,2.0,77.0,40.9,36.2,50.03,68.2,240.6,False
2025-01-13T09:56:20.658228,0.0,87.0,-5.3,36.9,50.02,51.7,236.8,False
2025-01-13T09:56:20.818837,1.0,95.0,-38.8,43.1,50.02,44.0,239.0,False
2025-01-13T09:56:20.959987,2.0,77.0,40.9,36.2,50.02,39.8,240.6,False
2025-01-13T09:56:32.731050,1.0,95.0,-38.8,43.1,50.03,71.7,238.9,False
2025-01-13T09:56:32.897811,2.0,77.0,40.9,36.2,50.03,67.7,240.4,False
2025-01-13T09:56:33.030394,0.0,34.0,-59.7,29.0,50.02,51.8,236.5,False
2025-01-13T09:56:33.158087,1.0,95.0,-38.8,43.1,50.03,62.5,238.7,False
2025-01-13T09:56:33.291291,2.0,77.0,40.9,36.2,50.03,58.3,240.4,False
2025-01-13T09:56:44.664378,0.0,89.2,-6.8,38.0,50.02,53.9,236.7,False
2025-01-13T09:56:44.807470,1.0,95.3,-6.8,40.1,50.02,31.7,238.9,False
2025-01-13T09:56:44.955857,2.0,93.0,9.8,39.0,50.03,28.9,240.5,False
2025-01-13T09:56:45.108592,0.0,62.8,-65.8,38.5,50.02,53.7,236.7,False
2025-01-13T09:56:45.263722,1.0,95.0,-38.8,43.1,50.02,31.1,238.9,False
2025-01-13T09:56:45.418674,1.0,95.0,-38.8,43.1,50.02,31.1,238.9,False
2025-01-13T09:56:45.560722,2.0,77.0,40.9,36.2,50.03,29.2,240.4,False
2025-01-13T09:57:32.742896,1.0,95.0,-38.8,43.1,50.02,52.7,238.7,False
2025-01-13T09:57:32.863723,2.0,39.6,82.5,37.9,50.02,47.3,240.4,False
2025-01-13T09:57:44.664070,0.0,59.0,-9.1,25.0,50.02,54.1,236.3,False
2025-01-13T09:57:44.815067,1.0,95.0,-38.8,43.1,50.01,31.2,238.4,False
2025-01-13T09:57:44.958548,2.0,77.0,40.9,36.2,50.02,30.3,240.1,False
2025-01-13T09:58:08.729941,0.0,63.5,-7.6,26.9,50.02,53.9,236.5,False
2025-01-13T09:58:08.870960,1.0,95.0,-38.8,43.1,50.03,59.3,238.6,False
2025-01-13T09:58:09.012764,2.0,77.0,40.9,36.2,50.02,55.4,240.3,False
2025-01-13T09:58:09.157845,0.0,91.5,-53.7,45.1,50.03,53.6,236.6,False
2025-01-13T09:58:09.298687,1.0,95.0,-38.8,43.1,50.03,30.9,238.8,False
2025-01-13T09:58:09.442027,2.0,77.0,40.9,36.2,50.02,29.3,240.5,False
2025-01-13T09:58:09.581370,0.0,29.5,-49.2,24.1,50.03,53.1,236.7,False
2025-01-13T09:58:09.746293,1.0,95.0,-38.8,43.1,50.02,31.6,238.8,False
2025-01-13T09:58:09.885256,1.0,95.0,-38.8,43.1,50.02,31.6,238.8,False
2025-01-13T09:58:10.032673,2.0,77.0,40.9,36.2,50.03,28.3,240.6,False
2025-01-13T09:58:10.168455,2.0,77.0,40.9,36.2,50.03,28.3,240.6,False
2025-01-13T10:01:08.652281,0.0,1.5,0.8,0.8,50.0,54.5,236.8,False
2025-01-13T10:01:08.820058,1.0,0.0,-1.5,0.5,50.01,31.6,238.9,False
2025-01-13T10:01:09.027982,2.0,0.8,1.5,0.7,50.01,30.4,240.5,False
2025-01-13T10:04:08.649612,0.0,1.5,-6.8,2.3,49.95,55.7,236.3,False
2025-01-13T10:04:08.796033,1.0,1.5,-0.8,1.0,49.94,33.1,238.5,False
2025-01-13T10:04:08.939642,2.0,4.5,2.3,2.0,49.94,32.6,240.1,False
2025-01-13T10:05:20.667343,0.0,56.0,-6.8,23.6,49.96,54.2,236.6,False
2025-01-13T10:05:20.822171,1.0,95.0,-38.8,43.1,49.97,50.7,238.7,False
2025-01-13T10:05:20.971106,2.0,77.0,40.9,36.2,49.96,47.9,240.3,False
2025-01-13T10:05:32.665228,0.0,41.6,-1.5,17.7,49.97,54.6,236.8,False
2025-01-13T10:05:32.807818,1.0,95.0,-38.8,43.1,49.97,32.3,238.8,False
2025-01-13T10:05:32.951022,2.0,77.0,40.9,36.2,49.97,31.5,240.4,False
2025-01-13T10:05:44.666897,0.0,46.1,-8.3,19.8,49.97,53.1,236.7,False
2025-01-13T10:05:44.815707,1.0,95.0,-38.8,43.1,49.97,56.1,238.7,False
2025-01-13T10:05:45.028155,2.0,246.2,684.8,302.2,49.97,23.6,239.7,False
2025-01-13T10:06:20.671473,0.0,52.2,-9.1,22.3,49.98,54.6,236.6,False
2025-01-13T10:06:20.803842,1.0,95.0,-38.8,43.1,49.99,32.3,238.6,False
2025-01-13T10:06:20.962531,2.0,39.6,82.5,37.9,49.98,14.9,239.6,False
2025-01-13T10:06:56.665266,0.0,85.5,-8.3,36.2,49.98,52.5,236.7,False
2025-01-13T10:06:56.794138,1.0,95.0,-38.8,43.1,49.98,65.1,238.7,False
2025-01-13T10:06:56.929298,2.0,77.0,40.9,36.2,49.98,27.9,239.8,False
2025-01-13T10:07:08.762472,0.0,49.9,0.8,21.3,49.99,52.3,237.1,False
2025-01-13T10:07:08.918388,1.0,95.0,-38.8,43.1,49.99,32.1,238.8,False
2025-01-13T10:07:09.054437,2.0,77.0,40.9,36.2,50.0,14.4,239.9,False
2025-01-13T10:07:32.669177,0.0,76.4,-6.8,32.4,49.98,51.7,236.8,False
2025-01-13T10:07:32.802541,1.0,95.0,-38.8,43.1,49.99,65.3,238.8,False
2025-01-13T10:07:32.940034,2.0,77.0,40.9,36.2,49.99,27.5,239.8,False
2025-01-13T10:07:44.670374,0.0,56.7,-2.3,24.1,49.98,51.9,236.9,False
2025-01-13T10:07:44.801459,1.0,95.0,-38.8,43.1,49.98,47.6,238.9,False
2025-01-13T10:07:44.957392,2.0,77.0,40.9,36.2,49.98,20.2,239.9,False
2025-01-13T10:08:44.682330,0.0,70.3,-66.6,40.7,49.99,54.5,236.7,False
2025-01-13T10:08:44.851060,1.0,49.2,-51.4,29.7,49.99,33.5,238.8,False
2025-01-13T10:08:45.006552,2.0,246.2,684.8,302.2,49.98,15.1,239.8,False
2025-01-13T10:09:20.674519,0.0,94.5,-71.8,49.7,49.99,51.9,237.1,False
2025-01-13T10:09:20.808442,1.0,95.0,-38.8,43.1,50.0,53.8,239.1,False
2025-01-13T10:09:20.946596,2.0,77.0,40.9,36.2,49.99,22.1,240.1,False
2025-01-13T10:09:32.668983,0.0,87.0,-3.8,36.8,50.01,53.9,236.8,False
2025-01-13T10:09:32.835969,1.0,94.3,-37.9,42.9,50.02,85.6,238.8,False
2025-01-13T10:09:32.960638,2.0,57.4,120.5,55.5,50.01,37.0,239.8,False
2025-01-13T10:09:56.670456,0.0,44.6,9.1,19.2,50.01,54.6,237.1,False
2025-01-13T10:09:56.765794,1.0,95.0,-38.8,43.1,50.01,30.9,239.0,False
2025-01-13T10:09:56.897743,1.0,94.3,-37.9,42.9,50.01,30.9,239.0,False
2025-01-13T10:09:57.003976,2.0,77.0,40.9,36.2,50.02,13.1,240.0,False
2025-01-13T10:10:08.695049,0.0,53.7,-8.3,22.9,50.02,51.5,237.1,False
2025-01-13T10:10:08.832319,1.0,95.0,-38.8,43.1,50.02,53.2,239.1,False
2025-01-13T10:10:08.971440,2.0,77.0,40.9,36.2,50.02,21.1,240.0,False
2025-01-13T10:10:32.667561,0.0,56.7,-9.8,24.3,50.03,53.8,237.1,False
2025-01-13T10:10:32.788365,1.0,95.0,-38.8,43.1,50.03,30.9,239.0,False
2025-01-13T10:10:32.904964,2.0,77.0,40.9,36.2,50.02,14.1,240.0,False
2025-01-13T10:10:44.695120,2.0,57.4,120.5,55.5,50.02,29.0,240.6,False
2025-01-13T10:11:20.760948,1.0,95.0,-38.8,43.1,50.01,45.3,239.0,False
2025-01-13T10:11:20.892539,2.0,77.0,40.9,36.2,50.01,40.6,240.6,False
2025-01-13T10:11:21.008902,0.0,6.1,-59.7,25.4,50.01,51.6,237.0,False
2025-01-13T10:11:21.152570,1.0,95.0,-38.8,43.1,50.02,57.5,238.9,False
2025-01-13T10:11:21.295943,2.0,77.0,40.9,36.2,50.01,52.7,240.5,False
2025-01-13T10:11:44.733130,0.0,9.1,-46.9,20.2,50.0,52.4,237.0,False
2025-01-13T10:11:44.870230,1.0,95.0,-38.8,43.1,50.0,46.1,239.0,False
2025-01-13T10:11:45.010485,2.0,77.0,40.9,36.2,50.01,42.0,240.5,False
2025-01-13T10:11:45.149289,0.0,56.7,-83.9,42.7,50.0,52.2,236.9,False
2025-01-13T10:11:45.286022,1.0,95.0,-38.8,43.1,49.99,45.9,238.9,False
2025-01-13T10:11:45.414963,2.0,77.0,40.9,36.2,50.0,40.9,240.5,False
2025-01-13T10:11:45.556823,0.0,61.3,-84.7,44.1,50.0,52.7,236.9,False
2025-01-13T10:11:45.694448,1.0,95.0,-38.8,43.1,49.99,45.9,239.0,False
2025-01-13T10:11:45.822985,2.0,77.0,40.9,36.2,50.0,41.8,240.5,False
2025-01-13T10:12:08.684327,0.0,83.2,-4.5,35.3,49.98,52.7,236.8,False
2025-01-13T10:12:08.843451,1.0,94.3,-37.9,42.9,49.99,73.5,238.8,False
2025-01-13T10:12:08.986504,2.0,80.1,177.4,81.0,49.98,64.5,240.3,False
2025-01-13T10:12:20.673933,0.0,45.4,-61.3,32.2,49.99,53.1,236.8,False
2025-01-13T10:12:20.818569,1.0,95.0,-38.8,43.1,49.99,73.7,238.8,False
2025-01-13T10:12:20.951887,2.0,77.0,40.9,36.2,50.0,63.6,240.3,False
2025-01-13T10:12:32.676095,0.0,49.2,-56.0,31.4,49.99,53.4,237.0,False
2025-01-13T10:12:32.801103,1.0,94.3,-37.9,42.9,50.0,47.2,239.0,False
2025-01-13T10:12:32.919990,2.0,80.1,177.4,81.0,49.99,41.8,240.4,False
2025-01-13T10:12:56.676611,0.0,101.3,-9.1,43.0,50.0,53.1,237.0,False
2025-01-13T10:12:56.796958,1.0,95.0,-38.8,43.1,50.0,75.5,239.0,False
2025-01-13T10:12:56.910648,2.0,77.0,40.9,36.2,50.0,61.5,240.4,False
2025-01-13T10:13:08.676819,0.0,60.5,-1.5,25.7,50.03,51.7,237.2,False
2025-01-13T10:13:08.796755,1.0,95.0,-38.8,43.1,50.03,59.0,239.2,False
2025-01-13T10:13:08.922895,2.0,77.0,40.9,36.2,50.03,48.4,240.6,False
2025-01-13T10:13:20.675602,0.0,36.3,-6.1,15.4,50.02,52.6,237.0,False
2025-01-13T10:13:20.798398,1.0,47.6,-3.0,19.9,50.02,44.1,239.1,False
2025-01-13T10:13:20.920528,2.0,53.7,5.3,22.4,50.03,38.7,240.5,False
2025-01-13T10:13:44.764334,1.0,95.0,-38.8,43.1,50.02,55.8,239.2,False
2025-01-13T10:13:44.903403,2.0,77.0,40.9,36.2,50.03,45.8,240.6,False
2025-01-13T10:14:08.700859,2.0,77.0,40.9,36.2,50.02,41.1,240.3,False
2025-01-13T10:14:44.688902,0.0,88.5,-4.5,37.8,50.01,54.0,236.4,False
2025-01-13T10:14:44.815199,1.0,94.3,-37.9,42.9,50.01,75.8,238.4,False
2025-01-13T10:14:44.940826,2.0,77.0,40.9,36.2,50.02,61.9,239.8,False
2025-01-13T10:14:56.677962,0.0,83.2,-5.3,35.4,49.98,55.1,236.6,False
2025-01-13T10:14:56.815692,1.0,95.0,-38.8,43.1,49.99,47.4,238.7,False
2025-01-13T10:14:56.916239,2.0,77.0,40.9,36.2,49.98,41.3,240.0,False
2025-01-13T10:15:32.676025,0.0,83.2,-6.1,35.2,50.0,54.0,236.7,False
2025-01-13T10:15:32.802192,1.0,95.0,-38.8,43.1,50.0,75.5,238.7,False
2025-01-13T10:15:32.912261,2.0,77.0,40.9,36.2,50.0,62.2,240.1,False
2025-01-13T10:15:44.706135,2.0,246.2,684.8,302.2,49.98,29.0,239.6,False
2025-01-13T10:15:56.733633,0.0,43.9,-7.6,18.8,49.99,53.4,236.7,False
2025-01-13T10:15:56.877060,1.0,95.0,-38.8,43.1,49.98,67.4,238.7,False
2025-01-13T10:15:56.995303,2.0,77.0,40.9,36.2,49.98,26.6,239.6,False
2025-01-13T10:15:57.131245,0.0,46.9,-6.1,20.0,49.98,53.0,236.8,False
2025-01-13T10:15:57.262357,1.0,94.3,-37.9,42.9,49.98,47.3,238.7,False
2025-01-13T10:15:57.392454,2.0,246.2,684.8,302.2,49.98,19.3,239.6,False
2025-01-13T10:16:32.715346,1.0,95.0,-38.8,43.1,49.97,61.1,238.8,False
2025-01-13T10:16:44.727765,1.0,95.0,-38.8,43.1,49.98,33.6,238.8,False
2025-01-13T10:17:32.724976,2.0,77.0,40.9,36.2,49.99,25.0,239.8,False
2025-01-13T10:17:32.865993,0.0,43.9,-6.1,19.1,49.99,54.2,236.6,False
2025-01-13T10:17:33.003020,1.0,95.0,-38.8,43.1,49.98,77.6,238.6,False
2025-01-13T10:17:56.682036,0.0,103.6,-12.9,44.3,49.98,53.7,236.9,False
2025-01-13T10:17:56.822667,1.0,95.0,-38.8,43.1,49.98,47.5,238.9,False
2025-01-13T10:17:56.955397,2.0,77.0,40.9,36.2,49.98,19.0,239.7,False
2025-01-13T10:17:57.080561,0.0,31.0,-49.2,24.2,49.99,53.8,236.6,False
2025-01-13T10:17:57.216102,2.0,77.1,-43.1,36.4,49.98,19.3,239.4,False
2025-01-13T10:17:57.348026,1.0,38.6,-0.8,16.2,49.98,32.6,238.9,False
2025-01-13T10:17:57.486050,0.0,27.2,-46.9,22.9,49.98,55.7,236.9,False
2025-01-13T10:17:57.616292,1.0,95.0,-38.8,43.1,49.98,33.0,238.9,False
2025-01-13T10:17:57.755805,1.0,95.0,-38.8,43.1,49.98,33.0,238.9,False
2025-01-13T10:17:57.907501,2.0,77.0,40.9,36.2,49.98,16.3,239.8,False
2025-01-13T10:18:08.740647,0.0,62.8,-37.8,31.4,49.99,53.7,236.7,False
2025-01-13T10:18:08.888018,1.0,95.0,-38.8,43.1,49.99,75.4,238.6,False
2025-01-13T10:18:09.029258,2.0,80.1,177.4,81.0,50.0,28.1,239.5,False
2025-01-13T10:18:32.685475,0.0,108.9,-77.1,56.9,50.0,52.3,237.1,False
2025-01-13T10:18:32.827049,1.0,95.0,-38.8,43.1,50.01,59.6,239.0,False
2025-01-13T10:18:32.953546,2.0,77.0,40.9,36.2,50.0,23.4,240.0,False
2025-01-13T10:19:32.737420,0.0,10.6,-64.3,27.8,50.02,52.8,236.8,False
2025-01-13T10:19:32.872478,1.0,95.0,-38.8,43.1,50.01,45.8,238.7,False
2025-01-13T10:19:32.986968,2.0,77.0,40.9,36.2,50.0,19.4,239.7,False
2025-01-13T10:19:33.110997,1.0,95.0,-38.8,43.1,50.0,32.5,238.8,False
2025-01-13T10:19:33.252088,2.0,77.0,40.9,36.2,50.01,16.2,239.8,False
2025-01-13T10:19:56.689855,0.0,132.4,-15.1,56.0,50.01,51.7,237.1,False
2025-01-13T10:19:56.834408,1.0,95.0,-38.8,43.1,50.01,75.9,239.1,False
2025-01-13T10:19:56.962934,2.0,77.0,40.9,36.2,50.01,29.3,240.1,False
2025-01-13T10:20:08.692189,0.0,69.6,-84.7,46.0,50.0,52.0,236.9,False
2025-01-13T10:20:08.844016,1.0,95.0,-38.8,43.1,50.01,74.7,238.8,False
2025-01-13T10:20:08.993609,2.0,77.0,40.9,36.2,50.0,29.0,239.9,False
2025-01-13T10:20:20.686169,0.0,31.0,-75.6,34.4,49.99,53.4,237.1,False
2025-01-13T10:20:20.825205,2.0,77.0,40.9,36.2,49.99,20.1,240.0,False
2025-01-13T10:20:32.723243,1.0,39.3,-2.3,16.5,49.99,33.6,239.0,False
2025-01-13T10:20:44.708949,2.0,80.1,177.4,81.0,49.98,34.2,240.3,False
2025-01-13T10:20:56.684525,0.0,127.1,-9.8,53.8,49.99,52.4,236.8,False
2025-01-13T10:20:56.804796,1.0,95.0,-38.8,43.1,49.99,70.4,238.8,False
2025-01-13T10:20:56.936295,2.0,68.4,143.7,66.3,49.99,58.4,240.3,False
2025-01-13T10:21:20.742797,0.0,44.6,-82.4,39.6,49.98,54.5,237.1,False
2025-01-13T10:21:20.879525,1.0,95.0,-38.8,43.1,49.99,42.6,239.0,False
2025-01-13T10:21:21.025496,2.0,77.0,40.9,36.2,49.98,39.2,240.5,False
2025-01-13T10:21:21.168702,0.0,12.9,-77.1,33.1,49.99,55.5,237.0,False
2025-01-13T10:21:21.324520,1.0,95.0,-38.8,43.1,49.98,29.8,238.9,False
2025-01-13T10:21:21.466384,1.0,95.0,-38.8,43.1,49.98,29.8,238.9,False
2025-01-13T10:21:21.618527,2.0,246.2,684.8,302.2,49.99,33.5,240.4,False
2025-01-13T10:21:21.741572,2.0,246.2,684.8,302.2,49.99,33.5,240.4,False
2025-01-13T10:21:21.873628,2.0,68.4,143.7,66.3,49.99,33.5,240.4,False
2025-01-13T10:21:56.687279,0.0,54.5,15.9,23.8,49.99,50.9,237.3,False
2025-01-13T10:21:56.811502,1.0,95.0,-38.8,43.1,49.98,53.4,239.1,False
2025-01-13T10:21:56.933635,2.0,77.0,40.9,36.2,49.98,45.8,240.7,False
2025-01-13T10:22:20.689548,0.0,66.6,-59.7,38.1,49.99,55.2,237.1,False
2025-01-13T10:22:20.826856,1.0,95.0,-38.8,43.1,49.99,31.6,239.0,False
2025-01-13T10:22:20.966173,2.0,77.0,40.9,36.2,49.98,34.0,240.6,False
2025-01-13T10:22:56.738823,0.0,166.4,-71.1,76.2,49.98,53.4,237.2,False
2025-01-13T10:22:56.868559,1.0,95.0,-38.8,43.1,49.98,74.9,239.0,False
2025-01-13T10:22:56.984054,2.0,77.0,40.9,36.2,49.98,62.3,240.6,False
2025-01-13T10:22:57.098154,0.0,72.6,-86.2,47.6,49.99,53.6,237.2,False
2025-01-13T10:22:57.214508,1.0,95.0,-38.8,43.1,49.98,74.3,239.1,False
2025-01-13T10:22:57.327782,2.0,77.0,40.9,36.2,49.99,61.8,240.6,False
2025-01-13T10:23:08.690837,0.0,25.0,-75.6,33.8,49.99,53.3,237.0,False
2025-01-13T10:23:08.828036,1.0,72.6,68.1,41.7,49.99,45.3,239.0,False
2025-01-13T10:23:08.944024,2.0,53.7,75.6,38.6,49.98,41.4,240.5,False
2025-01-13T10:23:20.766237,1.0,40.8,-1.5,17.1,49.98,31.3,239.1,False
2025-01-13T10:23:20.896405,2.0,42.4,4.5,17.8,49.99,33.8,240.6,False
2025-01-13T10:23:32.689987,0.0,87.7,-8.3,37.2,49.99,51.9,237.1,False
2025-01-13T10:23:32.826580,1.0,95.0,-38.8,43.1,50.0,63.6,239.0,False
2025-01-13T10:23:32.967055,2.0,77.0,40.9,36.2,50.01,54.2,240.6,False
2025-01-13T10:23:44.694712,0.0,54.5,-3.0,23.1,50.01,53.0,237.3,False
2025-01-13T10:23:44.827807,1.0,95.0,-38.8,43.1,50.02,45.8,239.2,False
2025-01-13T10:23:44.958433,2.0,77.0,40.9,36.2,50.02,41.8,240.9,False
2025-01-13T10:23:56.691973,0.0,128.6,-6.1,54.3,50.01,53.2,237.3,False
2025-01-13T10:23:56.845787,1.0,95.0,-38.8,43.1,50.02,79.9,239.3,False
2025-01-13T10:23:56.983403,2.0,77.0,40.9,36.2,50.0,67.0,240.9,False
2025-01-13T10:24:20.692354,0.0,118.7,-7.6,50.1,50.01,54.3,237.1,False
2025-01-13T10:24:20.834788,1.0,95.0,-38.8,43.1,50.02,45.2,239.2,False
2025-01-13T10:24:20.960725,2.0,77.0,40.9,36.2,50.01,42.0,240.7,False
2025-01-13T10:24:32.696170,0.0,57.5,-74.1,39.3,50.01,53.2,236.9,False
2025-01-13T10:24:32.834199,1.0,12.9,-60.5,25.6,50.01,46.7,238.9,False
2025-01-13T10:24:32.973853,2.0,31.0,-62.8,28.9,50.0,42.5,240.4,False
2025-01-13T10:24:44.701687,0.0,168.7,-82.4,79.0,50.02,54.2,237.1,False
2025-01-13T10:24:44.839370,1.0,95.0,-38.8,43.1,50.03,80.0,239.1,False
2025-01-13T10:24:44.969524,2.0,77.0,40.9,36.2,50.03,67.3,240.7,False
2025-01-13T10:24:56.689728,0.0,81.7,-1.5,34.6,50.03,52.6,237.4,False
2025-01-13T10:24:56.814462,1.0,95.0,-38.8,43.1,50.04,43.9,239.4,False
2025-01-13T10:24:56.915953,2.0,77.0,40.9,36.2,50.03,40.4,241.0,False
2025-01-13T10:25:20.711349,0.0,93.0,-10.6,39.1,50.03,52.6,237.8,False
2025-01-13T10:25:20.859696,1.0,95.0,-38.8,43.1,50.02,72.5,239.8,False
2025-01-13T10:25:21.006490,2.0,77.0,40.9,36.2,50.03,60.3,241.3,False
2025-01-13T10:25:44.698824,0.0,95.3,-8.3,40.2,50.02,53.5,237.7,False
2025-01-13T10:25:44.886268,1.0,95.0,-38.8,43.1,50.03,44.2,239.7,False
2025-01-13T10:25:45.054172,2.0,77.0,40.9,36.2,50.02,40.6,241.3,False
2025-01-13T10:25:45.195901,2.0,246.2,684.8,302.2,50.02,17.2,241.0,False
2025-01-13T10:25:56.730654,1.0,40.8,-4.5,17.2,50.01,31.0,239.3,False
2025-01-13T10:26:08.699824,0.0,74.1,-6.1,31.4,50.0,52.8,237.3,False
2025-01-13T10:26:08.845501,1.0,95.0,-38.8,43.1,50.01,58.6,239.3,False
2025-01-13T10:26:09.015793,2.0,77.0,40.9,36.2,50.0,22.6,240.4,False
2025-01-13T10:26:32.761976,0.0,82.4,51.4,41.0,50.01,57.8,237.2,False
2025-01-13T10:26:32.897530,1.0,71.1,117.1,57.8,50.0,92.2,239.2,False
2025-01-13T10:26:33.036634,2.0,39.6,82.5,37.9,50.0,37.6,240.3,False
2025-01-13T10:26:33.162175,0.0,29.5,25.7,16.5,50.02,54.5,237.3,False
2025-01-13T10:26:33.292487,1.0,95.0,-38.8,43.1,50.01,81.9,239.2,False
2025-01-13T10:26:33.438164,0.0,31.8,-33.3,19.4,50.01,54.3,237.3,False
2025-01-13T10:26:33.567605,2.0,54.3,121.5,55.4,50.02,32.2,240.2,False
2025-01-13T10:26:44.703668,0.0,69.6,-39.3,33.7,50.02,52.7,237.3,False
2025-01-13T10:26:44.853626,1.0,71.1,117.1,57.8,50.03,71.0,239.3,False
2025-01-13T10:26:45.014739,2.0,77.0,40.9,36.2,50.03,28.4,240.3,False
2025-01-13T10:26:56.751946,0.0,32.5,-47.6,24.2,50.03,53.3,237.4,False
2025-01-13T10:26:56.898466,1.0,7.6,-38.6,16.4,50.02,45.7,239.3,False
2025-01-13T10:26:57.050895,2.0,54.3,121.5,55.4,50.02,19.3,240.4,False
2025-01-13T10:26:57.195385,0.0,40.8,-28.0,21.1,50.02,55.1,237.6,False
2025-01-13T10:26:57.336609,1.0,43.1,-22.7,20.5,50.02,30.3,239.5,False
2025-01-13T10:26:57.467731,2.0,39.6,82.5,37.9,50.03,15.8,240.6,False
2025-01-13T10:27:08.708085,0.0,85.5,-77.9,48.7,50.04,54.0,237.7,False
2025-01-13T10:27:08.869054,1.0,95.0,-38.8,43.1,50.03,43.9,239.6,False
2025-01-13T10:27:09.036418,2.0,77.0,40.9,36.2,50.03,19.1,240.7,False
2025-01-13T10:27:32.700673,0.0,113.4,-5.3,48.1,50.04,53.7,237.4,False
2025-01-13T10:27:32.813938,1.0,94.3,-37.9,42.9,50.04,79.3,239.3,False
2025-01-13T10:27:32.932458,2.0,68.4,143.7,66.3,50.03,31.6,240.4,False
2025-01-13T10:27:44.699969,0.0,102.9,-84.7,56.4,50.03,53.0,237.6,False
2025-01-13T10:27:44.847721,1.0,95.0,-38.8,43.1,50.02,72.2,239.5,False
2025-01-13T10:27:44.972902,2.0,77.0,40.9,36.2,50.03,28.7,240.6,False
2025-01-13T10:27:56.699569,0.0,55.2,-71.1,37.9,50.02,54.7,237.5,False
2025-01-13T10:27:56.819807,2.0,77.0,40.9,36.2,50.02,16.0,240.5,False
2025-01-13T10:28:08.704020,0.0,28.0,-47.6,23.2,50.02,54.6,237.5,False
2025-01-13T10:28:08.834898,1.0,94.3,-37.9,42.9,50.03,30.6,239.3,False
2025-01-13T10:28:08.965484,2.0,77.0,40.9,36.2,50.02,15.7,240.4,False
2025-01-13T10:28:09.101468,0.0,120.3,-57.5,55.9,50.03,50.7,237.8,False
2025-01-13T10:28:09.231025,1.0,95.0,-38.8,43.1,50.01,60.5,239.5,False
2025-01-13T10:28:09.363380,2.0,77.0,40.9,36.2,50.03,24.3,240.6,False
2025-01-13T10:28:32.766048,0.0,38.6,-9.1,16.7,50.02,51.9,237.7,False
2025-01-13T10:28:32.936594,1.0,94.3,-37.9,42.9,50.03,72.3,239.6,False
2025-01-13T10:28:33.102717,2.0,39.6,82.5,37.9,50.03,27.8,240.5,False
2025-01-13T10:28:33.245864,0.0,94.5,-9.8,40.0,50.03,52.1,237.8,False
2025-01-13T10:28:33.411999,1.0,95.0,-38.8,43.1,50.03,45.6,239.6,False
2025-01-13T10:28:33.548506,2.0,77.0,40.9,36.2,50.03,19.7,240.5,False
2025-01-13T10:28:33.681281,0.0,31.0,-47.6,23.9,50.01,52.6,237.7,False
2025-01-13T10:28:33.829390,1.0,94.3,-37.9,42.9,50.02,46.1,239.5,False
2025-01-13T10:28:33.976206,2.0,68.4,143.7,66.3,50.02,19.3,240.5,False
2025-01-13T10:28:56.706377,0.0,114.2,-31.0,49.6,50.01,52.3,237.9,False
2025-01-13T10:28:56.851343,1.0,95.0,-38.8,43.1,50.02,70.2,239.6,False
2025-01-13T10:28:56.987708,2.0,77.0,40.9,36.2,50.02,27.0,240.7,False
2025-01-13T10:28:57.134812,1.0,95.0,-38.8,43.1,50.01,60.2,239.5,False
2025-01-13T10:29:08.705517,0.0,53.7,-0.8,22.8,50.02,52.4,237.9,False
2025-01-13T10:29:08.853309,1.0,62.0,-4.5,26.1,50.02,43.4,239.7,False
2025-01-13T10:29:08.998025,2.0,77.0,40.9,36.2,50.03,18.5,240.7,False
2025-01-13T10:29:32.715295,0.0,123.3,-11.3,52.2,50.03,54.0,237.7,False
2025-01-13T10:29:32.860243,1.0,95.0,-38.8,43.1,50.02,80.5,239.5,False
2025-01-13T10:29:33.002011,2.0,77.0,40.9,36.2,50.02,31.3,240.5,False
2025-01-13T10:29:44.713066,0.0,30.3,-46.9,23.5,50.02,53.2,238.0,False
2025-01-13T10:29:44.881300,1.0,95.0,-38.8,43.1,50.01,45.6,239.9,False
2025-01-13T10:29:45.034470,2.0,77.0,40.9,36.2,50.02,19.1,240.9,False
2025-01-13T10:29:56.708130,0.0,54.5,-83.9,42.2,50.03,53.5,237.9,False
2025-01-13T10:29:56.843531,1.0,95.0,-38.8,43.1,50.02,45.7,239.8,False
2025-01-13T10:29:56.963992,2.0,77.0,40.9,36.2,50.01,19.6,240.9,False
2025-01-13T10:30:08.774673,0.0,126.3,-11.3,53.4,50.03,53.5,237.9,False
2025-01-13T10:30:08.929043,1.0,94.3,-37.9,42.9,50.02,79.4,239.7,False
2025-01-13T10:30:09.081883,2.0,68.4,143.7,66.3,50.03,31.2,240.7,False
2025-01-13T10:30:09.245493,0.0,39.3,-3.8,16.7,50.04,51.4,237.9,False
2025-01-13T10:30:09.433943,1.0,95.0,-38.8,43.1,50.03,69.1,239.8,False
2025-01-13T10:30:09.592248,2.0,77.0,40.9,36.2,50.04,27.0,240.7,False
2025-01-13T10:30:32.712693,0.0,84.7,-7.6,35.8,50.01,52.4,238.0,False
2025-01-13T10:30:32.890156,1.0,94.3,-37.9,42.9,50.01,44.2,239.9,False
2025-01-13T10:30:33.043399,2.0,68.4,143.7,66.3,50.02,18.5,240.8,False
2025-01-13T10:30:44.711706,0.0,85.5,-10.6,36.4,49.99,53.9,237.8,False
2025-01-13T10:30:44.866864,1.0,95.0,-38.8,43.1,50.0,77.9,239.6,False
2025-01-13T10:30:45.053461,2.0,77.0,40.9,36.2,49.99,31.5,240.6,False
2025-01-13T10:30:45.186945,2.0,246.2,684.8,302.2,50.01,63.0,241.1,False
2025-01-13T10:30:56.712096,0.0,84.7,-9.1,36.0,50.02,53.0,237.7,False
2025-01-13T10:30:56.852342,1.0,95.0,-38.8,43.1,50.02,47.7,239.6,False
2025-01-13T10:30:57.026289,2.0,77.0,40.9,36.2,50.01,42.3,241.1,False
2025-01-13T10:31:08.712043,0.0,51.4,-68.8,35.9,50.0,53.1,237.5,False
2025-01-13T10:31:08.871534,1.0,18.2,-62.8,27.3,50.02,47.6,239.5,False
2025-01-13T10:31:09.025455,2.0,39.6,82.5,37.9,50.02,41.3,241.0,False
2025-01-13T10:31:32.713206,0.0,91.5,-9.8,38.6,50.0,52.4,237.7,False
2025-01-13T10:31:32.863201,1.0,95.0,-38.8,43.1,50.01,64.1,239.5,False
2025-01-13T10:31:32.996030,2.0,77.0,40.9,36.2,49.99,53.7,241.1,False
2025-01-13T10:31:56.753133,0.0,56.0,-4.5,23.6,49.98,53.4,237.7,False
2025-01-13T10:31:56.894737,1.0,95.0,-38.8,43.1,49.97,46.0,239.5,False
2025-01-13T10:31:56.999573,2.0,77.0,40.9,36.2,49.98,41.1,241.1,False
2025-01-13T10:31:57.123476,0.0,87.7,-7.6,37.2,49.99,54.4,237.5,False
2025-01-13T10:31:57.238831,1.0,95.0,-38.8,43.1,49.99,74.9,239.4,False
2025-01-13T10:31:57.351750,2.0,77.0,40.9,36.2,49.97,62.4,240.9,False
2025-01-13T10:32:20.714279,0.0,88.5,-6.1,37.3,50.0,53.5,237.4,False
2025-01-13T10:32:20.844623,1.0,95.0,-38.8,43.1,49.98,48.0,239.3,False
2025-01-13T10:32:20.974069,2.0,77.0,40.9,36.2,49.99,42.1,240.8,False
2025-01-13T10:32:21.104254,0.0,85.5,-7.6,36.3,49.98,54.2,237.3,False
2025-01-13T10:32:21.230949,1.0,95.0,-38.8,43.1,49.99,75.0,239.2,False
2025-01-13T10:32:21.362581,2.0,77.0,40.9,36.2,49.98,61.5,240.7,False
2025-01-13T10:32:32.719318,0.0,88.5,-9.1,37.7,49.97,53.8,237.5,False
2025-01-13T10:32:32.843305,2.0,77.0,40.9,36.2,49.97,41.4,240.8,False
2025-01-13T10:32:32.952816,1.0,95.0,-38.8,43.1,49.99,32.6,239.5,False
2025-01-13T10:32:33.095826,1.0,95.0,-38.8,43.1,49.98,46.4,239.5,False
2025-01-13T10:32:56.717254,0.0,87.0,-10.6,36.4,50.02,52.6,238.1,False
2025-01-13T10:32:56.842415,1.0,94.3,-37.9,42.9,50.02,72.2,240.1,False
2025-01-13T10:32:56.947094,2.0,77.0,40.9,36.2,50.03,59.5,241.6,False
2025-01-13T10:33:32.768718,0.0,121.0,-13.6,50.9,50.04,54.2,237.7,False
2025-01-13T10:33:32.918851,1.0,95.0,-38.8,43.1,50.03,30.5,239.7,False
2025-01-13T10:33:33.068616,1.0,94.3,-37.9,42.9,50.03,30.5,239.7,False
2025-01-13T10:33:33.214523,2.0,77.0,40.9,36.2,50.02,31.9,241.3,False
2025-01-13T10:33:33.350802,0.0,45.4,-5.3,19.2,50.02,51.9,237.8,False
2025-01-13T10:33:33.493131,1.0,95.0,-38.8,43.1,50.04,48.0,239.7,False
2025-01-13T10:33:33.614333,2.0,77.0,40.9,36.2,50.04,42.3,241.3,False
2025-01-13T10:33:33.742192,0.0,47.6,-3.8,20.1,50.04,50.6,237.8,False
2025-01-13T10:33:33.875477,1.0,94.3,-37.9,42.9,50.03,61.0,239.8,False
2025-01-13T10:33:34.030757,2.0,39.6,82.5,37.9,50.03,50.5,241.3,False
2025-01-13T10:33:56.718223,0.0,91.5,-8.3,38.7,50.03,53.9,237.9,False
2025-01-13T10:33:56.860834,1.0,95.0,-38.8,43.1,50.03,30.7,239.8,False
2025-01-13T10:33:56.998160,1.0,94.3,-37.9,42.9,50.03,30.7,239.8,False
2025-01-13T10:33:57.120813,2.0,77.0,40.9,36.2,50.03,31.9,241.3,False
2025-01-13T10:33:57.257720,0.0,29.5,-48.4,23.5,50.01,54.0,237.5,False
2025-01-13T10:33:57.383716,1.0,4.5,-42.4,17.5,50.02,31.7,239.5,False
2025-01-13T10:33:57.505960,2.0,39.6,82.5,37.9,50.01,32.4,241.0,False
2025-01-13T10:33:57.638293,0.0,45.4,-49.9,28.3,50.02,55.0,237.6,False
2025-01-13T10:33:57.770303,1.0,95.0,-38.8,43.1,50.03,35.0,239.6,False
2025-01-13T10:33:57.910263,1.0,95.0,-38.8,43.1,50.03,35.0,239.6,False
2025-01-13T10:33:58.048454,2.0,77.0,40.9,36.2,50.02,35.4,241.1,False
2025-01-13T10:34:08.721097,0.0,111.2,-10.6,47.0,50.02,53.3,237.6,False
2025-01-13T10:34:08.865673,1.0,95.0,-38.8,43.1,50.02,75.0,239.6,False
2025-01-13T10:34:09.006374,2.0,68.4,143.7,66.3,50.01,60.8,241.1,False
2025-01-13T10:34:32.721630,0.0,55.2,-0.8,23.3,50.02,52.9,237.6,False
2025-01-13T10:34:32.845359,1.0,95.0,-38.8,43.1,50.02,46.8,239.6,False
2025-01-13T10:34:32.980545,2.0,77.0,40.9,36.2,50.02,40.2,241.1,False
2025-01-13T10:34:56.720139,0.0,96.8,-6.1,40.8,50.01,54.0,237.7,False
2025-01-13T10:34:56.843165,1.0,95.0,-38.8,43.1,50.0,73.9,239.6,False
2025-01-13T10:34:56.964679,2.0,77.0,40.9,36.2,50.01,60.1,241.2,False
2025-01-13T10:35:20.723867,0.0,59.7,-6.8,25.2,50.01,51.6,237.6,False
2025-01-13T10:35:20.858669,2.0,77.0,40.9,36.2,50.01,47.4,241.1,False
2025-01-13T10:35:20.975934,1.0,95.0,-38.8,43.1,50.02,43.0,239.5,False
2025-01-13T10:35:32.719576,0.0,36.3,-0.8,15.3,50.0,54.5,237.7,False
2025-01-13T10:35:32.857800,1.0,37.8,-1.5,15.8,50.0,30.6,239.5,False
2025-01-13T10:35:32.990073,2.0,68.4,143.7,66.3,50.0,32.8,241.2,False
2025-01-13T10:35:44.721379,0.0,121.8,-9.1,51.4,49.99,53.0,237.7,False
2025-01-13T10:35:44.924280,1.0,95.0,-38.8,43.1,49.99,71.4,239.5,False
2025-01-13T10:35:45.085526,2.0,246.2,684.8,302.2,49.99,27.2,240.7,False
2025-01-13T10:35:56.777642,0.0,85.5,-8.3,36.0,50.01,53.2,237.7,False
2025-01-13T10:35:56.945282,1.0,95.0,-38.8,43.1,50.0,47.2,239.4,False
2025-01-13T10:35:57.085973,2.0,246.2,684.8,302.2,50.01,19.4,240.6,False
2025-01-13T10:35:57.226796,0.0,96.1,-6.8,40.6,50.01,52.6,237.6,False
2025-01-13T10:35:57.368227,1.0,95.0,-38.8,43.1,50.01,74.2,239.3,False
2025-01-13T10:35:57.497908,2.0,77.0,40.9,36.2,50.01,27.8,240.5,False
2025-01-13T10:36:20.726426,0.0,152.8,-93.8,75.6,50.0,53.1,237.7,False
2025-01-13T10:36:20.884323,1.0,95.0,-38.8,43.1,50.01,45.1,239.4,False
2025-01-13T10:36:21.034638,2.0,77.0,40.9,36.2,50.0,19.2,240.5,False
2025-01-13T10:36:21.177469,0.0,56.7,-85.5,43.3,50.01,52.9,237.6,False
2025-01-13T10:36:21.320450,1.0,95.0,-38.8,43.1,50.01,45.8,239.2,False
2025-01-13T10:36:21.461110,2.0,77.0,40.9,36.2,50.0,18.6,240.4,False
2025-01-13T10:36:56.725001,0.0,95.3,-3.0,40.3,49.99,52.0,237.4,False
2025-01-13T10:36:56.867841,1.0,94.3,-37.9,42.9,49.99,70.4,239.1,False
2025-01-13T10:36:57.007330,2.0,57.4,120.5,55.5,49.99,27.3,240.3,False
2025-01-13T10:36:57.141373,0.0,39.3,-3.8,16.6,49.99,51.8,237.3,False
2025-01-13T10:37:08.734101,0.0,45.4,4.5,19.4,50.01,54.2,237.7,False
2025-01-13T10:37:08.898827,1.0,95.0,-38.8,43.1,50.01,46.5,239.3,False
2025-01-13T10:37:09.067775,2.0,77.0,40.9,36.2,50.01,18.7,240.4,False
2025-01-13T10:37:20.724696,0.0,45.4,-8.3,19.4,50.02,54.2,237.6,False
2025-01-13T10:37:20.865490,1.0,94.3,-37.9,42.9,50.02,30.1,239.3,False
2025-01-13T10:37:21.006254,2.0,57.4,120.5,55.5,50.02,15.5,240.4,False
2025-01-13T10:37:32.728606,0.0,125.5,-5.3,53.3,50.01,51.5,237.2,False
2025-01-13T10:37:32.864760,1.0,95.0,-38.8,43.1,50.01,69.7,239.0,False
2025-01-13T10:37:32.985373,2.0,77.0,40.9,36.2,50.02,27.1,240.0,False
2025-01-13T10:37:44.728069,0.0,21.2,-37.1,18.2,49.97,53.2,237.4,False
2025-01-13T10:37:44.868093,2.0,77.0,40.9,36.2,49.98,27.7,240.3,False
2025-01-13T10:37:56.728034,0.0,55.2,-36.3,28.1,49.97,54.3,237.2,False
2025-01-13T10:37:56.835902,1.0,94.3,-37.9,42.9,49.98,79.7,239.0,False
2025-01-13T10:37:56.959496,2.0,77.0,40.9,36.2,49.98,31.9,240.1,False
2025-01-13T10:37:57.087811,0.0,124.8,-0.8,52.8,49.98,53.6,237.5,False
2025-01-13T10:37:57.222105,1.0,95.0,-38.8,43.1,49.98,47.4,239.1,False
2025-01-13T10:37:57.350899,2.0,77.0,40.9,36.2,49.97,20.1,240.3,False
2025-01-13T10:37:57.466629,0.0,59.0,-84.7,43.5,49.97,53.5,237.5,False
2025-01-13T10:37:57.594485,1.0,94.3,-37.9,42.9,49.97,45.8,239.1,False
2025-01-13T10:37:57.708061,2.0,141.4,-71.1,65.9,49.97,18.8,240.3,False
2025-01-13T10:38:20.732561,0.0,22.7,-78.7,34.6,50.0,54.0,237.4,False
2025-01-13T10:38:20.870062,1.0,95.0,-38.8,43.1,50.0,30.3,239.2,False
2025-01-13T10:38:20.998041,1.0,95.0,-38.8,43.1,50.0,30.3,239.2,False
2025-01-13T10:38:21.123992,2.0,77.0,40.9,36.2,50.0,15.6,240.2,False
2025-01-13T10:38:21.245508,0.0,21.2,-35.5,17.5,50.01,54.5,237.4,False
2025-01-13T10:38:21.366853,2.0,77.0,40.9,36.2,50.01,15.7,240.2,False
2025-01-13T10:38:32.728978,0.0,140.7,-46.1,62.2,50.0,51.2,237.6,False
2025-01-13T10:38:32.862019,1.0,95.0,-38.8,43.1,50.02,68.9,239.4,False
2025-01-13T10:38:32.971902,2.0,77.0,40.9,36.2,50.0,26.9,240.4,False
2025-01-13T10:38:44.736359,0.0,50.7,-73.4,37.4,50.0,52.2,237.5,False
2025-01-13T10:38:44.897219,1.0,95.0,-38.8,43.1,50.0,70.3,239.3,False
2025-01-13T10:38:45.059066,2.0,77.0,40.9,36.2,50.01,27.3,240.4,False
2025-01-13T10:38:56.792196,0.0,144.5,-78.7,69.3,49.99,58.8,237.5,False
2025-01-13T10:38:56.938387,1.0,95.0,-38.8,43.1,49.99,93.6,239.3,False
2025-01-13T10:38:57.066970,2.0,77.0,40.9,36.2,49.99,38.0,240.4,False
2025-01-13T10:38:57.197651,0.0,124.0,-6.8,52.3,50.0,52.5,237.5,False
2025-01-13T10:38:57.334513,1.0,95.0,-38.8,43.1,49.99,65.6,239.3,False
2025-01-13T10:38:57.460958,2.0,77.0,40.9,36.2,49.99,26.3,240.4,False
2025-01-13T10:38:57.604824,0.0,53.7,-70.3,37.3,49.99,51.8,237.5,False
2025-01-13T10:38:57.752712,1.0,19.7,-60.5,26.6,50.0,65.5,239.3,False
2025-01-13T10:38:57.892015,2.0,136.1,-63.5,62.6,50.0,25.9,240.4,False
2025-01-13T10:38:58.054977,0.0,54.5,-72.6,38.2,50.0,52.0,237.5,False
2025-01-13T10:38:58.209098,1.0,95.0,-38.8,43.1,49.99,64.6,239.3,False
2025-01-13T10:38:58.369553,2.0,77.0,40.9,36.2,49.99,25.7,240.4,False
2025-01-13T10:39:08.740650,0.0,93.8,-10.6,39.8,50.01,55.1,237.6,False
2025-01-13T10:39:08.933409,1.0,95.0,-38.8,43.1,50.01,31.4,239.4,False
2025-01-13T10:39:09.126857,2.0,77.0,40.9,36.2,50.01,16.2,240.5,False
2025-01-13T10:39:32.739147,0.0,123.3,-9.8,52.0,50.0,52.7,237.6,False
2025-01-13T10:39:32.884714,1.0,95.0,-38.8,43.1,50.0,73.8,239.5,False
2025-01-13T10:39:33.019414,2.0,77.0,40.9,36.2,50.01,30.0,240.6,False
2025-01-13T10:39:56.770627,0.0,52.2,-7.6,22.0,49.98,53.7,237.4,False
2025-01-13T10:39:56.890678,1.0,95.0,-38.8,43.1,50.0,58.8,239.2,False
2025-01-13T10:39:57.013212,2.0,77.0,40.9,36.2,49.98,24.6,240.3,False
2025-01-13T10:39:57.140249,1.0,40.8,-1.5,17.1,49.98,46.2,239.2,False
2025-01-13T10:39:57.247236,2.0,37.8,2.3,15.9,49.98,20.1,240.4,False
2025-01-13T10:40:32.735147,0.0,121.8,-5.3,51.4,50.0,56.0,237.4,False
2025-01-13T10:40:32.862897,1.0,95.0,-38.8,43.1,49.99,82.1,239.2,False
2025-01-13T10:40:32.953824,2.0,77.0,40.9,36.2,49.99,33.4,240.3,False
2025-01-13T10:40:44.805013,0.0,84.7,-0.0,35.7,49.98,53.2,237.4,False
2025-01-13T10:40:44.981907,1.0,95.0,-38.8,43.1,49.99,59.5,239.2,False
2025-01-13T10:40:45.123189,2.0,77.0,40.9,36.2,49.99,24.3,240.3,False
2025-01-13T10:40:45.260637,1.0,43.9,0.8,18.4,50.01,45.0,239.5,False
2025-01-13T10:40:45.402460,2.0,853.1,-5.3,355.5,50.0,40.6,241.2,False
2025-01-13T10:40:45.541646,0.0,23.4,-35.5,17.9,50.01,52.1,237.7,False
2025-01-13T10:40:56.733725,0.0,15.1,-32.5,15.1,50.0,54.1,237.7,False
2025-01-13T10:40:56.863989,1.0,36.3,28.7,19.4,50.0,29.9,239.5,False
2025-01-13T10:40:56.992440,2.0,77.0,40.9,36.2,50.01,32.6,241.1,False
2025-01-13T10:41:08.734475,0.0,120.3,-5.3,50.9,50.01,52.8,237.5,False
2025-01-13T10:41:08.874467,1.0,95.0,-38.8,43.1,50.01,69.5,239.3,False
2025-01-13T10:41:09.009021,2.0,68.4,143.7,66.3,50.01,59.8,240.9,False
2025-01-13T10:41:20.741045,0.0,97.6,-2.3,41.3,50.0,57.9,237.3,False
2025-01-13T10:41:20.874860,1.0,94.3,-37.9,42.9,50.02,91.1,239.2,False
2025-01-13T10:41:21.007521,2.0,69.7,149.5,68.6,50.01,77.7,240.8,False
2025-01-13T10:41:32.736528,0.0,57.5,-71.8,38.6,50.0,53.1,237.1,False
2025-01-13T10:41:32.891149,1.0,95.0,-38.8,43.1,50.0,73.5,239.0,False
2025-01-13T10:41:33.033718,2.0,77.0,40.9,36.2,50.0,62.7,240.7,False
2025-01-13T10:41:44.738507,0.0,37.1,-63.5,31.0,49.99,53.7,237.1,False
2025-01-13T10:41:44.890266,1.0,94.3,-37.9,42.9,49.99,45.2,239.1,False
2025-01-13T10:41:45.030599,2.0,69.7,149.5,68.6,49.98,42.8,240.7,False
2025-01-13T10:42:08.736931,0.0,94.5,-6.1,39.8,50.0,53.5,237.4,False
2025-01-13T10:42:08.873417,1.0,95.0,-38.8,43.1,50.0,69.9,239.3,False
2025-01-13T10:42:09.013493,2.0,77.0,40.9,36.2,50.0,60.4,240.9,False
2025-01-13T10:42:32.745784,0.0,56.7,-3.0,23.9,49.99,53.8,237.3,False
2025-01-13T10:42:32.866338,1.0,95.0,-38.8,43.1,49.99,43.3,239.2,False
2025-01-13T10:42:32.962835,2.0,77.0,40.9,36.2,50.0,40.9,240.8,False
2025-01-13T10:42:44.808195,1.0,39.3,-2.3,16.5,49.99,31.7,239.3,False
2025-01-13T10:42:44.961773,2.0,68.4,143.7,66.3,49.99,34.2,240.9,False
2025-01-13T10:42:56.738757,0.0,111.2,-9.8,47.1,50.0,53.0,237.4,False
2025-01-13T10:42:56.865323,1.0,95.0,-38.8,43.1,50.0,71.7,239.3,False
2025-01-13T10:42:56.979268,2.0,77.0,40.9,36.2,50.01,62.2,240.9,False
2025-01-13T10:43:08.744199,0.0,124.8,-64.3,59.3,50.01,53.2,237.5,False
2025-01-13T10:43:08.887062,1.0,95.0,-38.8,43.1,50.01,44.9,239.3,False
2025-01-13T10:43:09.028283,2.0,77.0,40.9,36.2,50.02,41.4,241.1,False
2025-01-13T10:43:32.748657,0.0,43.1,-59.0,30.5,50.02,52.0,237.7,False
2025-01-13T10:43:32.874754,1.0,95.0,-38.8,43.1,50.02,42.2,239.5,False
2025-01-13T10:43:32.991282,2.0,77.0,40.9,36.2,50.02,38.6,241.2,False
2025-01-13T10:43:44.743533,0.0,37.8,-4.5,15.8,50.02,55.2,237.4,False
2025-01-13T10:43:44.893368,1.0,95.0,-38.8,43.1,50.02,29.9,239.3,False
2025-01-13T10:43:45.047258,2.0,77.0,40.9,36.2,50.02,32.1,240.9,False
2025-01-13T10:43:56.741474,0.0,126.3,-11.3,53.3,50.01,54.0,237.5,False
2025-01-13T10:43:56.888148,1.0,95.0,-38.8,43.1,50.01,70.8,239.4,False
2025-01-13T10:43:57.013953,2.0,77.0,40.9,36.2,50.0,59.4,241.0,False
2025-01-13T10:44:08.744695,0.0,99.1,0.8,41.7,50.01,56.8,237.6,False
2025-01-13T10:44:08.875295,1.0,94.3,-37.9,42.9,50.02,89.6,239.5,False
2025-01-13T10:44:09.011507,2.0,68.4,143.7,66.3,50.02,73.8,241.1,False
2025-01-13T10:44:32.799395,0.0,126.3,-6.1,53.0,50.0,51.4,237.3,False
2025-01-13T10:44:32.938469,1.0,95.0,-38.8,43.1,49.99,59.7,239.1,False
2025-01-13T10:44:33.064483,2.0,77.0,40.9,36.2,49.99,50.6,240.8,False
2025-01-13T10:44:33.192135,0.0,86.2,-4.5,36.3,49.99,56.3,237.2,False
2025-01-13T10:44:33.336940,1.0,94.3,-37.9,42.9,49.99,29.5,239.0,False
2025-01-13T10:44:33.479174,2.0,68.4,143.7,66.3,50.0,32.3,240.7,False
2025-01-13T10:44:56.749937,0.0,83.9,-3.8,35.5,49.99,51.0,237.1,False
2025-01-13T10:44:56.884077,1.0,94.3,-37.9,42.9,50.0,73.5,239.1,False
2025-01-13T10:44:57.023264,2.0,77.0,40.9,36.2,50.0,61.8,240.8,False
2025-01-13T10:45:08.782920,0.0,55.2,-3.8,23.5,50.0,52.6,237.5,False
2025-01-13T10:45:09.645717,1.0,94.3,-37.9,42.9,50.0,57.0,239.4,False
2025-01-13T10:45:10.495047,2.0,77.0,40.9,36.2,49.99,49.4,241.0,False
2025-01-13T10:45:32.753133,0.0,39.3,-1.5,16.5,50.0,53.0,237.4,False
2025-01-13T10:45:32.929619,1.0,37.1,-0.8,15.5,50.0,45.4,239.3,False
2025-01-13T10:45:33.067575,2.0,44.6,-1.5,18.5,50.0,41.6,241.0,False
2025-01-13T10:45:44.786513,2.0,246.2,684.8,302.2,49.98,20.6,240.5,False
2025-01-13T10:45:44.989526,0.0,34.0,-56.7,28.0,49.98,54.2,237.5,False
2025-01-13T10:45:45.174060,1.0,12.9,-51.4,22.3,49.98,47.2,239.5,False
2025-01-13T10:45:45.341494,2.0,246.2,684.8,302.2,49.98,20.3,240.7,False
2025-01-13T10:45:56.748366,0.0,108.9,-6.8,46.2,49.97,55.2,237.3,False
2025-01-13T10:45:56.907552,1.0,95.0,-38.8,43.1,49.98,82.2,239.2,False
2025-01-13T10:45:57.060983,2.0,77.0,40.9,36.2,49.97,32.8,240.4,False
2025-01-13T10:46:08.752279,0.0,14.4,-59.0,25.1,49.99,52.1,237.7,False
2025-01-13T10:46:08.911300,1.0,94.3,-37.9,42.9,49.99,70.2,239.5,False
2025-01-13T10:46:09.055116,2.0,80.1,177.4,81.0,49.99,27.9,240.7,False
2025-01-13T10:46:20.749562,0.0,124.0,-8.3,52.3,50.0,54.9,237.7,False
2025-01-13T10:46:20.902821,1.0,95.0,-38.8,43.1,49.99,31.5,239.6,False
2025-01-13T10:46:21.049281,1.0,94.3,-37.9,42.9,49.99,31.5,239.6,False
2025-01-13T10:46:21.194113,2.0,77.0,40.9,36.2,49.99,16.0,240.7,False
2025-01-13T10:46:44.750006,0.0,86.2,8.3,36.6,50.02,57.1,237.6,False
2025-01-13T10:46:44.917900,1.0,95.0,-38.8,43.1,50.01,90.7,239.4,False
2025-01-13T10:46:45.087582,2.0,77.0,40.9,36.2,50.01,37.2,240.6,False
2025-01-13T10:46:56.750427,0.0,66.6,28.0,30.4,50.01,53.4,237.7,False
2025-01-13T10:46:56.886690,1.0,95.0,-38.8,43.1,50.01,46.3,239.6,False
2025-01-13T10:46:57.031214,2.0,77.0,40.9,36.2,50.01,19.5,240.7,False
2025-01-13T10:47:32.752318,0.0,89.2,-4.5,37.6,50.0,54.2,237.8,False
2025-01-13T10:47:32.911846,1.0,95.0,-38.8,43.1,50.0,74.2,239.6,False
2025-01-13T10:47:33.058585,2.0,77.0,40.9,36.2,50.0,29.7,240.8,False
2025-01-13T10:47:56.799023,0.0,56.0,-2.3,23.6,50.01,53.3,237.8,False
2025-01-13T10:47:56.944421,1.0,95.0,-38.8,43.1,50.01,57.4,239.7,False
2025-01-13T10:47:57.088261,2.0,77.0,40.9,36.2,50.01,23.9,240.8,False
2025-01-13T10:47:57.242248,0.0,42.4,-4.5,17.9,50.0,55.0,237.9,False
2025-01-13T10:47:57.379735,1.0,40.8,-2.3,17.1,50.0,31.3,239.8,False
2025-01-13T10:47:57.518614,2.0,80.1,177.4,81.0,50.01,16.1,240.9,False
2025-01-13T10:48:32.806194,1.0,95.0,-38.8,43.1,50.0,72.9,239.6,False
2025-01-13T10:48:32.967323,0.0,23.4,-34.8,17.8,50.0,55.5,237.5,False
2025-01-13T10:48:33.128844,2.0,77.0,40.9,36.2,50.0,28.9,240.6,False
2025-01-13T10:48:56.753545,0.0,77.1,-6.8,32.9,50.01,53.2,237.9,False
2025-01-13T10:48:56.916854,1.0,95.0,-38.8,43.1,50.0,44.9,239.9,False
2025-01-13T10:48:57.068240,2.0,77.0,40.9,36.2,50.0,19.2,240.9,False
2025-01-13T10:48:57.225172,0.0,35.5,-8.3,15.4,50.01,57.7,237.9,False
2025-01-13T10:48:57.369448,1.0,41.6,-0.8,17.4,50.0,31.4,239.9,False
2025-01-13T10:48:57.521726,2.0,37.8,3.8,15.9,50.0,15.7,241.0,False
2025-01-13T10:49:20.765712,2.0,43.1,-23.4,19.4,50.0,15.6,240.4,False
2025-01-13T10:49:32.756892,0.0,76.4,-7.6,32.3,49.99,58.1,237.2,False
2025-01-13T10:49:32.909861,1.0,95.0,-38.8,43.1,49.99,94.0,239.2,False
2025-01-13T10:49:33.060498,2.0,77.0,40.9,36.2,49.99,37.8,240.3,False
2025-01-13T10:49:56.798335,0.0,42.4,-59.7,31.3,50.0,52.1,237.2,False
2025-01-13T10:49:56.931544,1.0,95.0,-38.8,43.1,50.0,71.9,239.2,False
2025-01-13T10:49:57.055433,2.0,77.0,40.9,36.2,50.0,28.5,240.2,False
2025-01-13T10:49:57.178486,0.0,62.0,-49.2,33.4,50.0,56.3,237.2,False
2025-01-13T10:49:57.296552,1.0,115.7,44.6,51.9,50.0,31.3,239.2,False
2025-01-13T10:49:57.425555,2.0,10.6,64.3,27.1,50.0,16.1,240.3,False
2025-01-13T10:50:09.114117,0.0,77.9,-6.8,33.2,50.0,51.2,237.0,False
2025-01-13T10:50:09.921671,1.0,95.0,-38.8,43.1,50.0,64.0,239.0,False
2025-01-13T10:50:10.820255,2.0,77.0,40.9,36.2,50.0,25.7,240.1,False
2025-01-13T10:50:32.804867,0.0,40.8,-3.0,17.1,49.99,53.3,237.2,False
2025-01-13T10:50:32.967528,1.0,94.3,-37.9,42.9,49.99,73.6,239.2,False
2025-01-13T10:50:33.116375,0.0,46.9,-0.8,19.9,49.98,53.7,237.4,False
2025-01-13T10:50:33.254306,1.0,95.0,-38.8,43.1,49.99,59.0,239.3,False
2025-01-13T10:50:33.394415,2.0,77.0,40.9,36.2,49.98,23.8,240.4,False
2025-01-13T10:50:44.781742,2.0,816.8,-12.9,340.3,50.0,50.0,241.0,False
2025-01-13T10:50:56.831503,1.0,94.3,-37.9,42.9,50.01,44.1,239.5,False
2025-01-13T10:50:56.961964,2.0,36.3,6.8,15.3,50.02,39.7,241.1,False
2025-01-13T10:51:32.760390,0.0,83.2,-2.3,35.4,49.99,53.2,237.2,False
2025-01-13T10:51:32.880786,1.0,95.0,-38.8,43.1,50.01,73.4,239.1,False
2025-01-13T10:51:32.996314,2.0,77.0,40.9,36.2,49.99,62.2,240.7,False
2025-01-13T10:51:44.761325,0.0,85.5,-6.1,36.1,49.99,53.8,237.1,False
2025-01-13T10:51:44.915935,1.0,95.0,-38.8,43.1,50.0,46.8,239.1,False
2025-01-13T10:51:45.064921,2.0,77.0,40.9,36.2,49.99,42.1,240.6,False
2025-01-13T10:51:45.218778,1.0,42.4,-0.8,17.7,50.0,32.2,239.1,False
2025-01-13T10:51:56.801243,0.0,79.4,-9.8,33.6,50.0,52.4,237.4,False
2025-01-13T10:51:56.942331,1.0,95.0,-38.8,43.1,50.01,65.3,239.3,False
2025-01-13T10:51:57.077877,2.0,77.0,40.9,36.2,50.02,56.0,240.9,False
2025-01-13T10:52:20.819151,0.0,129.3,-8.3,54.6,50.03,57.9,237.4,False
2025-01-13T10:52:20.948039,1.0,94.3,-37.9,42.9,50.03,94.0,239.4,False
2025-01-13T10:52:21.090991,2.0,68.4,143.7,66.3,50.04,78.9,241.0,False
2025-01-13T10:52:21.225455,0.0,98.3,-6.8,41.6,50.02,51.0,237.5,False
2025-01-13T10:52:21.359922,1.0,95.0,-38.8,43.1,50.02,69.2,239.4,False
2025-01-13T10:52:21.489896,2.0,77.0,40.9,36.2,50.03,58.5,241.0,False
2025-01-13T10:52:32.759751,0.0,83.2,-6.8,35.3,50.03,52.3,237.6,False
2025-01-13T10:52:32.896577,1.0,94.3,-37.9,42.9,50.04,44.1,239.5,False
2025-01-13T10:52:33.042710,2.0,68.4,143.7,66.3,50.03,40.2,241.1,False
2025-01-13T10:52:56.756222,0.0,86.2,-4.5,36.6,50.0,54.0,237.3,False
2025-01-13T10:52:56.871825,1.0,95.0,-38.8,43.1,50.0,75.3,239.3,False
2025-01-13T10:52:56.982507,2.0,77.0,40.9,36.2,50.0,65.1,240.9,False
2025-01-13T10:53:08.763618,0.0,50.7,-1.5,21.3,50.02,52.5,237.2,False
2025-01-13T10:53:08.900792,1.0,95.0,-38.8,43.1,50.02,58.1,239.1,False
2025-01-13T10:53:09.028821,2.0,77.0,40.9,36.2,50.0,49.2,240.7,False
2025-01-13T10:53:20.764389,0.0,35.5,0.8,15.3,50.01,52.6,237.6,False
2025-01-13T10:53:20.900722,1.0,40.1,-2.3,16.9,50.01,44.9,239.5,False
2025-01-13T10:53:21.061446,2.0,40.8,4.5,17.2,50.02,39.0,241.1,False
2025-01-13T10:53:32.837121,1.0,43.1,-0.8,18.0,50.01,31.6,239.4,False
2025-01-13T10:53:32.979402,2.0,37.8,3.8,15.7,50.01,32.8,240.9,False
2025-01-13T10:53:56.763772,0.0,123.3,-6.8,52.3,50.02,55.3,237.1,False
2025-01-13T10:53:56.907010,1.0,95.0,-38.8,43.1,50.01,83.4,239.0,False
2025-01-13T10:53:57.039596,2.0,77.0,40.9,36.2,50.03,68.2,240.6,False
2025-01-13T10:54:08.763081,0.0,87.0,-6.1,36.9,50.01,53.2,237.2,False
2025-01-13T10:54:08.901110,1.0,95.0,-38.8,43.1,50.03,58.4,239.2,False
2025-01-13T10:54:09.047781,2.0,77.0,40.9,36.2,50.02,48.5,240.7,False
2025-01-13T10:54:20.858186,1.0,38.6,0.8,16.1,50.02,46.8,239.2,False
2025-01-13T10:54:21.029005,2.0,37.1,3.0,15.5,50.03,40.8,240.8,False
2025-01-13T10:54:32.764668,0.0,42.4,-6.8,18.1,50.02,55.0,237.2,False
2025-01-13T10:54:32.920021,1.0,43.9,-3.0,18.4,50.02,32.5,239.2,False
2025-01-13T10:54:33.060823,2.0,36.3,6.1,15.3,50.02,33.2,240.8,False
2025-01-13T10:54:56.817127,0.0,87.7,-12.1,37.2,50.02,52.0,237.3,False
2025-01-13T10:54:56.954259,1.0,95.0,-38.8,43.1,50.02,64.9,239.4,False
2025-01-13T10:54:57.083463,2.0,77.0,40.9,36.2,50.01,54.1,240.8,False
2025-01-13T10:54:57.216336,0.0,125.5,-6.8,52.9,50.01,58.1,237.4,False
2025-01-13T10:54:57.361093,1.0,94.3,-37.9,42.9,50.03,94.8,239.4,False
2025-01-13T10:54:57.504980,2.0,68.4,143.7,66.3,50.02,78.7,241.0,False
2025-01-13T10:55:08.766653,0.0,111.2,-28.0,48.4,50.03,53.1,237.4,False
2025-01-13T10:55:08.903097,1.0,95.0,-38.8,43.1,50.04,71.1,239.3,False
2025-01-13T10:55:09.044791,2.0,77.0,40.9,36.2,50.03,59.4,240.9,False
2025-01-13T10:55:09.179825,0.0,48.4,-62.0,33.2,50.03,53.3,237.3,False
2025-01-13T10:55:09.328800,1.0,95.0,-38.8,43.1,50.03,73.6,239.3,False
2025-01-13T10:55:09.494674,2.0,77.0,40.9,36.2,50.04,60.3,240.9,False
2025-01-13T10:55:32.828110,0.0,115.0,-12.1,48.9,50.05,54.4,237.6,False
2025-01-13T10:55:32.980906,1.0,95.0,-38.8,43.1,50.03,31.4,239.6,False
2025-01-13T10:55:33.134343,1.0,94.3,-37.9,42.9,50.03,31.4,239.6,False
2025-01-13T10:55:33.267702,2.0,77.0,40.9,36.2,50.04,32.7,241.1,False
2025-01-13T10:55:33.407696,0.0,90.0,-10.6,38.3,50.04,51.6,237.4,False
2025-01-13T10:55:33.540929,1.0,95.0,-38.8,43.1,50.03,63.5,239.4,False
2025-01-13T10:55:33.671780,2.0,77.0,40.9,36.2,50.03,51.6,240.9,False
2025-01-13T10:55:44.803380,2.0,246.2,684.8,302.2,50.03,24.0,240.5,False
2025-01-13T10:55:56.820767,0.0,56.7,-7.6,24.0,50.03,53.0,237.5,False
2025-01-13T10:55:56.946584,1.0,95.0,-38.8,43.1,50.03,46.0,239.5,False
2025-01-13T10:55:57.082367,2.0,77.0,40.9,36.2,50.02,18.9,240.5,False
2025-01-13T10:55:57.217867,0.0,45.4,-3.8,19.2,50.02,53.3,237.4,False
2025-01-13T10:55:57.361173,1.0,95.0,-38.8,43.1,50.01,59.7,239.4,False
2025-01-13T10:55:57.514032,2.0,77.0,40.9,36.2,50.01,23.3,240.4,False
2025-01-13T10:56:20.768828,0.0,61.3,-74.1,40.6,50.01,52.8,237.5,False
2025-01-13T10:56:20.901176,1.0,95.0,-38.8,43.1,50.01,60.1,239.4,False
2025-01-13T10:56:21.031197,2.0,77.0,40.9,36.2,50.0,23.9,240.4,False
2025-01-13T10:56:32.769444,0.0,15.1,-68.8,29.5,50.02,53.4,237.6,False
2025-01-13T10:56:32.904841,1.0,95.0,-38.8,43.1,50.01,46.4,239.6,False
2025-01-13T10:56:33.020806,2.0,77.0,40.9,36.2,50.02,19.5,240.6,False
2025-01-13T10:56:44.772150,0.0,16.6,-33.3,15.8,50.02,51.8,237.8,False
2025-01-13T10:56:44.903737,2.0,77.0,40.9,36.2,50.02,18.6,240.7,False
2025-01-13T10:56:56.840629,1.0,95.0,-38.8,43.1,50.02,30.0,239.8,False
2025-01-13T10:56:56.966104,2.0,77.0,40.9,36.2,50.02,15.7,240.8,False
2025-01-13T10:56:57.083307,0.0,118.7,-12.1,50.5,50.01,53.2,237.6,False
2025-01-13T10:56:57.189042,1.0,95.0,-38.8,43.1,50.03,74.0,239.6,False
2025-01-13T10:56:57.302242,2.0,69.7,149.5,68.6,50.02,28.7,240.6,False
2025-01-13T10:57:20.775771,0.0,120.3,-14.4,51.1,50.02,54.9,237.7,False
2025-01-13T10:57:20.935538,1.0,95.0,-38.8,43.1,50.0,32.1,239.5,False
2025-01-13T10:57:21.093693,2.0,77.0,40.9,36.2,49.99,16.0,240.6,False
2025-01-13T10:57:21.230533,0.0,88.5,-9.1,37.4,50.02,51.0,237.7,False
2025-01-13T10:57:21.380518,1.0,95.0,-38.8,43.1,50.01,61.3,239.6,False
2025-01-13T10:57:21.516106,2.0,77.0,40.9,36.2,50.01,24.4,240.6,False
2025-01-13T10:57:44.823512,0.0,70.3,-5.3,29.9,50.0,54.4,237.5,False
2025-01-13T10:57:44.958537,1.0,94.3,-37.9,42.9,50.01,82.6,239.4,False
2025-01-13T10:57:45.088357,2.0,42.7,84.8,39.6,49.99,32.7,240.4,False
2025-01-13T10:57:45.227472,0.0,37.8,-3.8,16.3,50.01,51.9,237.7,False
2025-01-13T10:57:45.358615,1.0,95.0,-38.8,43.1,50.02,72.0,239.6,False
2025-01-13T10:57:56.772877,0.0,90.8,-9.1,38.3,49.99,52.5,237.6,False
2025-01-13T10:57:56.888205,1.0,94.3,-37.9,42.9,50.0,44.9,239.7,False
2025-01-13T10:57:57.016945,2.0,77.0,40.9,36.2,50.0,19.7,240.9,False
2025-01-13T10:58:08.773496,0.0,18.9,-31.0,15.7,50.0,52.3,238.0,False
2025-01-13T10:58:08.900854,2.0,69.7,149.5,68.6,49.98,19.8,241.1,False
2025-01-13T10:58:09.009675,0.0,115.7,-41.6,51.6,49.99,51.4,238.1,False
2025-01-13T10:58:09.116062,1.0,95.0,-38.8,43.1,50.01,72.1,240.0,False
2025-01-13T10:58:09.209974,2.0,77.0,40.9,36.2,49.99,29.0,241.2,False
2025-01-13T10:58:32.774343,0.0,57.5,-7.6,23.9,49.99,51.0,237.6,False
2025-01-13T10:58:32.904780,1.0,95.0,-38.8,43.1,49.99,57.5,239.4,False
2025-01-13T10:58:33.037196,2.0,77.0,40.9,36.2,49.99,23.6,240.6,False
2025-01-13T10:58:44.827117,1.0,40.8,-1.5,17.0,49.98,46.6,239.2,False
2025-01-13T10:58:44.964343,0.0,23.4,-31.8,17.2,49.98,51.9,237.8,False
2025-01-13T10:58:45.108807,2.0,68.4,143.7,66.3,49.99,19.1,240.8,False
2025-01-13T10:58:56.848670,1.0,34.0,-29.5,18.9,50.0,30.2,239.6,False
2025-01-13T10:58:56.987683,2.0,77.0,40.9,36.2,49.98,15.8,240.7,False
2025-01-13T10:59:20.864955,1.0,95.0,-38.8,43.1,49.98,45.2,239.6,False
2025-01-13T10:59:21.010054,2.0,39.6,82.5,37.9,49.98,20.0,240.8,False
2025-01-13T10:59:32.774092,0.0,123.3,-7.6,52.1,49.97,53.2,237.5,False
2025-01-13T10:59:32.887596,1.0,94.3,-37.9,42.9,49.97,80.6,239.4,False
2025-01-13T10:59:33.010628,2.0,68.4,143.7,66.3,49.96,32.4,240.5,False
2025-01-13T10:59:44.778607,0.0,99.1,-86.2,55.7,49.98,51.0,237.9,False
2025-01-13T10:59:44.932634,2.0,77.0,40.9,36.2,49.98,27.7,240.8,False
2025-01-13T10:59:45.086441,0.0,22.7,-80.2,35.1,49.99,53.0,237.8,False
2025-01-13T10:59:45.245753,1.0,95.0,-38.8,43.1,49.98,43.7,239.7,False
2025-01-13T10:59:45.423590,2.0,77.0,40.9,36.2,49.99,19.3,240.8,False
2025-01-13T10:59:56.775402,0.0,35.5,-5.3,15.2,49.98,55.3,237.9,False
2025-01-13T10:59:56.888574,1.0,94.3,-37.9,42.9,49.97,31.6,239.8,False
2025-01-13T10:59:56.992175,2.0,77.0,40.9,36.2,49.99,16.8,240.9,False
2025-01-13T11:00:08.788583,0.0,93.0,-9.8,39.6,49.96,52.4,237.7,False
2025-01-13T11:00:09.128604,1.0,95.0,-38.8,43.1,49.96,64.7,239.6,False
2025-01-13T11:00:09.498681,2.0,77.0,40.9,36.2,49.95,25.9,240.7,False
2025-01-13T11:00:32.859852,0.0,127.8,-5.3,54.0,49.96,57.6,237.6,False
2025-01-13T11:00:33.049989,1.0,94.3,-37.9,42.9,49.96,92.4,239.4,False
2025-01-13T11:00:33.208175,2.0,69.7,149.5,68.6,49.95,37.7,240.6,False
2025-01-13T11:00:33.359659,0.0,100.6,-5.3,42.5,49.95,51.9,237.6,False
2025-01-13T11:00:33.514723,1.0,95.0,-38.8,43.1,49.95,70.3,239.5,False
2025-01-13T11:00:33.652719,2.0,77.0,40.9,36.2,49.96,28.0,240.6,False
2025-01-13T11:00:56.859984,0.0,103.6,-1.5,43.7,49.96,57.4,237.6,False
2025-01-13T11:00:57.013042,1.0,95.0,-38.8,43.1,49.95,90.2,239.5,False
2025-01-13T11:00:57.159254,0.0,134.6,-3.8,56.8,49.95,52.4,237.6,False
2025-01-13T11:00:57.294183,1.0,95.0,-38.8,43.1,49.94,63.7,239.6,False
2025-01-13T11:00:57.432401,2.0,68.4,143.7,66.3,49.95,54.9,241.3,False
2025-01-13T11:00:57.574879,2.0,42.7,84.8,39.6,49.95,54.9,241.3,False
2025-01-13T11:00:57.744628,2.0,39.6,82.5,37.9,49.95,54.9,241.3,False
2025-01-13T11:00:57.902618,2.0,246.2,684.8,302.2,49.95,54.9,241.3,False
2025-01-13T11:00:58.058042,2.0,69.7,149.5,68.6,49.95,54.9,241.3,False
2025-01-13T11:01:08.794955,0.0,52.2,-4.5,22.0,49.96,53.3,237.5,False
2025-01-13T11:01:08.963112,1.0,94.3,-37.9,42.9,49.96,48.8,239.5,False
2025-01-13T11:01:09.114729,2.0,62.0,4.5,25.7,49.96,44.3,241.1,False
2025-01-13T11:01:09.303539,0.0,40.8,-58.2,30.0,49.96,53.3,237.6,False
2025-01-13T11:01:09.490625,1.0,14.4,-49.9,21.8,49.96,46.7,239.6,False
2025-01-13T11:01:09.705039,2.0,25.0,-49.2,22.9,49.96,42.2,241.2,False
2025-01-13T11:01:32.783348,0.0,71.8,-58.2,39.2,49.95,52.6,237.4,False
2025-01-13T11:01:32.918902,1.0,95.0,-38.8,43.1,49.96,57.0,239.5,False
2025-01-13T11:01:33.038720,2.0,77.0,40.9,36.2,49.96,50.2,241.0,False
2025-01-13T11:01:56.790593,0.0,46.1,-14.4,20.4,49.95,54.1,237.5,False
2025-01-13T11:01:56.924028,1.0,95.0,-38.8,43.1,49.95,46.0,239.5,False
2025-01-13T11:01:57.030164,2.0,77.0,40.9,36.2,49.94,43.2,241.1,False
2025-01-13T11:02:08.875992,1.0,37.8,8.3,16.2,49.94,32.4,239.6,False
2025-01-13T11:02:09.025294,2.0,34.0,15.9,15.6,49.94,34.8,241.2,False
2025-01-13T11:02:32.785370,0.0,115.0,-6.1,48.7,49.96,53.6,237.3,False
2025-01-13T11:02:32.910423,1.0,95.0,-38.8,43.1,49.95,74.1,239.3,False
2025-01-13T11:02:33.027541,2.0,77.0,40.9,36.2,49.95,63.7,240.8,False
2025-01-13T11:02:44.793207,0.0,94.5,-2.3,40.1,49.94,57.6,237.1,False
2025-01-13T11:02:44.931245,1.0,94.3,-37.9,42.9,49.95,92.3,239.1,False
2025-01-13T11:02:45.070830,2.0,68.4,143.7,66.3,49.95,79.2,240.8,False
2025-01-13T11:02:45.217955,0.0,93.8,-3.8,39.7,49.96,53.3,237.3,False
2025-01-13T11:02:45.363502,1.0,95.0,-38.8,43.1,49.96,73.4,239.2,False
2025-01-13T11:02:45.503558,2.0,77.0,40.9,36.2,49.96,63.5,240.9,False
2025-01-13T11:02:45.632893,1.0,94.3,-37.9,42.9,49.95,63.5,239.3,False
2025-01-13T11:02:45.765058,2.0,68.4,143.7,66.3,49.96,55.7,241.0,False
2025-01-13T11:02:56.785953,0.0,90.8,-7.6,38.4,49.94,55.2,237.3,False
2025-01-13T11:02:56.901736,1.0,106.6,-5.3,44.6,49.95,32.5,239.3,False
2025-01-13T11:02:57.002601,2.0,90.8,12.1,38.0,49.95,35.7,241.0,False
2025-01-13T11:03:08.784121,0.0,119.5,-9.8,50.4,49.95,53.5,237.5,False
2025-01-13T11:03:08.920193,1.0,95.0,-38.8,43.1,49.96,73.8,239.4,False
2025-01-13T11:03:09.036721,2.0,77.0,40.9,36.2,49.96,62.8,241.1,False
2025-01-13T11:03:32.839309,0.0,78.7,-5.3,33.1,49.94,54.0,237.4,False
2025-01-13T11:03:32.984308,1.0,95.0,-38.8,43.1,49.94,46.8,239.3,False
2025-01-13T11:03:33.120425,2.0,77.0,40.9,36.2,49.94,42.1,241.0,False
2025-01-13T11:03:33.262004,0.0,90.0,-2.3,38.2,49.95,54.1,237.1,False
2025-01-13T11:03:33.393667,1.0,95.0,-38.8,43.1,49.95,75.4,239.0,False
2025-01-13T11:03:33.535480,2.0,77.0,40.9,36.2,49.95,64.9,240.8,False
2025-01-13T11:03:56.790092,0.0,59.7,-0.8,25.2,49.95,53.0,237.0,False
2025-01-13T11:03:56.927007,1.0,95.0,-38.8,43.1,49.94,59.6,239.0,False
2025-01-13T11:03:57.073361,2.0,77.0,40.9,36.2,49.95,51.4,240.7,False
2025-01-13T11:03:57.202815,1.0,40.1,0.8,16.8,49.96,46.5,239.2,False
2025-01-13T11:03:57.329520,2.0,37.1,5.3,15.6,49.95,42.3,240.9,False
2025-01-13T11:04:32.854465,0.0,37.8,-5.3,15.9,49.94,55.7,237.0,False
2025-01-13T11:04:32.998040,1.0,40.8,-2.3,17.1,49.93,32.0,239.0,False
2025-01-13T11:04:33.134851,2.0,45.4,2.3,18.8,49.93,33.8,240.7,False
2025-01-13T11:04:33.285100,0.0,36.3,-3.8,15.4,49.93,52.8,237.0,False
2025-01-13T11:04:33.426090,1.0,95.0,-38.8,43.1,49.94,46.6,239.0,False
2025-01-13T11:04:33.570822,2.0,77.0,40.9,36.2,49.94,42.6,240.7,False
2025-01-13T11:04:56.788015,0.0,127.8,-6.8,53.7,49.95,54.2,237.3,False
2025-01-13T11:04:56.929050,1.0,94.3,-37.9,42.9,49.94,80.8,239.3,False
2025-01-13T11:04:57.061043,2.0,68.4,143.7,66.3,49.95,68.3,240.9,False
2025-01-13T11:05:08.791844,0.0,127.1,-6.1,53.6,49.94,52.5,237.2,False
2025-01-13T11:05:08.952382,1.0,95.0,-38.8,43.1,49.94,46.0,239.2,False
2025-01-13T11:05:09.099367,2.0,77.0,40.9,36.2,49.94,41.9,240.8,False
2025-01-13T11:05:32.865688,1.0,94.3,-37.9,42.9,49.97,31.7,239.4,False
2025-01-13T11:05:32.985166,2.0,68.4,143.7,66.3,49.96,32.9,241.0,False
2025-01-13T11:05:33.108276,0.0,91.5,-5.3,38.7,49.96,51.7,237.2,False
2025-01-13T11:05:33.254425,1.0,95.0,-38.8,43.1,49.97,62.4,239.2,False
2025-01-13T11:05:33.389964,2.0,77.0,40.9,36.2,49.96,53.3,240.9,False
2025-01-13T11:05:44.882349,2.0,246.2,684.8,302.2,49.97,24.9,240.0,False
2025-01-13T11:05:56.848807,0.0,93.0,-7.6,39.5,49.97,55.0,237.2,False
2025-01-13T11:05:56.968508,1.0,95.0,-38.8,43.1,49.96,31.7,239.2,False
2025-01-13T11:05:57.086126,2.0,77.0,40.9,36.2,49.97,16.2,240.3,False
2025-01-13T11:05:57.203249,0.0,119.5,-12.9,50.7,49.96,53.5,237.3,False
2025-01-13T11:05:57.302666,1.0,95.0,-38.8,43.1,49.96,73.1,239.1,False
2025-01-13T11:05:57.402601,2.0,77.0,40.9,36.2,49.96,28.9,240.2,False
2025-01-13T11:06:08.794208,0.0,99.1,-8.3,41.8,49.96,57.4,237.3,False
2025-01-13T11:06:08.918505,1.0,94.3,-37.9,42.9,49.96,93.4,239.3,False
2025-01-13T11:06:09.044611,2.0,68.4,143.7,66.3,49.96,37.0,240.3,False
2025-01-13T11:06:20.793539,0.0,60.5,-63.5,37.2,49.97,56.7,237.5,False
2025-01-13T11:06:20.932549,1.0,95.0,-38.8,43.1,49.97,91.5,239.4,False
2025-01-13T11:06:21.075210,2.0,77.0,40.9,36.2,49.97,36.4,240.4,False
2025-01-13T11:06:21.242075,2.0,77.0,40.9,36.2,49.97,36.3,240.4,False
2025-01-13T11:06:32.798212,0.0,41.6,-3.8,17.7,49.97,52.7,237.2,False
2025-01-13T11:06:32.942373,1.0,94.3,-37.9,42.9,49.97,51.8,239.0,False
2025-01-13T11:06:33.075300,2.0,77.0,40.9,36.2,49.96,22.2,240.2,False
2025-01-13T11:06:56.844372,0.0,40.8,-34.8,22.5,49.97,53.7,237.1,False
2025-01-13T11:06:56.976029,1.0,23.4,-31.0,16.3,49.97,48.1,239.0,False
2025-01-13T11:06:57.100886,2.0,68.4,143.7,66.3,49.98,20.2,240.1,False
2025-01-13T11:06:57.223983,0.0,55.2,-42.4,29.1,49.97,52.8,237.3,False
2025-01-13T11:06:57.348753,1.0,95.0,-38.8,43.1,49.97,59.4,239.2,False
2025-01-13T11:06:57.495805,2.0,77.0,40.9,36.2,49.96,23.8,240.3,False
2025-01-13T11:07:32.797559,0.0,38.6,-5.3,16.4,49.99,54.8,237.3,False
2025-01-13T11:07:32.940072,1.0,95.0,-38.8,43.1,49.99,32.0,239.2,False
2025-01-13T11:07:33.091463,2.0,77.0,40.9,36.2,50.0,16.3,240.4,False
2025-01-13T11:07:44.820138,2.0,246.2,684.8,302.2,49.99,13.8,240.6,False
2025-01-13T11:08:08.795391,0.0,102.9,-6.1,43.5,49.99,57.0,237.3,False
2025-01-13T11:08:08.930274,1.0,95.0,-38.8,43.1,49.99,92.8,239.2,False
2025-01-13T11:08:09.051904,2.0,77.0,40.9,36.2,50.0,38.4,240.3,False
2025-01-13T11:08:20.861002,0.0,48.4,-6.8,20.6,50.0,54.8,237.2,False
2025-01-13T11:08:21.003833,1.0,95.0,-38.8,43.1,50.01,31.6,239.1,False
2025-01-13T11:08:21.142496,2.0,77.0,40.9,36.2,50.0,13.6,240.2,False
2025-01-13T11:08:21.288647,0.0,33.3,-59.0,28.5,50.0,55.5,237.1,False
2025-01-13T11:08:21.446373,1.0,8.3,-48.4,20.5,50.01,31.7,239.0,False
2025-01-13T11:08:21.594572,2.0,93.8,-52.2,44.5,50.0,13.7,240.1,False
2025-01-13T11:08:44.873462,0.0,150.5,-70.3,69.7,49.99,52.2,237.4,False
2025-01-13T11:08:45.040012,1.0,95.0,-38.8,43.1,49.99,70.3,239.5,False
2025-01-13T11:08:45.210053,2.0,77.0,40.9,36.2,49.98,29.2,240.6,False
2025-01-13T11:08:45.354605,0.0,83.2,-7.6,35.0,50.0,52.8,237.2,False
2025-01-13T11:08:45.505751,1.0,95.0,-38.8,43.1,49.99,45.4,239.2,False
2025-01-13T11:08:45.649280,2.0,77.0,40.9,36.2,50.0,19.0,240.2,False
2025-01-13T11:08:56.800113,0.0,90.0,-11.3,38.2,50.0,53.1,237.2,False
2025-01-13T11:08:56.943869,1.0,95.0,-38.8,43.1,49.99,74.9,239.3,False
2025-01-13T11:08:57.079888,2.0,77.0,40.9,36.2,49.99,30.5,240.3,False
2025-01-13T11:09:08.807706,0.0,58.2,-6.1,24.7,50.0,52.7,237.2,False
2025-01-13T11:09:09.002114,1.0,95.0,-38.8,43.1,50.01,59.2,239.2,False
2025-01-13T11:09:09.190546,2.0,77.0,40.9,36.2,50.01,23.7,240.2,False
2025-01-13T11:09:20.828202,0.0,39.3,-5.3,16.6,50.01,53.9,237.0,False
2025-01-13T11:09:21.028076,1.0,37.8,-0.8,15.8,50.0,48.1,239.1,False
2025-01-13T11:09:21.208799,2.0,43.1,-2.3,17.6,50.01,19.4,240.0,False
2025-01-13T11:09:56.856958,0.0,38.6,-6.1,16.4,50.01,53.8,237.1,False
2025-01-13T11:09:57.015487,1.0,95.0,-38.8,43.1,50.0,59.7,239.1,False
2025-01-13T11:09:57.146761,2.0,77.0,40.9,36.2,50.01,23.8,240.1,False
2025-01-13T11:09:57.284250,1.0,95.0,-38.8,43.1,50.01,46.7,239.1,False
2025-01-13T11:09:57.411781,2.0,77.0,40.9,36.2,50.0,19.0,240.2,False
2025-01-13T11:10:20.875132,1.0,43.1,-1.5,18.1,50.0,32.2,239.3,False
2025-01-13T11:10:21.032821,2.0,46.9,4.5,19.9,50.0,14.3,240.4,False
2025-01-13T11:10:32.859985,0.0,121.0,-12.9,51.2,49.99,54.4,237.4,False
2025-01-13T11:10:32.997903,1.0,95.0,-38.8,43.1,50.0,75.5,239.4,False
2025-01-13T11:10:33.150536,2.0,77.0,40.9,36.2,50.0,31.7,240.4,False
2025-01-13T11:10:33.305132,0.0,87.0,-8.3,37.0,50.0,53.5,237.5,False
2025-01-13T11:10:33.462461,1.0,95.0,-38.8,43.1,50.0,46.6,239.5,False
2025-01-13T11:10:33.606630,2.0,77.0,40.9,36.2,50.01,19.9,240.6,False
2025-01-13T11:10:44.827231,0.0,89.2,-3.0,37.9,50.01,54.0,237.2,False
2025-01-13T11:10:45.026025,1.0,95.0,-38.8,43.1,50.01,72.8,239.3,False
2025-01-13T11:10:45.172302,0.0,130.1,-64.3,61.1,50.01,53.1,237.2,False
2025-01-13T11:10:45.333777,1.0,95.0,-38.8,43.1,50.01,46.3,239.3,False
2025-01-13T11:10:45.505197,2.0,115.7,-40.1,50.9,50.0,40.6,240.8,False
2025-01-13T11:10:56.873034,0.0,132.4,-66.6,62.5,50.01,53.9,237.2,False
2025-01-13T11:10:57.046614,1.0,95.0,-38.8,43.1,50.01,75.0,239.3,False
2025-01-13T11:10:57.197338,2.0,77.0,40.9,36.2,50.01,67.3,240.8,False
2025-01-13T11:10:57.346861,0.0,37.1,-3.8,15.7,50.01,52.4,237.2,False
2025-01-13T11:10:57.490712,1.0,95.0,-38.8,43.1,50.0,64.3,239.2,False
2025-01-13T11:10:57.639179,2.0,77.0,40.9,36.2,50.0,58.1,240.8,False
2025-01-13T11:11:08.871709,0.0,139.2,-90.8,70.0,50.01,55.3,237.1,False
2025-01-13T11:11:09.011657,1.0,118.7,-77.1,59.2,50.0,32.0,239.2,False
2025-01-13T11:11:09.158584,2.0,123.3,-59.7,56.9,50.0,69.5,240.8,False
2025-01-13T11:11:09.304487,0.0,48.4,-81.7,40.1,50.0,55.7,237.1,False
2025-01-13T11:11:09.456101,1.0,95.0,-38.8,43.1,50.01,31.3,239.1,False
2025-01-13T11:11:09.601060,1.0,95.0,-38.8,43.1,50.01,31.3,239.1,False
2025-01-13T11:11:09.742418,2.0,246.2,684.8,302.2,49.99,30.7,240.7,False
2025-01-13T11:11:09.906197,2.0,246.2,684.8,302.2,49.99,30.7,240.7,False
2025-01-13T11:11:32.817767,0.0,219.3,-15.1,92.7,50.02,57.2,237.2,False
2025-01-13T11:11:33.008831,1.0,95.0,-38.8,43.1,50.02,92.3,239.2,False
2025-01-13T11:11:33.167331,2.0,68.4,143.7,66.3,50.01,86.1,240.8,False
2025-01-13T11:11:56.811503,0.0,117.2,-8.3,49.6,50.0,52.6,237.1,False
2025-01-13T11:11:56.959808,1.0,95.0,-38.8,43.1,50.02,44.2,239.1,False
2025-01-13T11:11:57.097093,2.0,68.4,143.7,66.3,50.01,39.5,240.7,False
2025-01-13T11:12:20.809657,0.0,32.5,-46.1,23.8,50.02,53.5,237.2,False
2025-01-13T11:12:20.950635,1.0,10.6,-41.6,17.9,50.01,43.5,239.1,False
2025-01-13T11:12:21.103983,2.0,18.2,-39.3,18.0,50.02,37.5,240.7,False
2025-01-13T11:12:32.813314,0.0,65.0,-50.7,34.8,50.02,51.7,237.2,False
2025-01-13T11:12:32.966482,1.0,95.0,-38.8,43.1,50.02,56.3,239.2,False
2025-01-13T11:12:33.137028,2.0,77.0,40.9,36.2,50.03,49.3,240.8,False
2025-01-13T11:12:56.809290,0.0,37.1,-6.1,15.7,50.02,53.9,237.0,False
2025-01-13T11:12:56.956375,1.0,95.0,-38.8,43.1,50.02,29.9,239.1,False
2025-01-13T11:12:57.099036,2.0,77.0,40.9,36.2,50.03,28.9,240.7,False
2025-01-13T11:13:20.817233,0.0,91.5,-9.1,38.9,50.01,51.6,236.9,False
2025-01-13T11:13:20.984400,1.0,95.0,-38.8,43.1,50.02,61.9,239.0,False
2025-01-13T11:13:21.131525,2.0,77.0,40.9,36.2,50.03,54.0,240.6,False
2025-01-13T11:13:32.808570,0.0,133.9,-5.3,56.8,50.03,57.4,236.7,False
2025-01-13T11:13:32.961817,1.0,94.3,-37.9,42.9,50.03,89.8,238.9,False
2025-01-13T11:13:33.103362,2.0,68.4,143.7,66.3,50.03,81.9,240.5,False
2025-01-13T11:13:44.883868,0.0,93.8,-9.8,39.8,50.01,53.7,236.9,False
2025-01-13T11:13:45.066721,1.0,95.0,-38.8,43.1,50.02,46.0,239.0,False
2025-01-13T11:13:45.235794,2.0,77.0,40.9,36.2,50.02,38.6,240.6,False
2025-01-13T11:13:45.407028,0.0,35.5,-6.1,15.2,50.01,55.5,236.9,False
2025-01-13T11:13:45.633007,1.0,94.3,-37.9,42.9,50.02,31.8,239.0,False
2025-01-13T11:13:45.792262,2.0,68.4,143.7,66.3,50.02,29.2,240.6,False
2025-01-13T11:14:08.841376,0.0,77.9,-6.8,33.1,50.02,57.7,236.9,False
2025-01-13T11:14:09.019775,1.0,95.0,-38.8,43.1,50.02,91.9,239.1,False
2025-01-13T11:14:09.194988,2.0,77.0,40.9,36.2,50.02,81.2,240.7,False
2025-01-13T11:14:32.837183,0.0,42.4,-4.5,18.1,50.0,54.5,236.9,False
2025-01-13T11:14:33.032213,1.0,95.0,-38.8,43.1,50.01,59.6,239.0,False
2025-01-13T11:14:33.192228,2.0,77.0,40.9,36.2,50.01,51.9,240.6,False
2025-01-13T11:14:44.819543,0.0,49.2,-7.6,20.7,50.0,53.6,236.6,False
2025-01-13T11:14:44.970560,1.0,45.4,-1.5,18.9,50.0,44.7,238.7,False
2025-01-13T11:14:45.148533,2.0,40.1,3.0,16.6,50.0,40.5,240.2,False
2025-01-13T11:15:08.943112,1.0,95.0,-38.8,43.1,50.01,56.6,239.3,False
2025-01-13T11:15:09.148601,2.0,77.0,40.9,36.2,50.0,50.7,240.9,False
2025-01-13T11:15:32.814818,0.0,40.1,-23.4,19.5,50.0,54.6,237.2,False
2025-01-13T11:15:32.979863,1.0,95.0,-38.8,43.1,50.01,46.4,239.3,False
2025-01-13T11:15:33.143213,2.0,77.0,40.9,36.2,49.99,40.5,240.9,False
2025-01-13T11:15:44.917139,1.0,40.1,17.4,18.3,49.98,31.3,239.3,False
2025-01-13T11:15:45.183192,2.0,29.5,26.5,16.5,49.99,29.2,240.9,False
2025-01-13T11:15:45.352018,2.0,246.2,684.8,302.2,49.99,14.4,240.3,False
2025-01-13T11:15:56.869641,0.0,27.2,-49.9,23.8,49.99,56.5,237.0,False
2025-01-13T11:15:57.006545,1.0,7.6,-40.8,17.2,49.99,31.3,239.0,False
2025-01-13T11:15:57.134158,2.0,246.2,684.8,302.2,49.99,14.3,240.1,False
2025-01-13T11:15:57.278063,0.0,28.0,-47.6,23.3,49.98,56.1,237.1,False
2025-01-13T11:15:57.403710,1.0,95.0,-38.8,43.1,50.0,30.7,239.1,False
2025-01-13T11:15:57.543195,1.0,95.0,-38.8,43.1,50.0,30.7,239.1,False
2025-01-13T11:15:57.674004,2.0,77.0,40.9,36.2,49.99,14.1,240.1,False
2025-01-13T11:15:57.824560,0.0,119.5,-10.6,50.7,49.99,52.5,237.0,False
2025-01-13T11:15:57.982078,1.0,95.0,-38.8,43.1,49.99,69.4,239.0,False
2025-01-13T11:15:58.135845,2.0,68.4,143.7,66.3,50.0,28.7,240.1,False
2025-01-13T11:16:08.827074,0.0,102.9,-2.3,43.4,50.0,57.2,237.1,False
2025-01-13T11:16:09.000731,1.0,94.3,-37.9,42.9,50.0,90.4,239.1,False
2025-01-13T11:16:09.177588,2.0,57.4,120.5,55.5,50.0,38.8,240.1,False
2025-01-13T11:16:20.822852,0.0,93.8,-0.8,39.6,50.0,54.2,237.1,False
2025-01-13T11:16:21.011583,1.0,95.0,-38.8,43.1,50.0,73.4,239.0,False
2025-01-13T11:16:21.227609,2.0,77.0,40.9,36.2,50.0,30.5,240.1,False
2025-01-13T11:16:32.824846,0.0,93.8,-7.6,39.9,50.01,55.9,237.1,False
2025-01-13T11:16:33.006710,1.0,94.3,-37.9,42.9,50.01,31.7,239.1,False
2025-01-13T11:16:33.162419,2.0,57.4,120.5,55.5,50.01,14.0,240.1,False
2025-01-13T11:16:56.885069,0.0,88.5,-9.8,37.6,50.0,53.5,237.1,False
2025-01-13T11:16:57.031799,1.0,95.0,-38.8,43.1,50.02,63.4,239.1,False
2025-01-13T11:16:57.166124,2.0,77.0,40.9,36.2,50.01,25.7,240.2,False
2025-01-13T11:16:57.297324,0.0,124.8,-6.8,52.7,50.0,58.7,237.1,False
2025-01-13T11:16:57.446496,1.0,94.3,-37.9,42.9,50.0,92.4,239.1,False
2025-01-13T11:16:57.575481,2.0,69.7,149.5,68.6,50.02,39.7,240.2,False
2025-01-13T11:17:20.831529,0.0,60.5,-5.3,25.6,50.02,55.7,237.1,False
2025-01-13T11:17:21.002514,1.0,95.0,-38.8,43.1,50.02,81.6,239.0,False
2025-01-13T11:17:21.197848,2.0,77.0,40.9,36.2,50.02,35.0,240.2,False
2025-01-13T11:17:32.820980,0.0,114.2,-4.5,48.3,50.03,54.4,237.2,False
2025-01-13T11:17:32.972155,1.0,94.3,-37.9,42.9,50.03,44.9,239.3,False
2025-01-13T11:17:33.111294,2.0,68.4,143.7,66.3,50.03,18.0,240.4,False
2025-01-13T11:17:44.822283,0.0,49.9,-73.4,37.3,50.01,53.6,237.2,False
2025-01-13T11:17:44.963505,1.0,12.9,-59.7,25.4,50.02,46.4,239.1,False
2025-01-13T11:17:45.099284,2.0,69.7,149.5,68.6,50.01,19.1,240.2,False
2025-01-13T11:17:56.822293,0.0,80.2,-74.1,46.2,49.99,54.1,237.0,False
2025-01-13T11:17:56.969327,1.0,95.0,-38.8,43.1,49.98,59.2,239.0,False
2025-01-13T11:17:57.092928,2.0,77.0,40.9,36.2,49.99,24.2,240.2,False
2025-01-13T11:18:08.824015,0.0,35.5,-3.0,15.1,50.01,53.6,237.1,False
2025-01-13T11:18:08.945608,1.0,95.0,-38.8,43.1,50.01,46.5,239.1,False
2025-01-13T11:18:09.100274,2.0,77.0,40.9,36.2,50.01,19.3,240.2,False
2025-01-13T11:18:32.822353,0.0,46.9,-28.7,23.0,50.02,55.6,236.9,False
2025-01-13T11:18:32.971351,1.0,46.1,-24.2,21.7,50.02,31.3,238.9,False
2025-01-13T11:18:33.114517,2.0,79.4,-15.9,33.4,50.01,14.2,240.1,False
2025-01-13T11:18:44.830000,0.0,103.6,-31.8,45.7,50.01,52.5,236.9,False
2025-01-13T11:18:44.973001,1.0,95.0,-38.8,43.1,49.99,64.3,239.0,False
2025-01-13T11:18:45.122714,2.0,77.0,40.9,36.2,50.0,27.1,240.1,False
2025-01-13T11:18:56.887979,0.0,126.3,-3.0,53.6,49.97,57.9,236.7,False
2025-01-13T11:18:57.030015,1.0,94.3,-37.9,42.9,49.97,94.6,238.7,False
2025-01-13T11:18:57.178420,2.0,68.4,143.7,66.3,49.97,41.5,239.9,False
2025-01-13T11:18:57.316186,0.0,99.1,-6.1,42.0,49.98,53.8,236.8,False
2025-01-13T11:18:57.448414,1.0,95.0,-38.8,43.1,49.97,74.4,238.7,False
2025-01-13T11:18:57.624343,2.0,77.0,40.9,36.2,49.98,32.3,239.8,False
2025-01-13T11:19:20.824857,0.0,108.9,-6.8,46.2,49.98,57.7,236.9,False
2025-01-13T11:19:20.994279,1.0,94.3,-37.9,42.9,49.98,32.0,239.0,False
2025-01-13T11:19:21.216043,2.0,68.4,143.7,66.3,49.98,15.6,240.0,False
2025-01-13T11:19:32.822402,0.0,81.7,-5.3,34.7,49.98,52.6,236.8,False
2025-01-13T11:19:32.973962,1.0,95.0,-38.8,43.1,49.98,62.8,238.9,False
2025-01-13T11:19:33.116425,2.0,77.0,40.9,36.2,49.98,26.4,239.8,False
2025-01-13T11:19:44.824883,0.0,121.8,-8.3,51.6,49.98,57.9,236.8,False
2025-01-13T11:19:44.979963,1.0,94.3,-37.9,42.9,49.98,92.6,238.8,False
2025-01-13T11:19:45.114438,2.0,68.4,143.7,66.3,49.98,40.4,239.9,False
2025-01-13T11:19:56.824353,0.0,140.7,-4.5,59.5,49.97,53.2,236.8,False
2025-01-13T11:19:56.962216,2.0,77.0,40.9,36.2,49.98,24.3,239.9,False
2025-01-13T11:19:57.102146,1.0,95.0,-38.8,43.1,49.98,45.4,238.9,False
2025-01-13T11:20:32.869673,1.0,95.0,-38.8,43.1,49.99,58.0,238.9,False
2025-01-13T11:20:32.987285,1.0,95.0,-38.8,43.1,49.99,58.0,238.9,False
2025-01-13T11:20:44.862787,2.0,68.4,143.7,66.3,50.0,50.9,240.4,False
2025-01-13T11:20:56.866060,0.0,25.7,-49.9,23.5,50.0,55.0,236.6,False
2025-01-13T11:20:57.001969,1.0,94.3,-37.9,42.9,49.99,57.0,238.7,False
2025-01-13T11:20:57.135833,2.0,18.9,-40.1,18.2,49.99,51.8,240.1,False
2025-01-13T11:20:57.257706,0.0,9.8,-42.4,18.3,49.99,53.6,236.7,False
2025-01-13T11:20:57.380068,1.0,95.0,-38.8,43.1,49.99,43.7,238.7,False
2025-01-13T11:20:57.497718,2.0,77.0,40.9,36.2,49.99,40.6,240.2,False
2025-01-13T11:20:57.616705,1.0,95.0,-38.8,43.1,49.98,31.3,238.7,False
2025-01-13T11:20:57.747511,2.0,77.0,40.9,36.2,49.99,29.5,240.2,False
2025-01-13T11:21:32.827772,0.0,98.3,-6.1,41.7,50.01,59.1,236.4,False
2025-01-13T11:21:32.973526,1.0,95.0,-38.8,43.1,50.01,91.0,238.4,False
2025-01-13T11:21:33.128185,2.0,77.0,40.9,36.2,50.0,84.0,239.9,False
2025-01-13T11:21:44.828033,0.0,89.2,1.5,38.2,49.99,55.0,236.8,False
2025-01-13T11:21:44.973722,1.0,95.0,-38.8,43.1,50.0,74.5,238.9,False
2025-01-13T11:21:45.104727,2.0,77.0,40.9,36.2,49.99,67.7,240.3,False
2025-01-13T11:21:56.884796,0.0,83.9,-6.8,35.5,50.01,54.6,236.8,False
2025-01-13T11:21:57.022386,1.0,106.6,-3.8,44.7,50.0,44.4,238.9,False
2025-01-13T11:21:57.139419,2.0,101.3,7.6,42.3,50.0,40.5,240.3,False
2025-01-13T11:21:57.270643,0.0,43.1,-3.0,18.2,49.99,55.8,236.7,False
2025-01-13T11:21:57.392260,1.0,39.3,-3.8,16.5,50.0,32.3,238.8,False
2025-01-13T11:21:57.521055,2.0,39.3,4.5,16.5,49.99,29.9,240.3,False
2025-01-13T11:22:08.829290,0.0,87.0,-12.1,37.0,49.99,53.3,236.8,False
2025-01-13T11:22:08.972285,1.0,95.0,-38.8,43.1,50.0,64.5,238.8,False
2025-01-13T11:22:09.116033,2.0,77.0,40.9,36.2,49.99,57.2,240.3,False
2025-01-13T11:22:32.883234,0.0,133.1,0.8,56.3,49.99,58.3,236.7,False
2025-01-13T11:22:33.028048,1.0,94.3,-37.9,42.9,50.0,92.0,238.7,False
2025-01-13T11:22:33.148978,2.0,68.4,143.7,66.3,49.99,85.3,240.3,False
2025-01-13T11:22:33.269357,0.0,65.8,-1.5,27.7,50.0,54.6,236.6,False
2025-01-13T11:22:33.404575,1.0,95.0,-38.8,43.1,49.99,79.6,238.7,False
2025-01-13T11:22:33.529749,2.0,77.0,40.9,36.2,50.0,71.4,240.2,False
2025-01-13T11:22:56.828766,0.0,121.8,-3.8,51.7,49.99,53.7,236.9,False
2025-01-13T11:22:56.953609,1.0,94.3,-37.9,42.9,50.0,46.5,238.9,False
2025-01-13T11:22:57.069218,2.0,68.4,143.7,66.3,49.99,41.5,240.5,False
2025-01-13T11:23:08.906190,1.0,40.1,-0.8,16.8,50.01,31.0,239.3,False
2025-01-13T11:23:09.040226,2.0,37.1,7.6,15.8,50.0,29.8,240.9,False
2025-01-13T11:23:32.831268,0.0,39.3,-3.8,16.8,50.02,54.7,237.0,False
2025-01-13T11:23:32.957199,1.0,95.0,-38.8,43.1,50.02,45.6,239.1,False
2025-01-13T11:23:33.088699,2.0,77.0,40.9,36.2,50.02,40.8,240.7,False
2025-01-13T11:23:56.832040,0.0,47.6,-4.5,20.2,50.03,55.6,236.9,False
2025-01-13T11:23:56.958106,1.0,95.0,-38.8,43.1,50.02,31.2,239.0,False
2025-01-13T11:23:57.089106,2.0,77.0,40.9,36.2,50.02,28.0,240.5,False
2025-01-13T11:24:32.835197,0.0,121.0,-9.1,51.8,50.0,55.0,236.4,False
2025-01-13T11:24:32.957394,1.0,95.0,-38.8,43.1,50.0,74.9,238.4,False
2025-01-13T11:24:33.069555,2.0,77.0,40.9,36.2,49.99,66.8,240.0,False
2025-01-13T11:24:44.835542,0.0,121.0,-9.8,51.5,49.99,55.4,236.6,False
2025-01-13T11:24:44.986800,1.0,95.0,-38.8,43.1,49.98,32.7,238.6,False
2025-01-13T11:24:45.132861,2.0,77.0,40.9,36.2,49.99,30.3,240.2,False
2025-01-13T11:25:08.841764,0.0,136.1,-11.3,57.4,50.01,55.6,237.0,False
2025-01-13T11:25:08.991118,1.0,95.0,-38.8,43.1,50.0,74.2,238.9,False
2025-01-13T11:25:09.136626,2.0,77.0,40.9,36.2,50.01,66.6,240.5,False
2025-01-13T11:25:32.897157,0.0,101.3,-8.3,42.8,50.0,53.9,236.8,False
2025-01-13T11:25:33.041196,1.0,95.0,-38.8,43.1,50.0,46.3,238.7,False
2025-01-13T11:25:33.175487,2.0,77.0,40.9,36.2,50.0,41.6,240.4,False
2025-01-13T11:25:33.310212,1.0,42.4,-2.3,17.8,50.0,32.9,238.8,False
2025-01-13T11:25:33.441380,2.0,42.4,3.8,17.7,49.99,31.0,240.4,False
2025-01-13T11:25:44.890690,2.0,246.2,684.8,302.2,50.0,14.5,240.0,False
2025-01-13T11:26:32.837090,0.0,21.9,-38.6,18.6,50.0,56.4,237.0,False
2025-01-13T11:26:33.018522,2.0,246.2,684.8,302.2,50.0,14.1,240.0,False
2025-01-13T11:26:56.838589,0.0,116.5,-45.4,52.8,50.01,53.8,236.9,False
2025-01-13T11:26:56.983080,1.0,95.0,-38.8,43.1,50.01,65.0,238.9,False
2025-01-13T11:26:57.142526,2.0,77.0,40.9,36.2,50.01,27.7,240.0,False
2025-01-13T11:27:20.840994,0.0,94.5,-8.3,40.1,50.03,55.2,236.9,False
2025-01-13T11:27:20.983640,1.0,95.0,-38.8,43.1,50.02,31.1,238.9,False
2025-01-13T11:27:21.137852,2.0,77.0,40.9,36.2,50.03,14.5,240.0,False
2025-01-13T11:27:56.839261,0.0,88.5,-12.1,37.4,50.02,53.7,237.3,False
2025-01-13T11:27:56.981432,1.0,95.0,-38.8,43.1,50.02,63.3,239.2,False
2025-01-13T11:27:57.118460,2.0,77.0,40.9,36.2,50.02,25.7,240.3,False
2025-01-13T11:28:32.840434,0.0,83.2,-11.3,35.1,50.02,55.6,236.9,False
2025-01-13T11:28:32.986931,1.0,95.0,-38.8,43.1,50.01,32.3,238.9,False
2025-01-13T11:28:33.158315,2.0,77.0,40.9,36.2,50.02,13.6,240.0,False
2025-01-13T11:29:56.838870,0.0,77.9,-10.6,33.2,50.0,53.2,236.9,False
2025-01-13T11:29:56.955058,1.0,95.0,-38.8,43.1,50.0,65.4,238.8,False
2025-01-13T11:29:57.059846,2.0,77.0,40.9,36.2,50.0,27.2,239.8,False
2025-01-13T11:30:20.842059,0.0,76.4,-11.3,32.7,50.0,54.9,237.0,False
2025-01-13T11:30:20.987834,1.0,95.0,-38.8,43.1,50.01,34.4,239.0,False
2025-01-13T11:30:21.116861,2.0,77.0,40.9,36.2,50.0,15.8,240.0,False
2025-01-13T11:30:44.899374,0.0,83.2,-8.3,35.5,49.98,53.8,236.8,False
2025-01-13T11:30:45.075372,1.0,95.0,-38.8,43.1,49.98,66.1,238.7,False
2025-01-13T11:30:45.215182,2.0,77.0,40.9,36.2,49.97,28.4,239.8,False
2025-01-13T11:30:56.841469,0.0,82.4,-10.6,35.1,49.96,58.1,236.9,False
2025-01-13T11:30:56.989039,1.0,95.0,-38.8,43.1,49.98,31.2,238.9,False
2025-01-13T11:30:57.128152,2.0,77.0,40.9,36.2,49.98,31.3,240.4,False
2025-01-13T11:31:56.844180,0.0,60.5,-85.5,44.1,49.99,55.9,236.7,False
2025-01-13T11:31:56.984012,1.0,11.3,-71.1,30.1,49.98,32.3,238.7,False
2025-01-13T11:31:57.114353,2.0,17.4,-71.1,30.4,49.99,31.6,240.3,False
2025-01-13T11:32:32.844795,0.0,146.7,-91.5,73.0,49.99,53.6,236.8,False
2025-01-13T11:32:32.987322,1.0,95.0,-38.8,43.1,50.0,65.0,238.7,False
2025-01-13T11:32:33.121549,2.0,77.0,40.9,36.2,49.99,59.1,240.3,False
2025-01-13T11:32:44.845311,0.0,94.5,-7.6,40.1,49.98,56.4,236.8,False
2025-01-13T11:32:44.976647,1.0,95.0,-38.8,43.1,49.97,31.8,238.6,False
2025-01-13T11:32:45.099218,2.0,77.0,40.9,36.2,49.98,30.7,240.2,False
2025-01-13T11:33:32.843468,0.0,90.8,-8.3,38.4,49.97,54.1,236.9,False
2025-01-13T11:33:32.968159,1.0,95.0,-38.8,43.1,49.97,64.5,238.8,False
2025-01-13T11:33:33.101651,2.0,77.0,40.9,36.2,49.97,57.0,240.4,False
2025-01-13T11:33:56.845017,0.0,121.8,-65.0,58.2,49.97,55.2,236.8,False
2025-01-13T11:33:56.988394,1.0,95.0,-38.8,43.1,49.98,34.2,238.8,False
2025-01-13T11:33:57.110248,2.0,77.0,40.9,36.2,49.97,31.4,240.3,False
2025-01-13T11:34:32.847267,0.0,40.1,-58.2,29.9,49.98,57.1,236.7,False
2025-01-13T11:34:32.988776,1.0,95.0,-38.8,43.1,49.98,31.9,238.7,False
2025-01-13T11:34:33.125132,1.0,95.0,-38.8,43.1,49.98,31.9,238.7,False
2025-01-13T11:34:33.257604,2.0,77.0,40.9,36.2,49.98,29.7,240.1,False
2025-01-13T11:35:32.848382,0.0,78.7,-8.3,33.3,49.99,54.1,236.8,False
2025-01-13T11:35:32.976849,1.0,95.0,-38.8,43.1,50.0,64.3,238.8,False
2025-01-13T11:35:33.108715,2.0,57.4,120.5,55.5,50.0,56.9,240.3,False
2025-01-13T11:35:44.925468,2.0,246.2,684.8,302.2,50.01,27.0,240.0,False
2025-01-13T11:35:45.088577,0.0,83.2,-9.8,35.3,50.01,54.8,236.9,False
2025-01-13T11:35:45.251467,1.0,95.0,-38.8,43.1,50.01,34.4,239.0,False
2025-01-13T11:35:45.389660,2.0,77.0,40.9,36.2,50.0,15.1,240.0,False
2025-01-13T11:36:08.850114,0.0,71.1,-7.6,30.5,49.99,54.9,236.5,False
2025-01-13T11:36:08.999374,1.0,95.0,-38.8,43.1,49.99,66.3,238.6,False
2025-01-13T11:36:09.141665,2.0,77.0,40.9,36.2,49.99,27.3,239.6,False
2025-01-13T11:36:32.847471,0.0,100.6,-44.6,46.8,49.99,55.7,236.8,False
2025-01-13T11:36:32.980100,1.0,95.0,-38.8,43.1,49.99,32.9,238.8,False
2025-01-13T11:36:33.118574,2.0,77.0,40.9,36.2,49.99,14.4,239.8,False
2025-01-13T11:37:20.860829,0.0,23.4,-37.8,18.9,50.01,55.7,236.7,False
2025-01-13T11:37:20.991828,2.0,77.0,40.9,36.2,50.01,13.6,239.7,False
2025-01-13T11:37:56.852520,0.0,85.5,-12.1,36.2,50.01,54.1,237.0,False
2025-01-13T11:37:56.993462,1.0,95.0,-38.8,43.1,50.01,65.3,239.0,False
2025-01-13T11:37:57.149475,2.0,53.4,108.7,50.5,50.01,25.9,240.1,False
2025-01-13T11:38:20.857453,0.0,71.8,-10.6,30.6,50.01,56.6,237.0,False
2025-01-13T11:38:21.024668,1.0,95.0,-38.8,43.1,50.01,34.7,239.0,False
2025-01-13T11:38:21.163631,2.0,77.0,40.9,36.2,50.01,16.1,240.1,False
2025-01-13T11:38:32.867057,0.0,40.1,-60.5,30.2,49.99,57.7,236.6,False
2025-01-13T11:38:33.049278,1.0,15.1,-52.9,22.7,49.99,34.0,238.6,False
2025-01-13T11:38:33.190487,2.0,246.2,684.8,302.2,49.99,14.4,239.7,False
2025-01-13T11:38:56.852478,0.0,109.7,-68.8,54.8,50.0,54.0,236.6,False
2025-01-13T11:38:56.999049,1.0,95.0,-38.8,43.1,50.01,65.8,238.6,False
2025-01-13T11:38:57.118027,2.0,77.0,40.9,36.2,49.99,26.8,239.6,False
2025-01-13T11:39:32.849391,0.0,83.9,-11.3,35.9,50.01,56.0,236.7,False
2025-01-13T11:39:33.011206,1.0,95.0,-38.8,43.1,50.01,32.7,238.7,False
2025-01-13T11:39:33.164868,2.0,77.0,40.9,36.2,50.0,14.5,239.8,False
2025-01-13T11:40:44.893471,2.0,57.4,120.5,55.5,50.02,29.6,240.1,False
2025-01-13T11:40:56.853042,0.0,93.0,-10.6,39.5,50.02,53.0,236.6,False
2025-01-13T11:40:57.003415,1.0,95.0,-38.8,43.1,50.02,65.4,238.7,False
2025-01-13T11:40:57.138580,2.0,77.0,40.9,36.2,50.01,58.7,240.3,False
2025-01-13T11:41:20.856778,0.0,80.2,-9.8,34.0,50.0,55.0,236.5,False
2025-01-13T11:41:20.996008,1.0,95.0,-38.8,43.1,50.0,34.4,238.6,False
2025-01-13T11:41:21.141105,2.0,77.0,40.9,36.2,50.01,30.5,240.1,False
2025-01-13T11:41:44.859278,0.0,13.6,-77.1,33.2,50.01,54.1,236.5,False
2025-01-13T11:41:45.014582,1.0,45.5,76.3,37.5,50.01,62.8,238.5,False
2025-01-13T11:41:45.160042,2.0,53.4,108.7,50.5,50.01,56.0,240.1,False
2025-01-13T11:41:56.855942,0.0,21.2,-78.7,34.3,50.02,55.4,236.7,False
2025-01-13T11:41:57.023678,1.0,45.5,76.3,37.5,50.0,31.5,238.7,False
2025-01-13T11:41:57.177831,2.0,77.0,40.9,36.2,50.01,29.2,240.3,False
2025-01-13T11:42:44.858269,0.0,50.7,-81.7,40.6,50.02,55.5,236.7,False
2025-01-13T11:42:44.988445,1.0,13.6,-71.1,30.3,50.03,31.2,238.6,False
2025-01-13T11:42:45.136032,2.0,77.0,40.9,36.2,50.02,28.1,240.2,False
2025-01-13T11:43:32.858129,0.0,108.2,-55.2,51.1,50.03,53.5,236.9,False
2025-01-13T11:43:33.037865,1.0,95.0,-38.8,43.1,50.02,63.0,238.8,False
2025-01-13T11:43:33.187451,2.0,77.0,40.9,36.2,50.03,54.7,240.4,False
2025-01-13T11:43:44.903110,0.0,28.7,-37.8,19.9,50.04,53.8,237.0,False
2025-01-13T11:43:45.049862,2.0,78.5,170.7,78.3,50.03,53.1,240.5,False
2025-01-13T11:43:45.182052,0.0,78.7,-9.1,33.4,50.03,54.8,237.0,False
2025-01-13T11:43:45.329290,1.0,95.0,-38.8,43.1,50.03,33.2,239.0,False
2025-01-13T11:43:45.486015,2.0,77.0,40.9,36.2,50.04,28.1,240.5,False
2025-01-13T11:44:32.860391,0.0,72.6,-3.0,31.0,50.03,54.0,236.6,False
2025-01-13T11:44:33.022487,1.0,95.0,-38.8,43.1,50.04,62.6,238.5,False
2025-01-13T11:44:33.181276,2.0,77.0,40.9,36.2,50.03,56.1,240.1,False
2025-01-13T11:44:56.858215,0.0,85.5,-6.8,36.3,50.01,56.8,236.7,False
2025-01-13T11:44:56.974972,1.0,95.0,-38.8,43.1,50.0,31.8,238.6,False
2025-01-13T11:44:57.106259,2.0,77.0,40.9,36.2,50.01,30.4,240.2,False
2025-01-13T11:45:44.914210,2.0,246.2,684.8,302.2,50.02,14.6,240.4,False
2025-01-13T11:46:08.869489,0.0,35.5,-72.6,33.7,50.02,55.7,237.0,False
2025-01-13T11:46:09.031008,1.0,1.5,-59.7,24.8,50.03,33.3,239.0,False
2025-01-13T11:46:09.169372,2.0,246.2,684.8,302.2,50.02,14.9,240.1,False
2025-01-13T11:46:32.874985,0.0,126.3,-84.7,64.5,50.04,54.4,236.8,False
2025-01-13T11:46:33.050493,1.0,95.0,-38.8,43.1,50.02,66.3,238.8,False
2025-01-13T11:46:33.263475,2.0,77.0,40.9,36.2,50.03,26.6,239.8,False
2025-01-13T11:46:44.861717,0.0,91.5,-12.1,39.1,50.02,56.7,236.8,False
2025-01-13T11:46:45.039807,1.0,95.0,-38.8,43.1,50.03,31.4,238.9,False
2025-01-13T11:46:45.193391,2.0,77.0,40.9,36.2,50.03,13.9,240.0,False
2025-01-13T11:47:08.866814,0.0,62.0,13.6,26.9,50.03,54.3,236.7,False
2025-01-13T11:47:09.000883,1.0,95.0,-38.8,43.1,50.02,63.4,238.7,False
2025-01-13T11:47:09.136755,2.0,77.0,40.9,36.2,50.02,25.5,239.7,False
2025-01-13T11:47:32.859855,0.0,56.0,14.4,24.4,50.02,56.1,236.6,False
2025-01-13T11:47:32.990194,1.0,95.0,-38.8,43.1,50.03,34.1,238.6,False
2025-01-13T11:47:33.109377,2.0,77.0,40.9,36.2,50.02,14.7,239.6,False
2025-01-13T11:47:56.868507,0.0,56.0,-83.9,42.8,50.03,56.1,236.7,False
2025-01-13T11:47:57.009890,1.0,12.9,-68.8,29.4,50.02,31.8,238.7,False
2025-01-13T11:47:57.145806,2.0,78.5,170.7,78.3,50.02,13.8,239.7,False
2025-01-13T11:48:20.889439,2.0,77.0,40.9,36.2,50.03,14.8,239.9,False
2025-01-13T11:48:32.919452,1.0,95.0,-38.8,43.1,50.03,52.2,238.8,False
2025-01-13T11:48:33.058671,0.0,18.2,-31.8,15.4,50.03,57.2,236.8,False
2025-01-13T11:48:33.188461,1.0,95.0,-38.8,43.1,50.02,32.6,238.8,False
2025-01-13T11:48:33.318176,2.0,80.1,177.4,81.0,50.01,14.1,239.8,False
2025-01-13T11:48:56.863697,0.0,89.2,-8.3,38.0,49.99,53.9,236.7,False
2025-01-13T11:48:56.995823,1.0,95.0,-38.8,43.1,49.99,65.7,238.7,False
2025-01-13T11:48:57.113402,2.0,68.4,143.7,66.3,49.99,26.6,239.6,False
2025-01-13T11:48:57.243210,0.0,56.7,-4.5,24.1,49.99,54.8,236.8,False
2025-01-13T11:48:57.399950,1.0,95.0,-38.8,43.1,49.98,47.3,238.8,False
2025-01-13T11:48:57.558724,2.0,77.0,40.9,36.2,49.98,19.2,239.8,False
2025-01-13T11:48:57.703027,0.0,118.7,-12.1,50.5,50.0,56.2,236.7,False
2025-01-13T11:48:57.867503,1.0,95.0,-38.8,43.1,50.0,85.0,238.7,False
2025-01-13T11:48:58.016427,2.0,77.0,40.9,36.2,50.0,35.2,239.6,False
2025-01-13T11:49:08.864058,0.0,80.9,-8.3,34.5,50.02,53.8,236.9,False
2025-01-13T11:49:09.013576,1.0,95.0,-38.8,43.1,50.02,58.4,238.9,False
2025-01-13T11:49:09.152101,2.0,77.0,40.9,36.2,50.02,24.2,239.9,False
2025-01-13T11:49:20.933060,0.0,83.9,-5.3,35.5,50.03,54.9,237.0,False
2025-01-13T11:49:21.082740,1.0,95.0,-38.8,43.1,50.02,82.2,239.0,False
2025-01-13T11:49:21.229535,2.0,77.0,40.9,36.2,50.02,34.4,240.0,False
2025-01-13T11:49:21.376067,0.0,87.0,-5.3,36.7,50.02,53.5,236.8,False
2025-01-13T11:49:21.554482,1.0,95.0,-38.8,43.1,50.02,58.4,238.8,False
2025-01-13T11:49:21.714037,2.0,77.0,40.9,36.2,50.02,23.7,239.8,False
2025-01-13T11:49:32.867602,0.0,35.5,-6.1,15.2,50.02,54.4,236.8,False
2025-01-13T11:49:33.017051,1.0,43.1,-3.0,18.1,50.03,46.1,238.7,False
2025-01-13T11:49:33.159405,2.0,68.4,143.7,66.3,50.01,19.3,239.7,False
2025-01-13T11:49:56.865961,0.0,121.8,-12.1,51.7,50.02,54.7,236.8,False
2025-01-13T11:49:57.001907,1.0,95.0,-38.8,43.1,50.03,82.0,238.8,False
2025-01-13T11:49:57.125083,2.0,77.0,40.9,36.2,50.02,34.5,239.8,False
2025-01-13T11:50:08.881035,0.0,40.1,-4.5,17.1,50.03,53.5,236.8,False
2025-01-13T11:50:09.053987,1.0,95.0,-38.8,43.1,50.04,70.5,238.8,False
2025-01-13T11:50:09.263217,2.0,77.0,40.9,36.2,50.03,29.7,239.8,False
2025-01-13T11:50:32.868071,0.0,110.4,-8.3,46.9,50.04,55.7,237.0,False
2025-01-13T11:50:33.020433,1.0,137.6,-7.6,57.8,50.04,30.0,239.0,False
2025-01-13T11:50:33.178225,2.0,80.1,177.4,81.0,50.03,13.5,240.0,False
2025-01-13T11:50:44.898488,0.0,87.0,-9.1,36.8,50.03,52.0,237.2,False
2025-01-13T11:50:45.073460,1.0,95.0,-38.8,43.1,50.02,63.0,239.1,False
2025-01-13T11:50:45.254325,2.0,77.0,40.9,36.2,50.03,25.6,240.1,False
2025-01-13T11:50:45.432899,2.0,77.0,40.9,36.2,50.03,54.1,240.5,False
2025-01-13T11:50:56.916087,0.0,37.8,-49.2,26.2,50.03,52.6,237.0,False
2025-01-13T11:50:57.058397,1.0,95.0,-38.8,43.1,50.03,62.8,239.0,False
2025-01-13T11:50:57.178625,2.0,15.9,-39.3,17.7,50.04,54.3,240.6,False
2025-01-13T11:50:57.296211,0.0,74.1,-48.4,37.3,50.03,53.0,237.0,False
2025-01-13T11:50:57.420784,1.0,95.0,-38.8,43.1,50.04,71.3,239.1,False
2025-01-13T11:50:57.549657,2.0,77.0,40.9,36.2,50.03,62.7,240.5,False
2025-01-13T11:50:57.684050,0.0,94.5,-6.1,39.9,50.03,53.8,237.0,False
2025-01-13T11:50:57.823855,1.0,95.0,-38.8,43.1,50.03,45.1,239.0,False
2025-01-13T11:50:57.944744,2.0,77.0,40.9,36.2,50.03,40.2,240.5,False
2025-01-13T11:51:08.887672,0.0,32.5,-46.1,23.7,50.03,54.2,236.9,False
2025-01-13T11:51:09.043573,1.0,6.8,-39.3,16.6,50.02,45.8,238.8,False
2025-01-13T11:51:09.189585,2.0,11.3,-42.4,18.2,50.01,41.6,240.4,False
2025-01-13T11:51:32.934999,0.0,3.0,-41.6,17.6,50.03,55.6,236.9,False
2025-01-13T11:51:33.073987,1.0,95.0,-38.8,43.1,50.03,30.8,238.9,False
2025-01-13T11:51:33.197768,1.0,95.0,-38.8,43.1,50.03,30.8,238.9,False
2025-01-13T11:51:33.309169,2.0,77.0,40.9,36.2,50.02,27.9,240.4,False
2025-01-13T11:51:33.429230,0.0,90.0,-9.8,38.2,50.03,51.1,236.9,False
2025-01-13T11:51:33.547022,1.0,95.0,-38.8,43.1,50.03,61.3,238.8,False
2025-01-13T11:51:33.689099,2.0,57.4,120.5,55.5,50.02,53.8,240.4,False
2025-01-13T11:51:56.881976,0.0,52.2,-6.8,22.2,50.03,52.6,236.8,False
2025-01-13T11:51:57.034457,1.0,95.0,-38.8,43.1,50.04,42.6,238.8,False
2025-01-13T11:51:57.171605,2.0,77.0,40.9,36.2,50.03,37.0,240.4,False
2025-01-13T11:51:57.302361,0.0,119.5,-8.3,50.6,50.03,53.1,236.8,False
2025-01-13T11:51:57.436425,1.0,95.0,-38.8,43.1,50.03,78.7,238.7,False
2025-01-13T11:51:57.584067,2.0,77.0,40.9,36.2,50.04,70.0,240.3,False
2025-01-13T11:51:57.718775,0.0,35.5,-5.3,15.1,50.02,52.8,236.7,False
2025-01-13T11:51:57.856994,1.0,95.0,-38.8,43.1,50.03,69.6,238.5,False
2025-01-13T11:52:20.874114,0.0,85.5,-3.8,36.2,50.04,53.4,236.6,False
2025-01-13T11:52:20.995230,1.0,44.6,-1.5,18.7,50.03,30.4,238.5,False
2025-01-13T11:52:21.103218,2.0,77.0,40.9,36.2,50.03,28.6,240.1,False
2025-01-13T11:52:44.872791,0.0,80.2,39.3,37.7,50.02,54.1,236.8,False
2025-01-13T11:52:45.028198,1.0,95.0,-38.8,43.1,50.02,78.6,238.7,False
2025-01-13T11:52:45.148652,2.0,77.0,40.9,36.2,50.03,70.3,240.4,False
2025-01-13T11:52:56.870156,0.0,45.4,-43.9,26.6,50.02,52.2,237.0,False
2025-01-13T11:52:56.989853,2.0,77.0,40.9,36.2,50.02,48.6,240.6,False
2025-01-13T11:52:57.101684,1.0,95.0,-38.8,43.1,50.01,44.7,238.9,False
2025-01-13T11:53:32.875707,0.0,87.0,-2.3,36.9,50.02,51.8,236.8,False
2025-01-13T11:53:33.006585,1.0,95.0,-38.8,43.1,50.02,68.6,238.8,False
2025-01-13T11:53:33.137457,2.0,77.0,40.9,36.2,50.02,61.1,240.5,False
2025-01-13T11:53:56.927811,0.0,96.1,-3.0,40.6,50.01,53.3,236.7,False
2025-01-13T11:53:57.050014,1.0,95.0,-38.8,43.1,50.02,43.6,238.7,False
2025-01-13T11:53:57.168354,2.0,77.0,40.9,36.2,50.01,39.1,240.4,False
2025-01-13T11:53:57.292228,1.0,42.4,-5.3,17.9,50.02,30.8,238.7,False
2025-01-13T11:53:57.430359,2.0,57.4,120.5,55.5,50.03,28.4,240.3,False
2025-01-13T11:54:08.877965,0.0,89.2,-3.0,37.9,50.02,53.5,236.4,False
2025-01-13T11:54:09.006086,1.0,95.0,-38.8,43.1,50.03,63.6,238.4,False
2025-01-13T11:54:09.145704,2.0,77.0,40.9,36.2,50.02,57.6,240.1,False
2025-01-13T11:54:32.918156,0.0,134.6,-6.8,57.0,50.02,57.0,236.4,False
2025-01-13T11:54:33.028639,1.0,94.3,-37.9,42.9,50.02,90.6,238.4,False
2025-01-13T11:54:33.140906,2.0,68.4,143.7,66.3,50.03,82.7,240.2,False
2025-01-13T11:54:33.237967,0.0,155.8,-5.3,66.2,50.02,51.7,236.7,False
2025-01-13T11:54:33.330406,1.0,95.0,-38.8,43.1,50.02,57.8,238.6,False
2025-01-13T11:54:33.435251,2.0,77.0,40.9,36.2,50.03,51.5,240.3,False
2025-01-13T11:54:44.880575,0.0,88.5,-3.0,37.5,50.03,53.1,236.6,False
2025-01-13T11:54:45.042622,1.0,95.0,-38.8,43.1,50.03,77.7,238.6,False
2025-01-13T11:54:45.201720,2.0,77.0,40.9,36.2,50.03,69.9,240.3,False
2025-01-13T11:54:56.946683,0.0,121.0,-0.8,51.2,50.04,52.7,236.7,False
2025-01-13T11:54:57.066699,1.0,95.0,-38.8,43.1,50.02,46.4,238.8,False
2025-01-13T11:54:57.167197,2.0,77.0,40.9,36.2,50.04,39.2,240.4,False
2025-01-13T11:55:08.880169,0.0,46.9,-72.6,36.7,50.03,53.3,236.9,False
2025-01-13T11:55:09.030362,1.0,94.3,-37.9,42.9,50.03,45.5,238.9,False
2025-01-13T11:55:09.168139,2.0,68.4,143.7,66.3,50.02,38.6,240.5,False
2025-01-13T11:55:32.880954,0.0,163.4,-76.4,76.2,50.01,55.1,236.8,False
2025-01-13T11:55:33.000790,1.0,95.0,-38.8,43.1,50.01,80.9,238.8,False
2025-01-13T11:55:33.126857,2.0,77.0,40.9,36.2,50.01,72.1,240.5,False
2025-01-13T11:55:45.003390,1.0,95.0,-38.8,43.1,50.03,72.2,239.1,False
2025-01-13T11:55:45.168970,2.0,246.2,684.8,302.2,50.03,29.4,240.2,False
2025-01-13T11:55:56.883454,0.0,101.3,-9.1,42.7,50.03,54.5,236.9,False
2025-01-13T11:55:57.028064,1.0,104.4,-5.3,43.7,50.03,45.9,238.8,False
2025-01-13T11:55:57.162756,2.0,77.0,40.9,36.2,50.02,19.8,239.9,False
2025-01-13T11:56:20.881996,0.0,47.6,-38.6,26.2,50.03,55.5,237.1,False
2025-01-13T11:56:21.009662,1.0,38.6,-28.7,20.3,50.02,30.7,239.1,False
2025-01-13T11:56:32.917993,2.0,246.2,684.8,302.2,50.02,12.4,240.3,False
2025-01-13T11:56:33.027844,0.0,80.2,-69.6,44.7,50.03,54.3,237.3,False
2025-01-13T11:56:33.165789,1.0,95.0,-38.8,43.1,50.03,46.2,239.3,False
2025-01-13T11:56:33.294349,2.0,77.0,40.9,36.2,50.02,18.0,240.3,False
2025-01-13T11:56:56.881664,0.0,64.3,18.2,28.2,50.03,52.9,237.2,False
2025-01-13T11:56:57.025947,1.0,94.3,-37.9,42.9,50.03,73.0,239.2,False
2025-01-13T11:56:57.157820,2.0,39.6,82.5,37.9,50.03,29.4,240.3,False
2025-01-13T11:56:57.277405,1.0,95.0,-38.8,43.1,50.04,63.3,239.1,False
2025-01-13T11:57:08.885781,0.0,54.5,-4.5,23.3,50.03,52.9,237.4,False
2025-01-13T11:57:09.047779,1.0,94.3,-37.9,42.9,50.02,45.2,239.4,False
2025-01-13T11:57:09.204217,2.0,77.0,40.9,36.2,50.02,18.5,240.5,False
2025-01-13T11:57:20.884816,0.0,36.3,-4.5,15.4,50.02,55.1,237.4,False
2025-01-13T11:57:21.023248,1.0,42.4,-1.5,17.7,50.02,32.0,239.3,False
2025-01-13T11:57:32.884851,0.0,126.3,-16.6,53.9,50.02,53.5,237.2,False
2025-01-13T11:57:33.018470,1.0,95.0,-38.8,43.1,50.02,75.4,239.0,False
2025-01-13T11:57:33.117642,2.0,77.0,40.9,36.2,50.02,29.1,240.3,False
2025-01-13T11:57:44.886732,0.0,99.1,-19.7,42.9,50.03,51.9,237.5,False
2025-01-13T11:57:45.023041,2.0,77.0,40.9,36.2,50.02,17.5,240.5,False
2025-01-13T11:57:45.172944,1.0,95.0,-38.8,43.1,50.02,31.9,239.3,False
2025-01-13T11:57:56.919888,1.0,95.0,-38.8,43.1,50.02,47.4,239.2,False
2025-01-13T11:58:08.893937,0.0,120.3,-7.6,50.9,50.02,54.3,237.2,False
2025-01-13T11:58:09.010884,1.0,94.3,-37.9,42.9,50.01,81.0,239.1,False
2025-01-13T11:58:09.132162,2.0,77.0,40.9,36.2,50.02,32.9,240.2,False
2025-01-13T11:58:32.890182,0.0,80.9,-8.3,34.2,50.02,53.6,237.3,False
2025-01-13T11:58:33.012443,1.0,95.0,-38.8,43.1,50.0,47.4,239.1,False
2025-01-13T11:58:33.121612,2.0,77.0,40.9,36.2,50.01,18.7,240.2,False
2025-01-13T11:58:44.889586,0.0,26.5,-35.5,18.5,50.01,52.3,237.2,False
2025-01-13T11:58:45.019007,2.0,39.6,82.5,37.9,50.02,18.2,240.0,False
2025-01-13T11:58:56.887890,0.0,115.0,-31.8,50.2,50.01,54.2,237.3,False
2025-01-13T11:58:56.996990,1.0,95.0,-38.8,43.1,50.02,74.3,239.0,False
2025-01-13T11:58:57.115042,2.0,77.0,40.9,36.2,50.02,30.0,240.2,False
2025-01-13T11:59:08.891813,0.0,96.1,-9.8,40.7,50.0,53.5,237.3,False
2025-01-13T11:59:09.033572,1.0,95.0,-38.8,43.1,50.02,46.4,239.1,False
2025-01-13T11:59:09.173306,2.0,77.0,40.9,36.2,50.01,18.5,240.2,False
2025-01-13T11:59:32.945576,1.0,94.3,-37.9,42.9,50.01,30.6,239.2,False
2025-01-13T11:59:33.089628,0.0,92.3,-8.3,39.1,50.02,51.3,237.4,False
2025-01-13T11:59:33.220470,1.0,95.0,-38.8,43.1,50.02,60.6,239.2,False
2025-01-13T11:59:33.367125,2.0,77.0,40.9,36.2,50.02,24.8,240.3,False
2025-01-13T11:59:56.890973,0.0,58.2,-4.5,24.6,50.0,52.9,237.4,False
2025-01-13T11:59:56.996657,1.0,95.0,-38.8,43.1,50.0,44.2,239.2,False
2025-01-13T11:59:57.100798,2.0,77.0,40.9,36.2,50.01,18.4,240.2,False
2025-01-13T11:59:57.202402,0.0,122.5,-11.3,51.5,50.01,53.6,237.7,False
2025-01-13T11:59:57.315023,1.0,95.0,-38.8,43.1,50.02,79.8,239.5,False
2025-01-13T11:59:57.422777,2.0,77.0,40.9,36.2,50.01,33.2,240.6,False
2025-01-13T11:59:57.525542,0.0,44.6,-64.3,32.8,50.03,52.4,237.7,False
2025-01-13T11:59:57.653816,1.0,95.0,-38.8,43.1,50.02,79.3,239.5,False
2025-01-13T11:59:57.766265,2.0,77.0,40.9,36.2,50.02,32.7,240.6,False
2025-01-13T12:00:09.035128,0.0,28.0,-59.7,27.9,50.02,52.8,237.5,False
2025-01-13T12:00:09.438760,1.0,68.1,45.4,34.2,50.03,56.7,239.3,False
2025-01-13T12:00:09.690809,2.0,77.0,40.9,36.2,50.02,22.5,240.3,False
2025-01-13T12:00:32.896728,0.0,35.5,-6.1,15.0,49.99,52.1,237.3,False
2025-01-13T12:00:44.980336,2.0,77.0,40.9,36.2,49.96,41.6,240.3,False
2025-01-13T12:00:56.937402,1.0,42.4,-0.0,17.8,49.96,31.2,239.0,False
2025-01-13T12:00:57.080477,0.0,98.3,13.6,42.0,49.97,53.0,237.0,False
2025-01-13T12:00:57.252775,1.0,95.0,-38.8,43.1,49.97,71.4,238.9,False
2025-01-13T12:00:57.395021,2.0,77.0,40.9,36.2,49.97,62.6,240.4,False
2025-01-13T12:01:21.014508,0.0,112.7,-27.2,48.9,49.97,58.9,237.1,False
2025-01-13T12:01:21.295241,1.0,94.3,-37.9,42.9,49.95,93.2,238.9,False
2025-01-13T12:01:21.545234,2.0,68.4,143.7,66.3,49.95,84.4,240.4,False
2025-01-13T12:01:32.915666,0.0,121.8,-6.8,51.4,49.97,54.3,237.0,False
2025-01-13T12:01:33.134375,1.0,95.0,-38.8,43.1,49.97,67.0,238.9,False
2025-01-13T12:01:33.323833,2.0,77.0,40.9,36.2,49.96,59.3,240.4,False
2025-01-13T12:01:44.896156,0.0,96.1,-7.6,40.7,49.97,56.2,237.0,False
2025-01-13T12:01:45.136665,1.0,94.3,-37.9,42.9,49.96,32.1,238.8,False
2025-01-13T12:01:45.326264,2.0,68.4,143.7,66.3,49.96,30.9,240.3,False
2025-01-13T12:01:56.959981,0.0,24.2,-45.4,21.8,49.96,55.2,237.1,False
2025-01-13T12:01:57.149762,1.0,3.8,-37.8,16.0,49.97,31.9,238.9,False
2025-01-13T12:01:57.304925,2.0,9.8,-42.4,18.2,49.97,31.0,240.5,False
2025-01-13T12:01:57.459579,0.0,63.5,-52.2,34.7,49.96,53.0,237.1,False
2025-01-13T12:01:57.613117,1.0,95.0,-38.8,43.1,49.97,47.4,238.9,False
2025-01-13T12:01:57.780081,2.0,77.0,40.9,36.2,49.96,40.9,240.5,False
2025-01-13T12:02:08.900679,0.0,88.5,-5.3,37.5,49.95,54.8,237.0,False
2025-01-13T12:02:09.065283,1.0,94.3,-37.9,42.9,49.95,76.6,238.8,False
2025-01-13T12:02:09.234993,2.0,57.4,120.5,55.5,49.95,67.8,240.3,False
2025-01-13T12:02:32.898025,0.0,59.0,-5.3,25.0,49.98,53.7,237.3,False
2025-01-13T12:02:33.034466,1.0,95.0,-38.8,43.1,49.97,46.9,239.1,False
2025-01-13T12:02:33.151678,2.0,77.0,40.9,36.2,49.97,43.0,240.7,False
2025-01-13T12:02:44.966975,1.0,94.3,-37.9,42.9,49.98,32.4,238.7,False
2025-01-13T12:02:45.124861,2.0,57.4,120.5,55.5,49.98,31.0,240.3,False
2025-01-13T12:02:56.900132,0.0,127.1,-9.1,53.8,49.97,52.3,237.0,False
2025-01-13T12:02:57.054472,1.0,95.0,-38.8,43.1,49.98,71.2,238.8,False
2025-01-13T12:02:57.202325,2.0,77.0,40.9,36.2,49.98,63.1,240.3,False
2025-01-13T12:03:08.899986,0.0,12.1,-43.9,19.2,49.97,57.1,236.9,False
2025-01-13T12:03:09.029111,1.0,38.7,62.5,31.0,49.96,84.8,238.8,False
2025-01-13T12:03:09.158942,2.0,39.6,82.5,37.9,49.96,75.6,240.4,False
2025-01-13T12:03:20.897242,0.0,83.2,39.3,38.9,49.96,54.1,237.0,False
2025-01-13T12:03:21.052055,1.0,95.0,-38.8,43.1,49.96,47.7,238.8,False
2025-01-13T12:03:21.189749,2.0,77.0,40.9,36.2,49.97,42.2,240.4,False
2025-01-13T12:03:44.902338,0.0,65.0,30.3,30.3,49.96,55.2,236.8,False
2025-01-13T12:03:45.051606,1.0,52.1,82.9,41.3,49.95,72.9,238.7,False
2025-01-13T12:03:45.224485,2.0,77.0,40.9,36.2,49.95,65.4,240.3,False
2025-01-13T12:03:56.899353,0.0,62.0,30.3,29.2,49.96,54.7,236.9,False
2025-01-13T12:03:57.038001,1.0,52.1,82.9,41.3,49.95,48.1,238.8,False
2025-01-13T12:03:57.169203,2.0,77.0,40.9,36.2,49.96,43.4,240.4,False
2025-01-13T12:04:08.901116,0.0,92.3,-5.3,39.2,49.98,55.9,236.7,False
2025-01-13T12:04:09.030856,1.0,95.0,-38.8,43.1,49.98,77.3,238.7,False
2025-01-13T12:04:09.157583,2.0,77.0,40.9,36.2,49.97,69.2,240.3,False
2025-01-13T12:04:32.954396,0.0,146.7,-89.2,72.4,49.95,53.6,236.6,False
2025-01-13T12:04:33.089337,1.0,95.0,-38.8,43.1,49.97,46.6,238.4,False
2025-01-13T12:04:33.226693,2.0,77.0,40.9,36.2,49.95,41.6,240.1,False
2025-01-13T12:04:33.356006,0.0,52.9,-80.2,40.6,49.96,54.0,236.6,False
2025-01-13T12:04:33.489113,1.0,95.0,-38.8,43.1,49.96,45.7,238.4,False
2025-01-13T12:04:33.636369,1.0,95.0,-38.8,43.1,49.96,45.7,238.4,False
2025-01-13T12:04:33.789762,2.0,246.2,684.8,302.2,49.95,41.9,240.1,False
2025-01-13T12:04:33.935191,2.0,246.2,684.8,302.2,49.95,41.9,240.1,False
2025-01-13T12:04:56.897694,0.0,75.6,25.7,33.7,49.96,55.1,236.8,False
2025-01-13T12:04:57.016222,1.0,95.0,-38.8,43.1,49.96,73.5,238.6,False
2025-01-13T12:04:57.156359,2.0,77.0,40.9,36.2,49.97,65.0,240.2,False
2025-01-13T12:04:57.273946,0.0,16.6,-31.8,15.4,49.96,53.1,236.4,False
2025-01-13T12:04:57.393551,1.0,38.7,62.5,31.0,49.97,64.6,238.2,False
2025-01-13T12:04:57.515171,2.0,77.0,40.9,36.2,49.98,57.4,239.9,False
2025-01-13T12:05:09.038798,0.0,57.5,-3.0,24.6,49.98,53.6,236.7,False
2025-01-13T12:05:09.299863,1.0,95.0,-38.8,43.1,49.97,46.8,238.6,False
2025-01-13T12:05:09.441845,2.0,39.6,82.5,37.9,49.97,41.4,240.2,False
2025-01-13T12:05:20.907924,0.0,53.7,-83.2,41.8,49.98,53.8,236.7,False
2025-01-13T12:05:21.067536,1.0,18.2,-69.6,30.2,49.98,46.7,238.6,False
2025-01-13T12:05:21.212053,2.0,18.2,-68.1,29.3,49.98,41.7,240.2,False
2025-01-13T12:05:32.908451,0.0,176.2,-90.0,83.9,49.98,55.5,236.5,False
2025-01-13T12:05:33.064588,1.0,95.0,-38.8,43.1,49.97,82.5,238.4,False
2025-01-13T12:05:33.206521,2.0,77.0,40.9,36.2,49.98,74.3,239.9,False
2025-01-13T12:05:44.915787,0.0,127.8,-58.2,59.7,49.96,53.9,236.8,False
2025-01-13T12:05:45.130313,1.0,95.0,-38.8,43.1,49.96,61.7,238.6,False
2025-01-13T12:05:45.295164,2.0,246.2,684.8,302.2,49.95,24.6,239.6,False
2025-01-13T12:05:56.909408,0.0,37.8,-56.7,28.7,49.96,53.8,236.9,False
2025-01-13T12:05:57.064571,1.0,95.0,-38.8,43.1,49.96,59.4,238.7,False
2025-01-13T12:05:57.197858,2.0,80.1,177.4,81.0,49.95,24.6,239.8,False
2025-01-13T12:05:57.349840,1.0,95.0,-38.8,43.1,49.95,45.7,238.8,False
2025-01-13T12:06:08.978811,1.0,40.8,-0.8,17.1,49.96,31.7,238.8,False
2025-01-13T12:06:09.127005,2.0,77.0,40.9,36.2,49.95,14.6,239.8,False
2025-01-13T12:06:32.909299,0.0,129.3,-15.1,55.1,49.96,54.7,236.9,False
2025-01-13T12:06:33.065986,1.0,95.0,-38.8,43.1,49.96,74.4,238.7,False
2025-01-13T12:06:33.221368,2.0,77.0,40.9,36.2,49.97,30.4,239.8,False
2025-01-13T12:06:44.906072,0.0,80.9,-6.8,34.4,49.96,57.8,236.8,False
2025-01-13T12:06:45.043825,1.0,94.3,-37.9,42.9,49.96,94.4,238.8,False
2025-01-13T12:06:45.181120,2.0,68.4,143.7,66.3,49.96,40.1,239.7,False
2025-01-13T12:06:56.907207,0.0,93.0,-9.1,39.6,49.96,55.3,236.9,False
2025-01-13T12:06:57.009934,1.0,95.0,-38.8,43.1,49.96,33.5,238.7,False
2025-01-13T12:06:57.125297,1.0,94.3,-37.9,42.9,49.96,33.5,238.7,False
2025-01-13T12:06:57.274098,2.0,77.0,40.9,36.2,49.96,15.0,239.7,False
2025-01-13T12:07:08.910010,0.0,43.1,-80.9,38.6,49.96,56.2,236.7,False
2025-01-13T12:07:09.037743,1.0,11.3,-68.8,29.1,49.97,33.1,238.5,False
2025-01-13T12:07:09.169816,2.0,246.2,684.8,302.2,49.97,15.6,239.6,False
2025-01-13T12:07:32.909230,0.0,95.3,-6.1,40.8,49.96,54.1,235.9,False
2025-01-13T12:07:33.051644,1.0,95.0,-38.8,43.1,49.96,77.5,237.8,False
2025-01-13T12:07:33.187159,2.0,77.0,40.9,36.2,49.97,31.7,238.8,False
2025-01-13T12:07:56.908009,0.0,68.8,-12.1,30.4,49.98,52.5,236.6,False
2025-01-13T12:07:57.024773,2.0,77.0,40.9,36.2,49.98,24.2,239.4,False
2025-01-13T12:07:57.123944,1.0,95.0,-38.8,43.1,49.98,45.9,238.9,False
2025-01-13T12:07:57.238443,1.0,41.6,0.8,17.4,49.98,33.6,238.8,False
2025-01-13T12:08:32.909959,0.0,71.8,-38.6,34.5,49.97,56.5,237.0,False
2025-01-13T12:08:33.080208,1.0,95.0,-38.8,43.1,49.97,84.6,238.9,False
2025-01-13T12:08:33.247326,2.0,77.0,40.9,36.2,49.97,34.6,239.8,False
2025-01-13T12:08:44.912534,0.0,127.1,-9.1,53.8,49.98,53.8,237.0,False
2025-01-13T12:08:45.069898,1.0,95.0,-38.8,43.1,49.98,47.9,238.9,False
2025-01-13T12:08:45.253190,2.0,77.0,40.9,36.2,49.98,20.0,239.8,False
2025-01-13T12:08:56.985544,1.0,42.4,-1.5,17.8,49.99,32.2,239.2,False
2025-01-13T12:08:57.125557,2.0,68.4,143.7,66.3,49.98,13.8,240.1,False
2025-01-13T12:09:08.919939,0.0,122.5,-10.6,52.1,49.99,52.2,237.0,False
2025-01-13T12:09:09.066551,1.0,95.0,-38.8,43.1,49.99,70.6,238.9,False
2025-01-13T12:09:09.212513,2.0,77.0,40.9,36.2,49.99,28.4,239.9,False
2025-01-13T12:09:32.970070,0.0,87.0,-12.1,36.7,50.01,53.2,236.6,False
2025-01-13T12:09:33.103217,1.0,95.0,-38.8,43.1,50.0,44.4,238.5,False
2025-01-13T12:09:33.261390,2.0,77.0,40.9,36.2,50.0,18.3,239.4,False
2025-01-13T12:09:33.408607,0.0,91.5,-8.3,38.9,50.0,54.3,236.5,False
2025-01-13T12:09:33.560406,1.0,95.0,-38.8,43.1,50.0,75.5,238.4,False
2025-01-13T12:09:33.713248,2.0,77.0,40.9,36.2,49.99,30.9,239.4,False
2025-01-13T12:09:56.913020,0.0,90.0,-3.8,38.4,49.98,53.2,236.9,False
2025-01-13T12:09:57.047965,1.0,95.0,-38.8,43.1,49.99,46.2,238.8,False
2025-01-13T12:09:57.175246,2.0,77.0,40.9,36.2,49.98,19.2,239.7,False
2025-01-13T12:10:08.919287,0.0,88.5,-9.8,37.4,49.99,53.3,237.1,False
2025-01-13T12:10:09.075776,1.0,95.0,-38.8,43.1,49.98,76.0,239.0,False
2025-01-13T12:10:09.228697,2.0,77.0,40.9,36.2,49.99,30.9,239.9,False
2025-01-13T12:10:32.917894,0.0,56.0,-6.8,23.6,49.99,54.2,237.0,False
2025-01-13T12:10:33.053744,1.0,95.0,-38.8,43.1,49.98,48.7,238.9,False
2025-01-13T12:10:33.212267,2.0,77.0,40.9,36.2,49.99,19.6,239.8,False
2025-01-13T12:10:44.967281,2.0,80.1,177.4,81.0,49.98,39.5,240.2,False
2025-01-13T12:10:56.916396,0.0,127.1,-6.8,53.9,50.0,55.8,236.7,False
2025-01-13T12:10:57.095476,1.0,95.0,-38.8,43.1,49.99,84.1,238.6,False
2025-01-13T12:10:57.251588,2.0,77.0,40.9,36.2,49.99,72.6,240.0,False
2025-01-13T12:11:20.986258,0.0,90.8,-9.8,38.5,49.99,53.7,236.5,False
2025-01-13T12:11:21.136785,1.0,95.0,-38.8,43.1,49.99,59.6,238.4,False
2025-01-13T12:11:21.272415,2.0,77.0,40.9,36.2,50.0,51.4,239.8,False
2025-01-13T12:11:21.419123,0.0,88.5,-6.8,37.5,49.99,57.1,236.6,False
2025-01-13T12:11:21.554362,1.0,95.0,-38.8,43.1,49.98,85.2,238.4,False
2025-01-13T12:11:21.681001,2.0,77.0,40.9,36.2,49.99,74.6,239.9,False
2025-01-13T12:11:32.920995,0.0,123.3,-7.6,52.3,50.0,52.6,236.7,False
2025-01-13T12:11:33.096575,1.0,95.0,-38.8,43.1,50.0,46.3,238.6,False
2025-01-13T12:11:33.265243,2.0,77.0,40.9,36.2,50.0,39.3,240.0,False
2025-01-13T12:11:33.426199,0.0,36.3,-3.0,15.5,50.01,55.1,236.8,False
2025-01-13T12:11:33.579188,1.0,40.1,0.8,16.8,50.0,32.3,238.6,False
2025-01-13T12:12:08.915361,0.0,73.4,18.9,32.0,49.99,57.7,237.1,False
2025-01-13T12:12:09.059801,1.0,95.0,-38.8,43.1,49.99,94.3,239.0,False
2025-01-13T12:12:09.193293,2.0,77.0,40.9,36.2,49.99,81.6,240.4,False
2025-01-13T12:12:20.997116,1.0,95.0,-38.8,43.1,49.99,72.7,239.2,False
2025-01-13T12:12:21.126764,2.0,77.0,40.9,36.2,49.99,62.5,240.6,False
2025-01-13T12:12:21.275545,0.0,28.7,-37.1,19.9,50.01,54.6,237.3,False
2025-01-13T12:12:32.973370,0.0,92.3,24.2,40.2,50.0,56.1,237.3,False
2025-01-13T12:12:33.116120,1.0,122.5,27.2,52.5,50.0,31.9,239.2,False
2025-01-13T12:12:33.271280,2.0,104.4,38.6,46.2,50.0,29.9,240.7,False
2025-01-13T12:12:33.427601,0.0,41.6,-69.6,34.1,50.0,56.0,237.2,False
2025-01-13T12:12:33.578543,1.0,7.6,-60.5,25.5,50.0,32.2,239.1,False
2025-01-13T12:12:33.759961,2.0,21.9,-61.3,27.0,50.0,29.0,240.7,False
2025-01-13T12:12:56.924392,0.0,136.9,-81.7,67.2,49.99,53.5,237.2,False
2025-01-13T12:12:57.052355,1.0,95.0,-38.8,43.1,50.0,65.7,239.3,False
2025-01-13T12:12:57.177648,2.0,77.0,40.9,36.2,49.99,56.4,240.7,False
2025-01-13T12:12:57.314749,1.0,94.3,-37.9,42.9,49.99,75.9,239.1,False
2025-01-13T12:12:57.425721,2.0,39.6,82.5,37.9,49.97,66.6,240.5,False
2025-01-13T12:13:08.920262,0.0,56.0,-5.3,23.6,49.99,53.5,236.8,False
2025-01-13T12:13:09.053163,1.0,95.0,-38.8,43.1,49.99,59.2,238.9,False
2025-01-13T12:13:09.181504,2.0,77.0,40.9,36.2,49.98,51.4,240.4,False
2025-01-13T12:13:20.923702,0.0,37.1,-5.3,16.1,49.99,53.9,237.1,False
2025-01-13T12:13:21.131284,1.0,94.3,-37.9,42.9,50.0,47.0,239.1,False
2025-01-13T12:13:21.337223,2.0,39.6,82.5,37.9,49.99,41.3,240.6,False
2025-01-13T12:13:32.924928,0.0,37.8,-3.8,16.0,50.0,55.2,237.1,False
2025-01-13T12:13:33.064571,1.0,38.6,0.8,16.2,49.98,32.4,239.2,False
2025-01-13T12:13:33.212845,2.0,37.8,1.5,15.8,49.99,31.4,240.7,False
2025-01-13T12:13:56.978970,0.0,8.3,-40.8,17.7,50.0,52.5,237.3,False
2025-01-13T12:13:57.130765,1.0,32.5,-39.3,21.4,50.0,46.2,239.3,False
2025-01-13T12:13:57.267232,2.0,27.2,-41.6,20.7,50.01,40.2,240.8,False
2025-01-13T12:13:57.398128,0.0,150.5,-56.0,68.1,50.01,54.3,237.0,False
2025-01-13T12:13:57.550837,1.0,95.0,-38.8,43.1,49.99,81.5,239.1,False
2025-01-13T12:13:57.683420,2.0,77.0,40.9,36.2,50.0,72.7,240.5,False
2025-01-13T12:14:20.926055,0.0,87.7,-6.1,37.3,50.0,52.2,237.2,False
2025-01-13T12:14:21.078594,2.0,77.0,40.9,36.2,50.0,51.1,240.8,False
2025-01-13T12:14:21.219670,1.0,95.0,-38.8,43.1,49.99,31.8,239.3,False
2025-01-13T12:14:21.367901,2.0,43.1,3.0,18.0,50.01,29.7,240.8,False
2025-01-13T12:14:44.924385,0.0,122.5,-10.6,52.1,49.98,54.1,237.1,False
2025-01-13T12:14:45.079948,1.0,95.0,-38.8,43.1,49.98,73.1,239.1,False
2025-01-13T12:14:45.238170,2.0,77.0,40.9,36.2,49.97,65.5,240.6,False
2025-01-13T12:14:56.969809,0.0,87.0,-4.5,36.7,50.01,57.6,237.1,False
2025-01-13T12:14:57.094520,1.0,94.3,-37.9,42.9,50.01,93.0,239.2,False
2025-01-13T12:14:57.212010,2.0,57.4,120.5,55.5,49.99,83.7,240.6,False
2025-01-13T12:14:57.329239,0.0,87.0,-3.0,36.7,49.99,52.2,237.1,False
2025-01-13T12:14:57.446850,1.0,95.0,-38.8,43.1,50.0,74.2,239.2,False
2025-01-13T12:14:57.577500,2.0,77.0,40.9,36.2,49.99,65.9,240.7,False
2025-01-13T12:15:08.934211,0.0,92.3,-12.9,38.7,49.98,52.7,236.5,False
2025-01-13T12:15:09.169182,1.0,94.3,-37.9,42.9,49.98,47.0,238.5,False
2025-01-13T12:15:09.338938,2.0,57.4,120.5,55.5,49.98,42.6,240.0,False
2025-01-13T12:15:32.989816,0.0,98.3,-5.3,41.4,49.99,52.5,236.7,False
2025-01-13T12:15:33.143544,1.0,95.0,-38.8,43.1,49.99,73.0,238.7,False
2025-01-13T12:15:33.291794,2.0,77.0,40.9,36.2,49.99,65.5,240.3,False
2025-01-13T12:15:33.434971,0.0,31.8,-34.0,19.7,49.98,52.6,236.7,False
2025-01-13T12:15:33.595018,2.0,77.0,40.9,36.2,49.98,65.4,240.3,False
2025-01-13T12:15:44.953610,0.0,34.8,-36.3,21.6,49.96,52.6,236.4,False
2025-01-13T12:15:45.144181,2.0,246.2,684.8,302.2,49.99,29.7,239.4,False
2025-01-13T12:15:56.931003,0.0,63.5,-0.0,26.8,49.97,53.5,236.3,False
2025-01-13T12:15:57.105005,1.0,95.0,-38.8,43.1,49.98,61.6,238.2,False
2025-01-13T12:15:57.271464,2.0,246.2,684.8,302.2,49.98,24.5,239.2,False
2025-01-13T12:15:57.417995,1.0,42.4,3.8,17.8,50.0,47.6,238.1,False
2025-01-13T12:16:32.990505,0.0,118.0,-12.1,50.2,50.0,54.6,236.2,False
2025-01-13T12:16:33.177972,1.0,95.0,-38.8,43.1,50.01,81.5,238.1,False
2025-01-13T12:16:33.330640,2.0,77.0,40.9,36.2,50.01,33.2,239.2,False
2025-01-13T12:16:33.491384,0.0,48.4,-58.2,31.9,50.01,54.0,236.1,False
2025-01-13T12:16:33.646171,1.0,95.0,-38.8,43.1,50.0,81.6,238.0,False
2025-01-13T12:16:33.795688,2.0,77.0,40.9,36.2,50.03,33.3,239.1,False
2025-01-13T12:16:56.929605,0.0,13.6,-53.7,23.1,50.03,53.5,236.4,False
2025-01-13T12:16:57.059510,1.0,95.0,-38.8,43.1,50.02,70.1,238.4,False
2025-01-13T12:16:57.184139,2.0,77.0,40.9,36.2,50.03,28.3,239.4,False
2025-01-13T12:16:57.336971,0.0,124.8,-12.9,53.1,50.02,55.4,236.4,False
2025-01-13T12:16:57.511493,1.0,95.0,-38.8,43.1,50.01,31.3,238.4,False
2025-01-13T12:16:57.663209,2.0,77.0,40.9,36.2,50.02,14.1,239.4,False
2025-01-13T12:17:08.949129,2.0,35.5,-21.2,17.2,50.01,14.2,239.4,False
2025-01-13T12:17:20.933764,0.0,95.3,-31.0,42.5,50.01,53.2,236.3,False
2025-01-13T12:17:21.065384,1.0,95.0,-38.8,43.1,50.01,66.2,238.4,False
2025-01-13T12:17:21.201179,2.0,77.0,40.9,36.2,50.01,27.3,239.3,False
2025-01-13T12:17:32.932690,0.0,124.0,-8.3,52.5,50.01,57.6,236.4,False
2025-01-13T12:17:33.060176,1.0,94.3,-37.9,42.9,50.01,91.9,238.4,False
2025-01-13T12:17:33.178525,2.0,68.4,143.7,66.3,50.01,39.0,239.4,False
2025-01-13T12:17:44.940286,0.0,94.5,-5.3,40.2,50.02,51.8,236.5,False
2025-01-13T12:17:45.070771,1.0,95.0,-38.8,43.1,50.01,70.2,238.7,False
2025-01-13T12:17:45.227691,2.0,77.0,40.9,36.2,50.0,28.8,239.5,False
2025-01-13T12:17:56.965677,0.0,81.7,-70.3,45.2,50.04,55.0,236.2,False
2025-01-13T12:17:57.087572,2.0,68.4,143.7,66.3,50.03,29.7,239.3,False
2025-01-13T12:17:57.201934,0.0,28.7,-59.0,28.0,50.02,57.0,236.0,False
2025-01-13T12:17:57.314704,1.0,94.3,-37.9,42.9,50.02,33.7,238.2,False
2025-01-13T12:17:57.433726,2.0,77.0,40.9,36.2,50.04,15.0,239.1,False
2025-01-13T12:18:08.934305,0.0,77.9,-12.1,33.0,50.03,53.0,236.4,False
2025-01-13T12:18:09.075109,1.0,95.0,-38.8,43.1,50.02,64.5,238.4,False
2025-01-13T12:18:09.212004,2.0,57.4,120.5,55.5,50.03,26.0,239.3,False
2025-01-13T12:18:32.992554,0.0,39.3,-1.5,16.6,50.02,55.0,236.4,False
2025-01-13T12:18:33.114684,1.0,94.3,-37.9,42.9,50.02,76.9,238.4,False
2025-01-13T12:18:33.245108,2.0,39.6,82.5,37.9,50.02,31.7,239.4,False
2025-01-13T12:18:33.386247,0.0,119.5,-87.0,62.6,49.99,54.0,236.4,False
2025-01-13T12:18:33.508322,1.0,95.0,-38.8,43.1,50.03,60.9,238.4,False
2025-01-13T12:18:33.646796,2.0,77.0,40.9,36.2,49.99,24.8,239.4,False
2025-01-13T12:18:44.936179,0.0,59.7,-85.5,44.0,50.04,54.0,236.6,False
2025-01-13T12:18:45.066798,1.0,95.0,-38.8,43.1,50.03,61.8,238.6,False
2025-01-13T12:18:45.199209,1.0,95.0,-38.8,43.1,50.03,61.8,238.6,False
2025-01-13T12:18:45.326342,2.0,77.0,40.9,36.2,50.0,23.9,239.4,False
2025-01-13T12:18:45.450023,1.0,94.3,-37.9,42.9,50.01,48.7,238.6,False
2025-01-13T12:18:45.548888,2.0,77.0,40.9,36.2,50.02,19.4,239.4,False
2025-01-13T12:18:45.664976,2.0,57.4,120.5,55.5,49.99,20.0,239.4,False
2025-01-13T12:18:56.959683,2.0,77.0,40.9,36.2,49.99,19.8,239.5,False
2025-01-13T12:18:57.081500,0.0,35.5,-6.1,15.2,50.0,56.3,236.7,False
2025-01-13T12:18:57.231437,1.0,46.1,-0.0,19.3,50.0,33.9,238.7,False
2025-01-13T12:18:57.363808,2.0,77.0,40.9,36.2,50.01,15.1,239.6,False
2025-01-13T12:19:08.987976,1.0,95.0,-38.8,43.1,50.0,47.7,238.5,False
2025-01-13T12:19:33.005087,0.0,87.0,25.7,38.4,49.99,55.9,236.5,False
2025-01-13T12:19:33.147426,1.0,94.3,-37.9,42.9,50.02,84.0,238.6,False
2025-01-13T12:19:33.286817,2.0,77.0,40.9,36.2,49.99,35.6,239.5,False
2025-01-13T12:19:33.418236,0.0,34.8,-37.8,21.4,50.01,55.7,236.7,False
2025-01-13T12:19:33.542314,2.0,80.1,177.4,81.0,50.01,35.4,239.7,False
2025-01-13T12:19:44.939378,0.0,96.1,-18.2,41.2,50.02,53.6,236.7,False
2025-01-13T12:19:45.073270,1.0,95.0,-38.8,43.1,50.02,60.1,238.7,False
2025-01-13T12:19:45.208614,2.0,77.0,40.9,36.2,50.0,24.3,239.6,False
2025-01-13T12:19:45.338089,1.0,94.3,-37.9,42.9,50.0,48.0,238.7,False
2025-01-13T12:19:45.502116,0.0,49.2,-30.3,24.5,50.0,56.6,236.8,False
2025-01-13T12:19:45.674571,1.0,48.4,-22.7,22.5,50.02,32.4,238.8,False
2025-01-13T12:19:45.824731,2.0,80.1,177.4,81.0,50.03,15.1,239.7,False
2025-01-13T12:20:08.950895,0.0,109.7,-34.8,48.8,50.02,53.8,236.6,False
2025-01-13T12:20:09.109479,1.0,95.0,-38.8,43.1,50.01,66.1,238.5,False
2025-01-13T12:20:09.249457,2.0,77.0,40.9,36.2,50.0,25.6,239.5,False
2025-01-13T12:20:20.938964,0.0,121.0,-5.3,51.5,50.02,58.0,236.3,False
2025-01-13T12:20:21.082089,1.0,94.3,-37.9,42.9,50.02,93.8,238.1,False
2025-01-13T12:20:21.219863,2.0,68.4,143.7,66.3,50.02,39.8,239.2,False
2025-01-13T12:20:32.991476,0.0,87.7,-8.3,37.1,50.04,53.8,236.7,False
2025-01-13T12:20:33.103959,1.0,95.0,-38.8,43.1,50.02,46.8,238.7,False
2025-01-13T12:20:33.211839,2.0,77.0,40.9,36.2,50.03,19.2,239.6,False
2025-01-13T12:20:33.339304,0.0,49.9,-73.4,37.5,50.03,53.9,236.7,False
2025-01-13T12:20:33.470745,1.0,94.3,-37.9,42.9,50.02,46.6,238.6,False
2025-01-13T12:20:33.598208,2.0,39.6,82.5,37.9,50.03,19.1,239.5,False
2025-01-13T12:20:44.965048,0.0,44.6,-68.1,34.4,50.06,53.8,236.7,False
2025-01-13T12:20:45.156582,1.0,95.0,-38.8,43.1,49.99,46.2,238.6,False
2025-01-13T12:20:45.309070,2.0,68.4,143.7,66.3,50.03,41.1,240.1,False
2025-01-13T12:20:56.943310,0.0,94.5,-6.1,40.2,50.01,54.0,236.5,False
2025-01-13T12:20:57.092834,1.0,94.3,-37.9,42.9,50.03,74.2,238.4,False
2025-01-13T12:20:57.206235,2.0,77.0,40.9,36.2,50.01,65.6,240.0,False
2025-01-13T12:21:08.943948,0.0,99.8,-65.0,50.4,50.03,52.3,236.5,False
2025-01-13T12:21:09.068515,1.0,95.0,-38.8,43.1,50.03,56.3,238.4,False
2025-01-13T12:21:09.186212,2.0,77.0,40.9,36.2,50.03,49.8,240.0,False
2025-01-13T12:21:32.943106,0.0,6.8,-56.7,24.5,50.01,53.5,236.2,False
2025-01-13T12:21:33.111179,1.0,95.0,-38.8,43.1,50.02,45.9,238.2,False
2025-01-13T12:21:33.266013,1.0,95.0,-38.8,43.1,50.02,45.9,238.2,False
2025-01-13T12:21:33.418331,1.0,94.3,-37.9,42.9,50.02,45.9,238.2,False
2025-01-13T12:21:33.551931,2.0,77.0,40.9,36.2,50.0,39.9,239.7,False
2025-01-13T12:21:44.943060,0.0,28.0,-55.2,26.0,49.99,55.3,236.0,False
2025-01-13T12:21:45.104253,1.0,13.6,-39.3,17.4,49.97,45.2,238.0,False
2025-01-13T12:21:45.247244,2.0,77.0,40.9,36.2,49.98,40.6,239.5,False
2025-01-13T12:21:56.943638,0.0,158.1,-61.3,71.5,50.0,55.0,236.3,False
2025-01-13T12:21:57.075053,1.0,95.0,-38.8,43.1,50.0,81.0,238.2,False
2025-01-13T12:21:57.206618,2.0,77.0,40.9,36.2,49.99,72.8,239.8,False
2025-01-13T12:22:09.013906,0.0,116.5,-39.3,52.2,50.02,52.5,236.4,False
2025-01-13T12:22:09.182428,1.0,95.0,-38.8,43.1,50.02,57.4,238.4,False
2025-01-13T12:22:09.337478,2.0,77.0,40.9,36.2,50.01,50.8,239.9,False
2025-01-13T12:22:09.495261,0.0,22.7,-36.3,18.1,50.02,51.9,236.4,False
2025-01-13T12:22:09.645337,1.0,40.1,-3.0,16.9,50.02,46.3,238.6,False
2025-01-13T12:22:09.783571,2.0,40.1,6.8,17.0,50.02,39.8,240.1,False
2025-01-13T12:22:32.945772,0.0,37.1,-4.5,15.7,50.02,55.2,236.6,False
2025-01-13T12:22:33.086138,1.0,43.9,-0.8,18.4,50.03,31.6,238.6,False
2025-01-13T12:22:44.946341,0.0,94.5,-7.6,39.8,50.01,50.7,237.0,False
2025-01-13T12:22:45.095572,1.0,95.0,-38.8,43.1,50.02,61.4,238.8,False
2025-01-13T12:22:45.240065,2.0,77.0,40.9,36.2,50.02,53.0,240.4,False
2025-01-13T12:23:20.945387,0.0,35.5,1.5,15.3,50.03,52.5,236.6,False
2025-01-13T12:23:32.946449,0.0,71.1,-62.8,40.0,50.03,55.1,236.5,False
2025-01-13T12:23:33.112814,1.0,95.0,-38.8,43.1,50.02,30.7,238.5,False
2025-01-13T12:23:33.252645,2.0,77.0,40.9,36.2,50.03,30.0,240.0,False
2025-01-13T12:23:33.381979,0.0,123.3,-66.6,59.2,50.02,52.1,236.5,False
2025-01-13T12:23:33.522211,1.0,95.0,-38.8,43.1,50.03,63.4,238.5,False
2025-01-13T12:23:33.661950,2.0,77.0,40.9,36.2,50.02,56.7,240.1,False
2025-01-13T12:23:57.005214,0.0,54.5,-2.3,23.1,50.02,53.9,236.6,False
2025-01-13T12:23:57.144975,1.0,95.0,-38.8,43.1,50.02,46.1,238.6,False
2025-01-13T12:23:57.290296,2.0,77.0,40.9,36.2,50.02,41.3,240.0,False
2025-01-13T12:23:57.432284,0.0,12.9,-77.9,33.2,50.02,53.8,236.4,False
2025-01-13T12:23:57.560596,1.0,21.2,-73.4,31.9,50.03,59.5,238.4,False
2025-01-13T12:23:57.692327,2.0,6.1,-73.4,30.6,50.03,50.6,239.9,False
2025-01-13T12:23:57.830621,0.0,15.9,-77.9,33.6,50.03,52.6,236.5,False
2025-01-13T12:23:57.994323,1.0,95.0,-38.8,43.1,50.02,45.3,238.5,False
2025-01-13T12:23:58.150349,2.0,246.2,684.8,302.2,50.02,39.0,239.9,False
2025-01-13T12:23:58.309089,2.0,246.2,684.8,302.2,50.02,39.0,239.9,False
2025-01-13T12:24:32.947316,0.0,37.1,-7.6,15.9,50.01,56.1,236.3,False
2025-01-13T12:24:33.086353,1.0,95.0,-38.8,43.1,50.01,31.8,238.3,False
2025-01-13T12:24:33.226147,2.0,36.3,4.5,15.2,50.0,30.2,239.8,False
2025-01-13T12:24:33.361672,0.0,44.6,-4.5,19.1,50.01,55.5,236.3,False
2025-01-13T12:24:33.497094,1.0,95.0,-38.8,43.1,50.02,47.1,238.2,False
2025-01-13T12:24:33.634789,2.0,77.0,40.9,36.2,50.01,42.6,239.8,False
2025-01-13T12:24:56.951835,0.0,52.2,-62.8,34.7,50.01,53.8,236.8,False
2025-01-13T12:24:57.083749,0.0,28.0,-69.6,31.8,50.02,52.4,236.7,False
2025-01-13T12:24:57.210769,1.0,94.3,-37.9,42.9,50.02,69.5,238.6,False
2025-01-13T12:24:57.349234,2.0,246.2,684.8,302.2,50.01,62.2,240.1,False
2025-01-13T12:24:57.487250,2.0,246.2,684.8,302.2,50.01,62.2,240.1,False
2025-01-13T12:25:09.034117,0.0,90.0,-6.8,38.2,50.01,53.5,236.8,False
2025-01-13T12:25:09.230403,1.0,95.0,-38.8,43.1,50.01,45.6,238.7,False
2025-01-13T12:25:09.396695,2.0,77.0,40.9,36.2,50.0,41.0,240.2,False
2025-01-13T12:25:09.603923,0.0,86.2,-6.1,36.5,50.0,52.0,236.8,False
2025-01-13T12:25:09.837496,1.0,95.0,-38.8,43.1,50.0,69.6,238.6,False
2025-01-13T12:25:10.009773,2.0,77.0,40.9,36.2,50.01,63.1,240.3,False
2025-01-13T12:25:20.953839,0.0,121.8,-8.3,51.7,50.01,55.6,236.9,False
2025-01-13T12:25:21.118230,1.0,95.0,-38.8,43.1,50.02,30.8,238.9,False
2025-01-13T12:25:21.274038,1.0,94.3,-37.9,42.9,50.02,30.8,238.9,False
2025-01-13T12:25:21.425493,2.0,77.0,40.9,36.2,50.01,30.0,240.5,False
2025-01-13T12:25:44.974119,0.0,217.1,-8.3,92.1,50.01,57.2,236.6,False
2025-01-13T12:25:45.605412,1.0,95.0,-38.8,43.1,50.0,90.6,238.5,False
2025-01-13T12:25:45.766651,2.0,77.0,40.9,36.2,50.01,83.5,240.1,False
2025-01-13T12:25:45.915542,2.0,246.2,684.8,302.2,50.0,38.9,239.8,False
2025-01-13T12:25:57.005427,0.0,99.1,-2.3,41.8,49.99,54.3,236.6,False
2025-01-13T12:25:57.160888,1.0,95.0,-38.8,43.1,50.0,73.8,238.5,False
2025-01-13T12:25:57.298307,2.0,77.0,40.9,36.2,50.0,31.0,239.7,False
2025-01-13T12:25:57.426299,0.0,84.7,-5.3,36.0,49.99,53.6,236.8,False
2025-01-13T12:25:57.551634,1.0,94.5,-2.3,39.7,49.99,48.1,238.6,False
2025-01-13T12:25:57.684689,2.0,246.2,684.8,302.2,50.0,20.4,239.8,False
2025-01-13T12:26:08.955038,0.0,94.5,-5.3,40.2,50.0,54.9,236.6,False
2025-01-13T12:26:09.108317,1.0,95.0,-38.8,43.1,50.0,77.3,238.4,False
2025-01-13T12:26:09.248273,2.0,77.0,40.9,36.2,49.99,32.7,239.6,False
2025-01-13T12:26:32.959174,0.0,59.0,-0.0,25.2,50.02,53.4,236.9,False
2025-01-13T12:26:33.119032,1.0,95.0,-38.8,43.1,50.01,59.3,238.8,False
2025-01-13T12:26:33.277865,2.0,77.0,40.9,36.2,50.01,24.8,240.0,False
2025-01-13T12:26:57.013195,1.0,40.1,-2.3,16.8,49.99,47.8,238.9,False
2025-01-13T12:26:57.132082,2.0,39.3,3.8,16.5,49.98,20.7,240.0,False
2025-01-13T12:27:32.956598,0.0,88.5,-9.1,37.4,49.99,52.7,237.2,False
2025-01-13T12:27:33.104355,1.0,95.0,-38.8,43.1,50.0,73.3,239.0,False
2025-01-13T12:27:33.234623,2.0,77.0,40.9,36.2,49.99,30.0,240.0,False
2025-01-13T12:27:33.368259,0.0,56.0,-3.0,23.6,50.0,52.5,237.1,False
2025-01-13T12:27:33.505134,1.0,95.0,-38.8,43.1,50.0,61.8,239.0,False
2025-01-13T12:27:33.660670,2.0,77.0,40.9,36.2,49.99,25.8,240.0,False
2025-01-13T12:27:33.816836,0.0,53.7,-2.3,22.8,49.99,52.3,237.0,False
2025-01-13T12:27:33.982714,1.0,95.0,-38.8,43.1,49.99,73.9,238.9,False
2025-01-13T12:27:34.131598,2.0,77.0,40.9,36.2,50.0,30.5,240.0,False
2025-01-13T12:27:57.012614,0.0,127.8,-23.4,54.9,49.98,54.7,237.1,False
2025-01-13T12:27:57.162987,1.0,95.0,-38.8,43.1,49.98,33.0,239.0,False
2025-01-13T12:27:57.313028,2.0,77.0,40.9,36.2,49.98,14.8,240.0,False
2025-01-13T12:27:57.452972,0.0,99.8,-23.4,43.5,49.99,52.1,236.9,False
2025-01-13T12:27:57.596695,1.0,95.0,-38.8,43.1,49.99,65.5,238.9,False
2025-01-13T12:27:57.743649,2.0,77.0,40.9,36.2,49.98,26.5,239.9,False
2025-01-13T12:28:20.971551,0.0,90.8,-11.3,38.7,49.99,55.1,237.0,False
2025-01-13T12:28:21.127242,1.0,95.0,-38.8,43.1,50.0,32.2,238.9,False
2025-01-13T12:28:21.274164,2.0,77.0,40.9,36.2,49.99,14.7,239.9,False
2025-01-13T12:28:33.007236,0.0,52.9,-3.8,22.4,49.98,53.1,237.0,False
2025-01-13T12:28:33.151536,1.0,95.0,-38.8,43.1,49.98,53.5,238.8,False
2025-01-13T12:28:33.295603,2.0,77.0,40.9,36.2,49.98,21.1,239.9,False
2025-01-13T12:28:33.425129,0.0,20.4,-51.4,23.3,49.98,53.0,236.9,False
2025-01-13T12:28:33.560810,2.0,77.0,40.9,36.2,49.98,30.5,239.8,False
2025-01-13T12:28:33.714183,0.0,56.7,-61.3,35.3,49.99,53.3,236.9,False
2025-01-13T12:28:33.866495,1.0,94.3,-37.9,42.9,49.99,74.0,238.7,False
2025-01-13T12:28:34.013760,2.0,77.0,40.9,36.2,49.98,30.3,239.8,False
2025-01-13T12:28:56.963994,0.0,82.4,-1.5,34.7,49.97,56.8,237.0,False
2025-01-13T12:28:57.107714,1.0,52.1,82.9,41.3,49.97,91.9,238.8,False
2025-01-13T12:28:57.254749,2.0,68.4,143.7,66.3,49.98,39.6,239.9,False
2025-01-13T12:28:57.404721,0.0,146.7,-43.9,64.6,49.98,50.9,236.9,False
2025-01-13T12:28:57.540639,1.0,95.0,-38.8,43.1,49.97,62.8,238.7,False
2025-01-13T12:28:57.700323,2.0,77.0,40.9,36.2,49.98,25.9,239.8,False
2025-01-13T12:28:57.838677,0.0,29.5,-36.3,19.6,49.98,51.5,237.0,False
2025-01-13T12:28:57.978468,2.0,77.0,40.9,36.2,49.98,26.0,239.8,False
2025-01-13T12:29:08.963978,0.0,59.0,-2.3,25.0,49.98,52.7,237.1,False
2025-01-13T12:29:09.120073,1.0,94.3,-37.9,42.9,49.98,45.8,238.9,False
2025-01-13T12:29:09.283087,2.0,77.0,40.9,36.2,49.99,19.3,240.0,False
2025-01-13T12:29:20.967291,0.0,37.1,-7.6,15.8,49.99,55.4,236.8,False
2025-01-13T12:29:21.133132,1.0,52.1,82.9,41.3,49.99,32.1,238.7,False
2025-01-13T12:29:33.048767,1.0,95.0,-38.8,43.1,49.99,46.7,238.6,False
2025-01-13T12:29:33.203346,2.0,77.0,40.9,36.2,49.99,20.1,239.6,False
2025-01-13T12:29:56.967024,0.0,38.6,-7.6,16.4,49.97,52.0,237.0,False
2025-01-13T12:29:57.102351,1.0,94.3,-37.9,42.9,49.97,59.4,238.9,False
2025-01-13T12:29:57.257438,1.0,95.0,-38.8,43.1,49.97,59.4,238.9,False
2025-01-13T12:29:57.409228,2.0,39.6,82.5,37.9,49.97,24.0,239.9,False
2025-01-13T12:29:57.549642,1.0,94.3,-37.9,42.9,49.99,48.4,239.0,False
2025-01-13T12:30:21.050089,0.0,42.4,-65.0,32.4,49.97,51.9,236.8,False
2025-01-13T12:30:21.236178,1.0,19.7,-52.9,23.4,49.98,46.6,238.7,False
2025-01-13T12:30:21.466941,2.0,77.0,40.9,36.2,49.97,19.8,239.7,False
2025-01-13T12:30:21.640439,0.0,0.8,-56.0,23.7,49.99,53.7,236.8,False
2025-01-13T12:30:21.812712,1.0,95.0,-38.8,43.1,49.98,31.9,238.7,False
2025-01-13T12:30:21.972310,1.0,95.0,-38.8,43.1,49.98,31.9,238.7,False
2025-01-13T12:30:22.136967,2.0,77.0,40.9,36.2,49.97,14.6,239.7,False
2025-01-13T12:30:32.971369,0.0,123.3,-11.3,52.4,49.98,52.7,236.6,False
2025-01-13T12:30:33.116518,1.0,95.0,-38.8,43.1,49.98,74.0,238.5,False
2025-01-13T12:30:33.266689,2.0,69.7,149.5,68.6,49.98,30.7,239.6,False
2025-01-13T12:30:44.981804,0.0,88.5,-7.6,37.5,49.97,52.2,236.5,False
2025-01-13T12:30:45.167652,1.0,95.0,-38.8,43.1,49.98,46.8,238.5,False
2025-01-13T12:30:45.326065,2.0,69.7,149.5,68.6,49.97,49.6,239.6,False
2025-01-13T12:30:45.484965,2.0,77.0,40.9,36.2,49.98,31.7,240.0,False
2025-01-13T12:30:56.964481,0.0,90.0,-9.1,38.4,49.98,50.4,236.2,False
2025-01-13T12:30:57.118796,1.0,95.0,-38.8,43.1,49.98,62.5,238.2,False
2025-01-13T12:30:57.252946,2.0,77.0,40.9,36.2,49.98,55.8,239.8,False
2025-01-13T12:31:09.085904,1.0,52.1,82.9,41.3,49.97,93.9,238.2,False
2025-01-13T12:31:09.251546,2.0,57.4,120.5,55.5,49.97,85.7,239.8,False
2025-01-13T12:31:09.395550,0.0,35.5,-52.2,26.7,49.97,52.4,236.3,False
2025-01-13T12:31:09.532449,1.0,52.1,82.9,41.3,49.97,71.6,238.3,False
2025-01-13T12:31:09.699148,2.0,39.6,82.5,37.9,49.97,65.1,239.9,False
2025-01-13T12:31:33.052564,1.0,95.0,-38.8,43.1,49.97,45.6,238.5,False
2025-01-13T12:31:33.225050,2.0,77.0,40.9,36.2,49.98,41.8,240.1,False
2025-01-13T12:31:33.391721,0.0,40.1,-43.1,24.9,49.97,53.7,236.3,False
2025-01-13T12:31:33.530068,1.0,52.1,82.9,41.3,49.97,75.0,238.2,False
2025-01-13T12:31:33.687258,2.0,77.0,40.9,36.2,49.97,68.5,239.9,False
2025-01-13T12:31:56.968949,0.0,11.3,-80.9,34.4,49.98,52.0,236.5,False
2025-01-13T12:31:57.091557,1.0,95.0,-38.8,43.1,49.98,57.5,238.5,False
2025-01-13T12:31:57.203171,2.0,246.2,684.8,302.2,49.97,52.0,240.2,False
2025-01-13T12:31:57.336065,2.0,246.2,684.8,302.2,49.97,52.0,240.2,False
2025-01-13T12:32:33.049804,2.0,77.0,40.9,36.2,49.97,39.6,240.3,False
2025-01-13T12:32:33.177428,1.0,95.0,-38.8,43.1,49.98,31.1,238.6,False
2025-01-13T12:32:56.972407,0.0,71.1,-47.6,36.2,49.98,52.9,236.7,False
2025-01-13T12:33:08.975194,0.0,49.9,-61.3,33.1,49.97,52.8,236.9,False
2025-01-13T12:33:09.175873,1.0,95.0,-38.8,43.1,49.97,72.6,238.8,False
2025-01-13T12:33:09.367708,2.0,77.0,40.9,36.2,49.97,66.0,240.4,False
2025-01-13T12:33:09.535572,0.0,86.2,-8.3,36.6,49.98,52.9,236.9,False
2025-01-13T12:33:09.719553,1.0,95.0,-38.8,43.1,49.97,44.6,238.7,False
2025-01-13T12:33:09.878710,2.0,77.0,40.9,36.2,49.98,39.9,240.4,False
2025-01-13T12:33:32.970461,0.0,55.2,-59.0,34.0,49.98,54.6,236.8,False
2025-01-13T12:33:33.118175,1.0,52.1,82.9,41.3,49.97,33.6,238.8,False
2025-01-13T12:33:33.276740,2.0,68.4,143.7,66.3,49.98,30.7,240.3,False
2025-01-13T12:33:56.974056,0.0,137.6,-65.0,64.4,49.99,53.1,236.7,False
2025-01-13T12:33:57.105417,1.0,95.0,-38.8,43.1,49.99,72.2,238.6,False
2025-01-13T12:33:57.248070,2.0,77.0,40.9,36.2,49.99,64.1,240.2,False
2025-01-13T12:34:08.974547,0.0,39.3,-2.3,16.9,49.98,54.9,236.5,False
2025-01-13T12:34:09.142556,1.0,94.3,-37.9,42.9,49.97,82.0,238.4,False
2025-01-13T12:34:20.973098,0.0,56.7,-61.3,35.3,49.97,54.7,236.4,False
2025-01-13T12:34:21.123212,1.0,95.0,-38.8,43.1,49.97,81.6,238.4,False
2025-01-13T12:34:21.270865,2.0,77.0,40.9,36.2,49.98,73.4,239.9,False
2025-01-13T12:34:32.970855,0.0,68.1,52.2,36.3,49.98,52.5,236.6,False
2025-01-13T12:34:33.110366,1.0,94.3,-37.9,42.9,49.98,44.4,238.6,False
2025-01-13T12:34:33.242220,2.0,57.4,120.5,55.5,49.98,40.3,240.2,False
2025-01-13T12:34:45.043191,0.0,50.7,-59.7,33.4,49.97,52.5,236.9,False
2025-01-13T12:34:45.182487,1.0,27.2,-49.9,23.9,49.98,39.3,238.7,False
2025-01-13T12:34:45.314221,2.0,18.9,-45.4,20.6,49.98,35.9,240.4,False
2025-01-13T12:34:45.475526,0.0,15.9,-57.5,25.1,49.98,53.9,236.9,False
2025-01-13T12:34:45.640061,1.0,95.0,-38.8,43.1,49.97,30.5,238.7,False
2025-01-13T12:34:45.802330,1.0,95.0,-38.8,43.1,49.97,30.5,238.7,False
2025-01-13T12:34:45.959819,2.0,77.0,40.9,36.2,49.99,29.0,240.4,False
2025-01-13T12:34:56.972589,0.0,36.3,0.0,15.3,49.98,53.1,236.9,False
2025-01-13T12:34:57.096563,1.0,95.0,-38.8,43.1,49.99,44.8,238.8,False
2025-01-13T12:34:57.204035,2.0,39.6,82.5,37.9,49.99,41.1,240.4,False
2025-01-13T12:35:09.064504,1.0,94.3,-37.9,42.9,49.99,55.9,239.0,False
2025-01-13T12:35:09.303212,1.0,95.0,-38.8,43.1,49.99,55.9,239.0,False
2025-01-13T12:35:33.061707,1.0,94.3,-37.9,42.9,49.99,42.9,239.2,False
2025-01-13T12:35:33.190297,2.0,77.0,40.9,36.2,50.0,38.6,240.8,False
2025-01-13T12:35:44.977063,0.0,50.7,-16.6,22.5,49.99,54.4,237.3,False
2025-01-13T12:35:45.127355,1.0,42.4,-12.9,18.5,49.98,30.8,239.1,False
2025-01-13T12:35:45.270968,2.0,246.2,684.8,302.2,49.99,14.0,240.2,False
2025-01-13T12:35:56.977018,0.0,103.6,10.6,43.9,49.99,51.9,237.3,False
2025-01-13T12:35:57.134844,1.0,95.0,-38.8,43.1,49.99,71.1,239.1,False
2025-01-13T12:35:57.265628,2.0,77.0,40.9,36.2,49.99,28.5,240.2,False
2025-01-13T12:36:08.977377,0.0,70.3,22.7,31.4,50.0,56.8,237.0,False
2025-01-13T12:36:09.112631,1.0,94.3,-37.9,42.9,50.0,91.4,238.7,False
2025-01-13T12:36:09.253411,2.0,42.7,84.8,39.6,50.0,38.6,239.8,False
2025-01-13T12:36:20.978249,0.0,80.9,43.9,38.9,49.99,50.9,236.9,False
2025-01-13T12:36:21.123013,1.0,95.0,-38.8,43.1,49.99,64.0,238.7,False
2025-01-13T12:36:21.251702,2.0,39.6,82.5,37.9,49.99,26.0,239.8,False
2025-01-13T12:36:33.016350,0.0,51.4,-48.4,30.1,50.0,51.1,237.1,False
2025-01-13T12:36:33.165671,2.0,77.0,40.9,36.2,50.0,24.5,240.0,False
2025-01-13T12:36:33.308164,0.0,41.6,-37.1,23.5,50.0,53.9,237.1,False
2025-01-13T12:36:33.446668,1.0,94.3,-37.9,42.9,50.0,29.8,238.9,False
2025-01-13T12:36:33.578244,2.0,77.0,40.9,36.2,50.01,13.7,239.9,False
2025-01-13T12:36:44.981392,0.0,118.7,-13.6,50.8,50.0,52.0,236.7,False
2025-01-13T12:36:45.131398,1.0,95.0,-38.8,43.1,50.0,71.2,238.6,False
2025-01-13T12:36:45.280818,2.0,68.4,143.7,66.3,50.0,28.8,239.6,False
2025-01-13T12:36:57.017438,0.0,19.7,-79.4,34.9,50.01,55.9,237.2,False
2025-01-13T12:36:57.156187,2.0,77.0,40.9,36.2,50.02,37.7,240.0,False
2025-01-13T12:36:57.283997,0.0,78.7,-88.5,49.9,50.01,55.8,237.2,False
2025-01-13T12:36:57.414025,1.0,94.3,-37.9,42.9,50.02,90.9,238.9,False
2025-01-13T12:36:57.553008,2.0,77.0,40.9,36.2,50.02,37.2,240.0,False
2025-01-13T12:36:57.700056,0.0,86.2,-3.0,36.4,50.02,52.0,237.2,False
2025-01-13T12:36:57.846125,1.0,95.0,-38.8,43.1,50.01,73.0,239.0,False
2025-01-13T12:36:57.983016,2.0,77.0,40.9,36.2,50.01,28.7,240.0,False
2025-01-13T12:37:08.981043,0.0,59.7,-8.3,25.2,50.01,51.0,236.9,False
2025-01-13T12:37:09.120371,1.0,94.3,-37.9,42.9,50.01,57.6,238.8,False
2025-01-13T12:37:09.271630,2.0,42.7,84.8,39.6,50.02,22.7,239.7,False
2025-01-13T12:37:56.986001,0.0,34.8,-4.5,15.2,50.01,51.1,237.4,False
2025-01-13T12:37:57.123743,1.0,41.6,5.3,17.6,50.02,43.5,239.2,False
2025-01-13T12:38:09.058525,1.0,43.1,-1.5,18.1,49.99,29.6,239.5,False
2025-01-13T12:38:09.183516,2.0,68.4,143.7,66.3,50.0,13.2,240.3,False
2025-01-13T12:38:32.981444,0.0,105.1,9.8,44.5,49.99,50.4,237.6,False
2025-01-13T12:38:33.135311,1.0,95.0,-38.8,43.1,49.99,68.9,239.4,False
2025-01-13T12:38:33.301592,2.0,77.0,40.9,36.2,49.99,27.1,240.3,False
2025-01-13T12:38:45.043013,0.0,118.7,-30.3,51.5,49.98,54.0,237.7,False
2025-01-13T12:38:45.195423,1.0,94.3,-37.9,42.9,49.99,88.2,239.5,False
2025-01-13T12:38:45.349699,2.0,39.6,82.5,37.9,49.99,36.6,240.4,False
2025-01-13T12:38:45.514842,0.0,81.7,-3.0,34.4,49.99,51.3,237.7,False
2025-01-13T12:38:45.672058,1.0,95.0,-38.8,43.1,49.99,70.5,239.6,False
2025-01-13T12:38:45.814277,2.0,77.0,40.9,36.2,49.99,27.9,240.4,False
2025-01-13T12:38:56.985162,0.0,68.1,0.0,28.8,49.98,54.4,237.6,False
2025-01-13T12:38:57.117966,1.0,95.0,-38.8,43.1,49.98,87.2,239.4,False
2025-01-13T12:38:57.272550,2.0,77.0,40.9,36.2,49.98,35.7,240.3,False
2025-01-13T12:38:57.411468,0.0,135.4,-26.5,58.2,49.98,51.6,237.6,False
2025-01-13T12:38:57.557368,1.0,95.0,-38.8,43.1,49.97,66.6,239.5,False
2025-01-13T12:38:57.739108,2.0,77.0,40.9,36.2,49.98,25.3,240.3,False
2025-01-13T12:38:57.911412,2.0,77.0,40.9,36.2,49.99,25.3,240.3,False
2025-01-13T12:39:08.984854,0.0,87.7,-13.6,37.3,49.98,54.2,237.5,False
2025-01-13T12:39:09.136648,1.0,94.3,-37.9,42.9,49.97,31.5,239.3,False
2025-01-13T12:39:09.271826,2.0,77.0,40.9,36.2,49.98,13.1,240.2,False
2025-01-13T12:39:32.987449,0.0,62.0,-4.5,26.2,50.0,55.3,237.7,False
2025-01-13T12:39:33.156338,1.0,95.0,-38.8,43.1,49.99,87.4,239.6,False
2025-01-13T12:39:33.309384,2.0,77.0,40.9,36.2,50.0,36.3,240.5,False
2025-01-13T12:39:57.029018,0.0,121.8,-9.1,51.4,50.01,52.1,237.6,False
2025-01-13T12:39:57.147426,1.0,95.0,-38.8,43.1,50.01,46.6,239.5,False
2025-01-13T12:39:57.268172,2.0,77.0,40.9,36.2,50.01,18.3,240.5,False
2025-01-13T12:39:57.404271,0.0,47.6,-73.4,36.8,50.0,51.7,237.7,False
2025-01-13T12:39:57.549686,1.0,15.9,-59.7,25.8,50.02,45.5,239.5,False
2025-01-13T12:39:57.701939,2.0,39.6,82.5,37.9,50.02,17.6,240.5,False
2025-01-13T12:40:08.988574,0.0,21.2,-66.6,29.4,50.02,55.4,237.6,False
2025-01-13T12:40:09.147982,1.0,95.0,-38.8,43.1,50.02,28.1,239.5,False
2025-01-13T12:40:09.289270,1.0,95.0,-38.8,43.1,50.02,28.1,239.5,False
2025-01-13T12:40:09.431602,2.0,77.0,40.9,36.2,50.02,12.8,240.4,False
2025-01-13T12:40:33.011376,2.0,39.6,82.5,37.9,49.99,17.8,240.9,False
2025-01-13T12:40:33.136030,0.0,36.3,-6.8,15.5,49.98,50.8,238.1,False
2025-01-13T12:40:33.253099,1.0,95.0,-38.8,43.1,49.98,58.7,240.1,False
2025-01-13T12:40:45.017173,2.0,246.2,684.8,302.2,49.98,49.7,241.5,False
2025-01-13T12:40:56.991470,0.0,38.6,-6.8,16.2,49.98,51.5,237.7,False
2025-01-13T12:40:57.149403,1.0,95.0,-38.8,43.1,49.98,31.6,239.7,False
2025-01-13T12:40:57.313539,2.0,77.0,40.9,36.2,49.98,28.6,241.2,False
2025-01-13T12:41:32.993192,0.0,211.8,-16.6,89.4,49.99,57.2,237.6,False
2025-01-13T12:41:33.175376,1.0,95.0,-38.8,43.1,49.98,92.7,239.7,False
2025-01-13T12:41:33.354907,2.0,68.4,143.7,66.3,49.99,85.0,241.2,False
2025-01-13T12:41:57.043017,0.0,54.5,-7.6,23.3,49.98,52.8,237.8,False
2025-01-13T12:41:57.190836,1.0,95.0,-38.8,43.1,49.99,48.1,239.9,False
2025-01-13T12:41:57.315446,2.0,39.6,82.5,37.9,49.99,42.7,241.4,False
2025-01-13T12:41:57.459509,0.0,38.6,-3.0,16.2,49.98,54.2,237.8,False
2025-01-13T12:41:57.599842,1.0,43.1,-1.5,18.0,49.99,31.9,239.9,False
2025-01-13T12:41:57.749901,2.0,68.4,143.7,66.3,49.98,29.8,241.4,False
2025-01-13T12:42:08.991825,0.0,119.5,-9.1,50.7,49.99,52.4,237.5,False
2025-01-13T12:42:09.135842,1.0,95.0,-38.8,43.1,49.99,72.2,239.5,False
2025-01-13T12:42:09.302010,2.0,77.0,40.9,36.2,50.0,64.3,241.0,False
2025-01-13T12:42:20.995006,0.0,93.0,-12.9,39.1,50.0,56.8,237.9,False
2025-01-13T12:42:21.165662,1.0,94.3,-37.9,42.9,50.01,92.8,240.0,False
2025-01-13T12:42:21.327321,2.0,57.4,120.5,55.5,50.01,83.8,241.4,False
2025-01-13T12:42:32.992310,0.0,56.0,-6.1,23.5,50.01,51.0,237.8,False
2025-01-13T12:42:33.115170,1.0,95.0,-38.8,43.1,50.0,58.0,239.8,False
2025-01-13T12:42:33.243437,2.0,77.0,40.9,36.2,50.0,49.3,241.2,False
2025-01-13T12:42:56.992860,0.0,46.1,-62.8,32.8,49.99,50.7,237.8,False
2025-01-13T12:42:57.113270,1.0,94.3,-37.9,42.9,49.99,56.7,239.9,False
2025-01-13T12:42:57.241524,2.0,57.4,120.5,55.5,49.99,49.9,241.3,False
2025-01-13T12:43:32.989182,0.0,7.6,-58.2,24.6,50.01,51.6,237.9,False
2025-01-13T12:43:33.118038,1.0,95.0,-38.8,43.1,50.0,44.5,240.0,False
2025-01-13T12:43:33.276463,2.0,77.0,40.9,36.2,50.0,38.6,241.5,False
2025-01-13T12:43:33.406947,1.0,95.0,-38.8,43.1,49.99,30.5,240.0,False
2025-01-13T12:43:33.542538,2.0,77.0,40.9,36.2,50.0,28.9,241.4,False
2025-01-13T12:43:56.992791,0.0,19.7,-34.8,16.8,49.99,53.5,237.9,False
2025-01-13T14:18:51.356592,1.0,80.2,-509.7,215.0,49.99,31.6,240.2,False
2025-01-13T14:18:51.513521,2.0,136.1,-504.5,216.1,50.01,30.2,241.9,False
2025-01-13T14:21:51.322127,0.0,0.8,-1.5,0.6,49.97,53.8,238.0,False
2025-01-13T14:21:51.453630,1.0,0.8,2.3,0.7,49.97,33.9,239.8,False
2025-01-13T14:21:51.581338,2.0,2.3,3.0,1.2,49.97,32.9,241.5,False
2025-01-13T14:24:51.319946,0.0,2.3,-1.5,1.1,49.98,55.1,238.2,False
2025-01-13T14:24:51.449418,1.0,0.8,0.8,0.4,49.98,33.1,240.0,False
2025-01-13T14:24:51.585040,2.0,3.0,-2.3,1.4,49.97,31.5,241.7,False
2025-01-13T14:27:39.321212,0.0,9.8,-1.5,4.2,49.96,54.3,238.2,False
2025-01-13T14:27:39.463531,1.0,0.0,3.0,1.3,49.97,35.4,240.0,False
2025-01-13T14:27:39.657619,2.0,3.0,-2.3,1.6,49.97,31.9,241.7,False
2025-01-13T14:30:39.327723,0.0,8.3,-1.5,3.8,49.98,54.2,238.4,False
2025-01-13T14:30:39.477773,1.0,0.0,-4.5,1.6,50.0,35.8,240.3,False
2025-01-13T14:30:39.613235,2.0,1.5,0.8,0.9,49.99,33.6,242.1,False
2025-01-13T14:33:39.324279,0.0,1.5,-2.3,1.0,50.01,53.7,238.5,False
2025-01-13T14:33:39.447325,1.0,0.8,-0.8,0.5,50.01,33.0,240.5,False
2025-01-13T14:33:39.560953,2.0,2.3,0.8,1.0,50.0,31.2,242.2,False
2025-01-13T14:36:39.344110,0.0,49.2,-87.7,41.2,49.97,52.9,237.6,False
2025-01-13T14:36:39.489252,1.0,12.1,-74.9,30.8,49.98,33.9,239.5,False
2025-01-13T14:36:39.627602,2.0,18.9,-74.1,30.9,49.98,31.2,241.3,False
2025-01-13T14:39:39.349046,0.0,47.6,-83.9,40.8,49.98,53.3,237.5,False
2025-01-13T14:39:39.492964,1.0,95.0,-38.8,43.1,49.97,32.3,239.3,False
2025-01-13T14:39:39.635075,1.0,95.0,-38.8,43.1,49.97,32.3,239.3,False
2025-01-13T14:39:39.794013,2.0,246.2,684.8,302.2,49.97,30.7,241.1,False
2025-01-13T14:39:39.931306,2.0,246.2,684.8,302.2,49.97,30.7,241.1,False
2025-01-13T14:42:39.329011,0.0,5.3,0.0,2.3,49.97,54.6,237.4,False
2025-01-13T14:42:39.455038,1.0,1.5,0.8,0.7,49.97,33.6,239.3,False
2025-01-13T14:42:39.575052,2.0,0.8,-1.5,0.5,49.96,31.3,240.9,False
2025-01-13T14:45:39.329587,0.0,5.3,3.8,2.8,49.97,53.0,238.1,False
2025-01-13T14:45:39.454537,1.0,0.8,-3.0,0.7,49.98,32.5,240.0,False
2025-01-13T14:45:39.598239,2.0,0.8,-3.0,0.8,49.97,29.9,241.6,False
2025-01-13T14:48:39.332610,0.0,0.8,0.0,0.3,49.99,54.1,238.0,False
2025-01-13T14:48:39.541553,1.0,0.0,-0.8,0.2,49.99,32.1,240.0,False
2025-01-13T14:48:39.701583,2.0,0.8,0.8,0.6,49.99,30.6,241.7,False
2025-01-13T14:51:39.332711,0.0,0.0,-1.5,0.5,49.97,53.6,237.9,False
2025-01-13T14:51:39.537062,1.0,0.8,0.0,0.4,49.97,31.9,239.9,False
2025-01-13T14:51:39.676302,2.0,1.5,0.0,0.7,49.98,30.8,241.5,False
2025-01-13T14:54:39.331208,0.0,2.3,0.0,1.0,49.97,54.6,237.8,False
2025-01-13T14:54:39.445355,1.0,0.8,-3.0,1.1,49.96,31.6,239.7,False
2025-01-13T14:54:39.558862,2.0,3.8,-0.0,1.6,49.97,29.1,241.3,False
2025-01-13T14:57:39.332655,0.0,0.0,-1.5,0.6,50.0,54.2,237.8,False
2025-01-13T14:57:39.457848,1.0,0.8,0.8,0.5,50.02,32.6,239.8,False
2025-01-13T14:57:39.586401,2.0,8.3,0.8,3.5,50.0,28.6,241.4,False
2025-01-13T15:00:39.346039,0.0,5.3,3.8,2.9,50.01,56.4,237.9,False
2025-01-13T15:00:39.503060,1.0,0.8,-6.8,2.7,50.01,32.3,240.0,False
2025-01-13T15:00:39.663329,2.0,6.1,2.3,2.7,50.02,31.5,241.7,False
2025-01-13T15:03:39.336396,0.0,0.8,3.0,1.2,50.08,54.7,238.2,False
2025-01-13T15:03:39.495806,1.0,1.5,-1.5,0.8,50.08,31.7,240.1,False
2025-01-13T15:03:39.658630,2.0,0.8,-1.5,0.8,50.09,30.3,241.8,False
2025-01-13T15:06:39.352845,0.0,9.8,2.3,4.5,50.05,57.4,237.5,False
2025-01-13T15:06:39.493684,1.0,0.0,-1.5,0.2,50.05,32.0,239.5,False
2025-01-13T15:06:39.624196,2.0,0.0,-1.5,0.3,50.04,30.6,241.2,False
2025-01-13T15:09:39.339354,0.0,7.6,-2.3,3.4,49.97,55.2,237.5,False
2025-01-13T15:09:39.466495,1.0,0.0,-3.0,1.2,49.97,30.6,239.3,False
2025-01-13T15:09:39.582427,2.0,2.3,-0.8,0.9,49.98,29.6,241.1,False
2025-01-13T15:12:27.357957,0.0,34.8,-58.2,28.7,49.97,54.9,237.5,False
2025-01-13T15:12:27.497996,1.0,6.8,-49.2,21.0,49.98,29.9,239.6,False
2025-01-13T15:12:27.626162,2.0,13.6,-49.9,21.5,49.98,29.2,241.1,False
2025-01-13T15:15:27.352797,0.0,28.7,-52.9,24.7,50.0,54.9,238.1,False
2025-01-13T15:15:27.498189,1.0,95.0,-38.8,43.1,50.01,30.9,240.0,False
2025-01-13T15:15:27.620320,1.0,95.0,-38.8,43.1,50.01,30.9,240.0,False
2025-01-13T15:15:27.750430,2.0,77.0,40.9,36.2,50.0,28.6,241.7,False
2025-01-13T15:18:27.345025,0.0,1.5,-6.8,3.4,49.95,55.1,237.8,False
2025-01-13T15:18:27.471187,1.0,1.5,-13.6,5.9,49.96,31.4,239.8,False
2025-01-13T15:18:27.608901,2.0,6.8,-6.1,3.9,49.96,30.9,241.5,False
2025-01-13T15:21:27.340815,0.0,7.6,-2.3,3.9,49.95,54.7,237.2,False
2025-01-13T15:21:27.460863,1.0,0.8,-8.3,3.0,49.97,30.5,239.2,False
2025-01-13T15:21:27.593934,2.0,6.1,0.8,2.5,49.96,28.4,240.8,False
2025-01-13T15:24:27.341964,0.0,3.8,2.3,2.0,49.99,54.2,237.7,False
2025-01-13T15:24:27.471285,1.0,0.0,-6.8,2.3,49.98,29.9,239.8,False
2025-01-13T15:24:27.593794,2.0,2.3,-1.5,0.8,49.98,29.1,241.4,False
2025-01-13T15:27:27.346196,0.0,0.0,0.0,0.4,49.98,54.2,238.0,False
2025-01-13T15:27:27.456668,1.0,0.8,-0.0,0.5,49.98,29.5,240.2,False
2025-01-13T15:27:27.568421,2.0,0.8,-1.5,0.5,49.99,28.1,241.7,False
2025-01-13T15:30:27.347320,0.0,11.3,-2.3,4.8,50.0,56.8,238.1,False
2025-01-13T15:30:27.501528,1.0,0.8,0.0,0.3,49.99,30.4,240.1,False
2025-01-13T15:30:27.636125,2.0,1.5,-0.8,0.7,50.01,28.9,241.7,False
2025-01-13T15:33:27.349469,0.0,10.6,-3.0,4.4,50.0,55.2,237.8,False
2025-01-13T15:33:27.487850,1.0,0.0,-2.3,0.7,50.0,29.9,239.9,False
2025-01-13T15:33:27.617427,2.0,31.8,-9.8,13.7,50.0,28.0,241.4,False
2025-01-13T15:36:27.365056,0.0,37.1,-63.5,30.4,49.98,54.8,237.3,False
2025-01-13T15:36:27.507571,1.0,9.1,-48.4,20.1,49.99,29.3,239.4,False
2025-01-13T15:36:27.643666,2.0,77.0,40.9,36.2,49.98,29.4,241.0,False
2025-01-13T15:39:27.371076,0.0,34.0,-56.7,28.6,49.95,55.0,236.8,False
2025-01-13T15:39:27.546966,1.0,95.0,-38.8,43.1,49.96,30.0,238.9,False
2025-01-13T15:39:27.691515,1.0,95.0,-38.8,43.1,49.96,30.0,238.9,False
2025-01-13T15:39:27.843947,2.0,77.0,40.9,36.2,49.96,29.8,240.5,False
2025-01-13T15:42:27.353035,0.0,0.0,-0.8,0.2,49.98,55.3,236.9,False
2025-01-13T15:42:27.486841,1.0,2.3,-0.0,1.0,49.97,28.7,239.1,False
2025-01-13T15:42:27.616258,2.0,0.8,1.5,0.6,49.97,28.3,240.6,False
2025-01-13T15:45:27.356330,0.0,3.8,3.0,2.0,49.95,57.9,236.7,False
2025-01-13T15:45:27.476405,1.0,1.5,-2.3,1.3,49.96,30.5,238.9,False
2025-01-13T15:45:27.612758,2.0,4.5,2.3,2.1,49.96,31.8,240.5,False
2025-01-13T15:48:27.371310,0.0,52.2,-82.4,41.8,49.96,57.7,237.2,False
2025-01-13T15:48:27.528274,1.0,12.1,-68.8,29.6,49.96,31.5,239.4,False
2025-01-13T15:48:27.677457,2.0,77.0,40.9,36.2,49.96,32.3,241.0,False
2025-01-13T15:51:27.372833,0.0,49.9,-87.0,42.5,49.97,57.0,237.0,False
2025-01-13T15:51:27.524294,1.0,95.0,-38.8,43.1,49.97,31.6,239.3,False
2025-01-13T15:51:27.657700,1.0,95.0,-38.8,43.1,49.97,31.6,239.3,False
2025-01-13T15:51:27.805178,2.0,77.0,40.9,36.2,49.97,30.4,240.6,False
2025-01-13T15:54:27.360080,0.0,0.8,-0.0,0.6,49.96,56.9,237.3,False
2025-01-13T15:54:27.500379,1.0,0.8,-3.8,1.4,49.96,30.6,239.6,False
2025-01-13T15:54:27.637275,2.0,1.5,-0.8,0.6,49.97,30.2,240.9,False
2025-01-13T15:57:27.360128,0.0,1.5,-2.3,1.0,49.99,56.9,237.4,False
2025-01-13T15:57:27.567182,1.0,1.5,1.5,0.9,49.99,32.0,239.5,False
2025-01-13T15:57:27.721090,2.0,0.8,-0.8,0.4,49.98,30.9,240.9,False
2025-01-13T16:00:15.374708,0.0,0.0,-0.8,0.4,50.01,56.7,238.0,False
2025-01-13T16:00:15.553792,1.0,0.8,-3.0,0.9,50.01,31.0,240.1,False
2025-01-13T16:00:15.728735,2.0,0.8,-3.0,0.7,50.0,30.7,241.6,False
2025-01-13T16:03:15.362219,0.0,1.5,-3.0,1.0,50.05,56.4,238.4,False
2025-01-13T16:03:15.492716,1.0,0.0,-1.5,0.8,50.05,30.5,240.4,False
2025-01-13T16:03:15.622147,2.0,2.3,2.3,1.2,50.05,28.8,242.0,False
2025-01-13T16:06:15.366476,0.0,3.0,-4.5,1.7,50.07,57.7,238.0,False
2025-01-13T16:06:15.541486,1.0,1.5,-0.8,0.8,50.07,31.5,240.2,False
2025-01-13T16:06:15.721813,2.0,2.3,2.3,1.2,50.07,30.5,241.7,False
2025-01-13T16:09:15.364170,0.0,3.0,-12.9,5.5,50.02,57.0,237.8,False
2025-01-13T16:09:15.535869,1.0,0.8,-12.9,5.3,50.03,31.6,240.0,False
2025-01-13T16:09:15.698037,2.0,3.8,-9.8,4.3,50.02,30.4,241.5,False
2025-01-13T16:12:15.365060,0.0,2.3,-0.8,1.0,50.03,57.4,237.8,False
2025-01-13T16:12:15.517486,1.0,0.8,-1.5,0.7,50.02,32.6,239.9,False
2025-01-13T16:12:15.676754,2.0,1.5,0.0,0.6,50.01,32.2,241.4,False
2025-01-13T16:15:15.367532,0.0,12.1,-12.9,7.8,49.99,57.6,237.5,False
2025-01-13T16:15:15.529227,1.0,3.0,-9.8,4.6,49.98,31.6,239.6,False
2025-01-13T16:15:15.689768,2.0,2.3,-7.6,3.5,49.98,30.7,241.1,False
2025-01-13T16:18:15.367731,0.0,7.6,-2.3,3.4,50.0,56.9,237.5,False
2025-01-13T16:18:15.550478,1.0,1.5,-1.5,0.9,49.98,32.2,239.7,False
2025-01-13T16:18:15.719789,2.0,0.8,0.0,0.3,50.0,31.6,241.3,False
2025-01-13T16:21:15.370216,0.0,0.8,-1.5,0.6,49.97,56.5,237.2,False
2025-01-13T16:21:15.543932,1.0,0.8,-1.5,0.5,49.97,31.6,239.3,False
2025-01-13T16:21:15.697557,2.0,0.8,-3.0,0.9,49.97,32.0,240.8,False
2025-01-13T16:24:15.370302,0.0,1.5,-0.8,0.7,49.97,57.2,237.2,False
2025-01-13T16:24:15.586546,1.0,0.8,-0.8,0.4,49.96,32.0,239.4,False
2025-01-13T16:24:15.739152,2.0,0.8,-0.8,0.3,49.96,31.9,240.9,False
2025-01-13T16:27:15.387643,0.0,21.2,-37.1,18.0,49.97,57.7,237.2,False
2025-01-13T16:27:15.530058,1.0,6.1,-30.3,12.7,49.97,31.9,239.2,False
2025-01-13T16:27:15.683775,2.0,4.5,-29.5,12.4,49.97,31.6,240.9,False
2025-01-13T16:30:15.392399,0.0,23.4,-37.8,18.5,49.97,56.8,237.4,False
2025-01-13T16:30:15.564361,1.0,5.3,-31.0,12.9,49.97,31.6,239.5,False
2025-01-13T16:30:15.710316,2.0,3.8,-30.3,12.5,49.98,32.0,241.1,False
2025-01-13T16:33:15.376568,0.0,1.5,2.3,1.1,50.03,56.2,237.5,False
2025-01-13T16:33:15.520836,1.0,0.8,-0.8,0.6,50.01,31.6,239.6,False
2025-01-13T16:33:15.653108,2.0,0.8,0.8,0.4,50.02,30.6,241.2,False
2025-01-13T16:36:15.374281,0.0,0.0,-1.5,0.7,50.01,56.4,237.5,False
2025-01-13T16:36:15.513110,1.0,1.5,-0.8,0.7,50.01,32.7,239.5,False
2025-01-13T16:36:15.652644,2.0,2.3,0.8,1.0,50.0,32.3,241.2,False
2025-01-13T16:39:15.449892,1.0,0.0,-0.0,0.1,49.99,31.2,239.4,False
2025-01-13T16:39:15.616293,2.0,0.0,0.8,0.4,49.99,31.3,241.1,False
2025-01-13T16:42:15.377965,0.0,4.5,-3.0,2.3,49.99,56.6,237.6,False
2025-01-13T16:42:15.506596,1.0,0.8,-4.5,1.9,50.0,31.3,239.4,False
2025-01-13T16:42:15.628532,2.0,4.5,2.3,2.1,50.01,29.4,241.0,False
2025-01-13T16:45:03.383506,0.0,3.0,-3.8,1.8,50.0,56.4,237.4,False
2025-01-13T16:45:03.519189,1.0,0.8,-2.3,1.1,49.99,30.3,239.2,False
2025-01-13T16:45:03.659735,2.0,2.3,0.8,1.0,49.99,30.1,241.0,False
2025-01-13T16:48:03.382315,0.0,2.3,-0.8,1.0,50.0,55.6,237.4,False
2025-01-13T16:48:03.522349,1.0,1.5,1.5,0.9,49.99,31.5,239.2,False
2025-01-13T16:48:03.653887,2.0,0.8,0.0,0.3,49.99,31.7,240.9,False
2025-01-13T16:51:03.382489,0.0,1.5,0.8,0.5,49.97,56.5,237.2,False
2025-01-13T16:51:03.537045,1.0,2.3,0.0,0.9,49.97,32.2,239.2,False
2025-01-13T16:51:03.673670,2.0,0.0,-2.3,0.9,49.98,31.7,240.9,False
2025-01-13T16:54:03.384071,0.0,2.3,-3.0,1.3,49.98,55.2,237.5,False
2025-01-13T16:54:03.527258,1.0,0.8,-0.8,0.6,49.97,31.8,239.5,False
2025-01-13T16:54:03.659206,2.0,1.5,-2.3,1.0,49.97,30.4,241.0,False
2025-01-13T16:57:03.390175,0.0,4.5,-1.5,2.0,49.99,55.7,237.4,False
2025-01-13T16:57:03.579025,1.0,1.5,-4.5,1.9,50.0,32.0,239.5,False
2025-01-13T16:57:03.754198,2.0,3.0,1.5,1.4,50.0,32.0,241.2,False
2025-01-13T17:00:03.415432,0.0,9.8,-2.3,3.8,50.04,56.7,238.1,False
2025-01-13T17:00:03.876082,1.0,1.5,-0.8,0.7,50.04,32.1,240.1,False
2025-01-13T17:00:04.144218,2.0,0.8,-3.0,0.8,50.04,31.8,241.8,False
2025-01-13T17:03:03.390845,0.0,6.8,1.5,2.9,50.01,55.5,237.9,False
2025-01-13T17:03:03.529351,1.0,1.5,-3.8,1.5,50.02,32.1,239.7,False
2025-01-13T17:03:03.673075,2.0,3.8,-0.0,1.5,50.02,30.4,241.4,False
2025-01-13T17:06:03.391213,0.0,0.8,-1.5,0.5,49.99,55.8,237.7,False
2025-01-13T17:06:03.574191,1.0,0.0,-0.0,0.0,49.99,31.1,239.7,False
2025-01-13T17:06:03.719359,2.0,0.0,-1.5,0.5,49.99,29.9,241.3,False
2025-01-13T17:09:03.473928,1.0,0.8,-0.8,0.4,49.99,33.1,239.7,False
2025-01-13T17:09:03.717613,2.0,0.8,1.5,0.6,50.0,31.9,241.2,False
2025-01-13T17:12:03.392962,0.0,0.8,1.5,0.7,49.99,56.4,237.7,False
2025-01-13T17:12:03.517744,1.0,0.8,0.8,0.5,49.98,31.6,239.6,False
2025-01-13T17:12:03.647972,2.0,0.8,0.8,0.5,49.97,30.7,241.1,False
2025-01-13T17:15:03.395383,0.0,2.3,-3.0,1.0,49.99,56.1,237.3,False
2025-01-13T17:15:03.610246,1.0,0.8,-1.5,0.9,49.98,31.1,239.3,False
2025-01-13T17:15:03.984722,2.0,2.3,1.5,1.1,49.99,31.4,241.0,False
2025-01-13T17:18:03.394040,0.0,2.3,1.5,1.2,49.98,57.0,237.4,False
2025-01-13T17:18:03.517052,1.0,0.8,-2.3,0.9,49.98,31.3,239.3,False
2025-01-13T17:18:03.650125,2.0,1.5,-0.8,0.7,49.98,31.6,240.9,False
2025-01-13T17:21:03.408906,0.0,3.0,-0.0,1.2,49.99,57.3,237.2,False
2025-01-13T17:21:03.556731,1.0,0.8,-3.0,1.3,49.98,31.6,239.3,False
2025-01-13T17:21:03.697378,2.0,3.0,2.3,1.6,49.98,33.2,241.0,False
2025-01-13T17:24:03.398228,0.0,1.5,-0.0,0.6,49.99,56.4,237.2,False
2025-01-13T17:24:03.616121,1.0,0.8,-3.0,1.3,50.0,32.3,239.2,False
2025-01-13T17:24:03.771452,2.0,2.3,2.3,1.4,50.0,31.6,240.9,False
2025-01-13T17:27:03.403291,0.0,3.0,1.5,1.4,49.99,57.0,237.1,False
2025-01-13T17:27:03.566674,1.0,1.5,-1.5,0.8,49.98,31.0,239.0,False
2025-01-13T17:27:03.712576,2.0,0.0,-1.5,0.9,49.99,31.0,240.7,False
2025-01-13T17:30:03.425826,0.0,0.0,0.0,0.0,49.98,58.6,237.2,False
2025-01-13T17:30:03.694758,1.0,2.3,-3.0,1.6,49.99,33.1,239.1,False
2025-01-13T17:30:03.926139,2.0,2.3,3.8,1.9,49.99,33.7,240.8,False
2025-01-13T17:33:03.399782,0.0,4.5,-3.8,2.2,49.98,60.0,236.9,False
2025-01-13T17:33:03.531334,1.0,1.5,-0.8,0.6,49.98,32.3,238.9,False
2025-01-13T17:33:03.664059,2.0,0.8,-0.8,0.3,49.99,33.3,240.6,False
2025-01-13T17:36:03.401120,0.0,2.3,1.5,1.1,49.99,57.6,236.9,False
2025-01-13T17:36:03.523151,1.0,0.0,0.8,0.2,50.0,31.3,239.0,False
2025-01-13T17:36:03.644927,2.0,0.8,-1.5,0.7,49.99,32.2,240.6,False
2025-01-13T17:38:51.475993,1.0,0.8,-2.3,1.2,50.0,31.0,239.1,False
2025-01-13T17:38:51.583185,2.0,2.3,1.5,1.1,50.01,31.0,240.8,False
2025-01-13T17:41:51.403941,0.0,0.0,-0.8,0.2,50.02,57.5,237.1,False
2025-01-13T17:41:51.525749,1.0,0.0,-0.8,0.4,50.03,30.4,239.1,False
2025-01-13T17:41:51.633896,2.0,0.8,-0.8,0.5,50.02,31.4,240.8,False
2025-01-13T17:44:51.404889,0.0,0.8,-0.8,0.5,49.99,57.1,236.8,False
2025-01-13T17:44:51.515102,1.0,0.8,-1.5,0.4,49.98,30.9,238.6,False
2025-01-13T17:44:51.623555,2.0,0.0,-2.3,0.6,49.98,31.9,240.4,False
2025-01-13T17:47:51.408064,0.0,0.8,-0.8,0.2,49.98,57.2,237.0,False
2025-01-13T17:47:51.543248,1.0,1.5,-0.0,0.7,50.0,30.0,238.9,False
2025-01-13T17:47:51.665373,2.0,0.0,-3.0,1.1,49.99,30.4,240.6,False
2025-01-13T17:50:51.406350,0.0,0.8,-4.5,1.6,50.02,57.1,237.4,False
2025-01-13T17:50:51.502741,1.0,2.3,0.0,1.0,50.02,31.3,239.3,False
2025-01-13T17:50:51.594652,2.0,3.0,-0.0,1.3,50.02,30.3,240.9,False
2025-01-13T17:53:51.408885,0.0,2.3,0.0,1.1,50.01,57.9,237.2,False
2025-01-13T17:53:51.526366,1.0,0.0,-0.8,0.2,50.01,30.8,239.2,False
2025-01-13T17:53:51.621729,2.0,0.0,-0.8,0.2,50.02,29.8,240.7,False
2025-01-13T17:56:51.419712,0.0,2.3,-4.5,1.5,49.98,58.0,236.7,False
2025-01-13T17:56:51.547045,1.0,1.5,-0.0,0.7,49.98,30.5,238.8,False
2025-01-13T17:56:51.664219,2.0,1.5,0.8,0.7,49.98,30.1,240.4,False
2025-01-13T17:59:51.410813,0.0,2.3,-0.0,0.9,49.99,57.3,236.7,False
2025-01-13T17:59:51.571484,1.0,2.3,-1.5,1.2,50.0,31.7,238.7,False
2025-01-13T17:59:51.722022,2.0,2.3,-3.0,1.6,49.99,31.4,240.4,False
2025-01-13T18:02:51.413409,0.0,4.5,0.0,1.9,49.95,57.6,236.8,False
2025-01-13T18:02:51.537810,1.0,1.5,-3.8,1.7,49.94,31.3,238.8,False
2025-01-13T18:02:51.661995,2.0,3.8,-2.3,1.8,49.95,31.3,240.4,False
2025-01-13T18:05:51.414004,0.0,0.0,0.0,0.0,49.96,58.2,236.8,False
2025-01-13T18:05:51.531797,1.0,0.8,0.0,0.3,49.95,31.3,238.7,False
2025-01-13T18:05:51.651318,2.0,0.0,-0.8,0.2,49.96,31.3,240.3,False
2025-01-13T18:08:51.490494,1.0,3.0,-3.8,1.8,50.0,31.1,239.1,False
2025-01-13T18:08:51.665509,2.0,2.3,-3.0,1.2,50.01,31.5,240.7,False
2025-01-13T18:11:51.416270,0.0,2.3,0.0,1.1,50.01,57.8,237.3,False
2025-01-13T18:11:51.545750,1.0,2.3,-0.8,0.9,50.01,31.3,239.3,False
2025-01-13T18:11:51.700113,2.0,0.0,0.8,0.5,50.01,32.0,240.9,False
2025-01-13T18:14:51.417102,0.0,2.3,-2.3,1.2,50.0,56.8,237.4,False
2025-01-13T18:14:51.557908,1.0,0.0,-0.0,0.1,50.0,30.9,239.4,False
2025-01-13T18:14:51.690054,2.0,0.8,-1.5,0.6,50.0,31.1,241.1,False
2025-01-13T18:17:51.420548,0.0,2.3,-4.5,1.9,50.02,57.1,237.1,False
2025-01-13T18:17:51.622765,1.0,3.0,-3.0,1.5,50.03,30.7,239.0,False
2025-01-13T18:17:51.767175,2.0,0.8,-1.5,1.1,50.02,31.0,240.7,False
2025-01-13T18:20:39.421148,0.0,2.3,-4.5,2.0,50.01,56.6,237.2,False
2025-01-13T18:20:39.556594,1.0,3.8,-1.5,1.6,50.0,31.8,239.2,False
2025-01-13T18:20:39.685384,2.0,1.5,-2.3,1.2,50.01,30.7,240.8,False
2025-01-13T18:23:39.420886,0.0,7.6,0.0,3.1,50.02,59.0,237.4,False
2025-01-13T18:23:39.550369,1.0,1.5,-3.0,1.3,50.02,30.9,239.4,False
2025-01-13T18:23:39.694716,2.0,2.3,0.8,1.1,50.01,31.9,241.1,False
2025-01-13T18:26:39.422858,0.0,7.6,-3.0,2.8,49.98,57.9,236.6,False
2025-01-13T18:26:39.530900,1.0,0.8,-3.0,0.7,49.99,30.9,238.6,False
2025-01-13T18:26:39.621309,2.0,0.8,-1.5,0.5,49.99,31.3,240.2,False
2025-01-13T18:29:39.423883,0.0,0.8,1.5,0.6,50.0,57.4,237.0,False
2025-01-13T18:29:39.526630,1.0,0.0,0.0,0.3,50.0,30.9,238.8,False
2025-01-13T18:29:39.618619,2.0,1.5,-0.0,0.7,50.0,31.1,240.5,False
2025-01-13T18:32:39.425681,0.0,2.3,0.0,0.8,49.99,58.5,237.4,False
2025-01-13T18:32:39.593104,1.0,0.0,0.8,0.7,49.99,31.4,239.3,False
2025-01-13T18:32:39.718428,2.0,2.3,-3.0,1.4,49.98,31.3,240.9,False
2025-01-13T18:35:39.426565,0.0,0.0,-2.3,0.9,49.99,58.1,237.4,False
2025-01-13T18:35:39.554432,1.0,0.8,-1.5,0.6,50.0,31.3,239.3,False
2025-01-13T18:35:39.705366,2.0,1.5,-1.5,0.9,49.99,31.1,240.9,False
2025-01-13T18:38:39.502340,1.0,0.8,0.0,0.3,49.99,31.2,239.5,False
2025-01-13T18:38:39.617775,2.0,1.5,-0.8,0.7,50.01,31.3,241.2,False
2025-01-13T18:41:39.428755,0.0,6.8,-0.8,3.0,49.99,57.2,237.9,False
2025-01-13T18:41:39.548399,1.0,0.8,-1.5,0.6,50.01,31.2,239.7,False
2025-01-13T18:41:39.672257,2.0,1.5,-1.5,0.7,49.97,31.1,241.5,False
2025-01-13T18:46:08.931084,0.0,2.3,-1.5,1.2,49.99,56.2,237.4,False
2025-01-13T18:46:09.163363,1.0,3.0,-3.8,1.6,49.98,31.1,239.2,False
2025-01-13T18:46:09.349506,2.0,0.8,0.8,0.9,49.99,30.2,240.9,False
2025-01-13T19:11:50.938822,0.0,10.6,-2.3,4.8,50.0,53.7,239.4,False
2025-01-13T19:11:51.165970,1.0,2.3,-1.5,1.0,50.0,30.3,241.3,False
2025-01-13T19:11:51.346568,2.0,0.0,-2.3,0.7,50.0,30.1,242.9,False
2025-01-13T19:14:27.441894,0.0,1.5,-1.5,0.5,50.01,53.9,239.0,False
2025-01-13T19:14:27.560536,1.0,2.3,0.0,1.0,50.02,31.0,241.0,False
2025-01-13T19:14:27.675815,2.0,1.5,-1.5,0.8,50.01,29.8,242.7,False
2025-01-13T19:17:27.444303,0.0,3.8,0.0,1.4,50.01,53.9,239.8,False
2025-01-13T19:17:27.575850,1.0,3.8,2.3,1.7,50.04,29.3,241.6,False
2025-01-13T19:17:27.723830,2.0,0.8,-6.1,1.9,50.03,30.1,243.4,False
2025-01-13T19:20:27.444436,0.0,0.0,-12.1,2.5,50.02,54.1,236.0,False
2025-01-13T19:20:27.569187,1.0,0.8,-17.4,4.0,50.02,30.7,237.9,False
2025-01-13T19:20:27.698016,2.0,3.0,-15.1,3.0,50.01,28.7,239.5,False
2025-01-13T19:23:27.445947,0.0,3.8,1.5,1.7,50.01,54.6,236.0,False
2025-01-13T19:23:27.570942,1.0,2.3,-2.3,1.4,50.01,29.3,237.8,False
2025-01-13T19:23:27.690756,2.0,2.3,-1.5,1.0,50.02,28.9,239.6,False
2025-01-13T19:26:27.453884,0.0,4.5,0.8,2.0,50.01,54.0,236.2,False
2025-01-13T19:26:27.548573,1.0,0.0,0.8,0.4,50.02,29.9,238.0,False
2025-01-13T19:26:27.649470,2.0,0.8,-0.8,0.5,50.01,29.0,239.6,False
2025-01-13T19:29:27.449158,0.0,1.5,0.0,1.0,50.02,54.0,235.8,False
2025-01-13T19:29:27.578665,1.0,0.8,-3.0,1.1,50.01,30.3,237.7,False
2025-01-13T19:29:27.705367,2.0,1.5,-0.8,0.6,50.02,29.3,239.3,False
2025-01-13T19:32:27.450921,0.0,1.5,-3.0,1.8,49.98,54.2,236.0,False
2025-01-13T19:32:27.583411,1.0,1.5,-3.8,1.5,49.98,29.4,238.0,False
2025-01-13T19:32:27.704931,2.0,2.3,-1.5,1.0,49.98,29.4,239.5,False
2025-01-13T19:35:27.451778,0.0,0.8,-0.8,0.5,50.01,54.6,236.0,False
2025-01-13T19:35:27.569827,1.0,0.8,0.0,0.4,50.01,29.3,237.8,False
2025-01-13T19:35:27.688518,2.0,0.0,-1.5,0.6,50.02,29.4,239.5,False
2025-01-13T19:38:27.543331,1.0,0.8,-1.5,0.7,50.04,29.9,237.9,False
2025-01-13T19:38:27.659448,2.0,0.0,-2.3,0.9,50.02,29.3,239.6,False
2025-01-13T19:41:27.453063,0.0,2.3,1.5,1.2,50.05,53.7,236.1,False
2025-01-13T19:41:27.576289,1.0,0.8,-1.5,0.7,50.02,29.0,237.9,False
2025-01-13T19:41:27.697350,2.0,1.5,1.5,0.9,50.04,28.0,239.6,False
2025-01-13T19:44:27.454948,0.0,0.8,-4.5,1.9,50.01,53.4,236.0,False
2025-01-13T19:44:27.578242,1.0,1.5,-3.0,1.4,50.01,29.1,237.8,False
2025-01-13T19:44:27.703653,2.0,4.5,0.0,1.9,50.02,30.0,239.5,False
2025-01-13T19:47:27.455212,0.0,2.3,-1.5,1.4,50.01,54.4,235.8,False
2025-01-13T19:47:27.643333,1.0,0.8,-3.8,1.5,50.0,29.1,237.6,False
2025-01-13T19:47:27.797107,2.0,3.8,-1.5,1.6,50.0,29.0,239.2,False
2025-01-13T19:50:15.456868,0.0,0.8,-0.8,0.7,50.01,54.7,236.7,False
2025-01-13T19:50:15.587509,1.0,0.8,-3.0,0.7,50.01,29.6,238.4,False
2025-01-13T19:50:15.713333,2.0,1.5,-4.5,1.2,50.02,29.2,240.2,False
2025-01-13T19:53:15.457989,0.0,2.3,-0.0,0.8,50.01,54.7,236.4,False
2025-01-13T19:53:15.574734,1.0,2.3,-1.5,1.2,50.0,29.4,238.3,False
2025-01-13T19:53:15.687085,2.0,1.5,-2.3,0.9,50.02,29.5,239.9,False
2025-01-13T19:56:15.459095,0.0,0.8,-3.0,1.1,50.04,54.1,236.7,False
2025-01-13T19:56:15.569400,1.0,0.0,-1.5,0.5,50.05,28.7,238.6,False
2025-01-13T19:56:15.672805,2.0,0.8,0.0,0.3,50.03,29.8,240.2,False
2025-01-13T19:59:15.465939,0.0,2.3,0.8,1.0,50.0,54.6,236.5,False
2025-01-13T19:59:15.586839,1.0,0.0,-3.0,1.2,50.01,28.9,238.4,False
2025-01-13T19:59:15.713621,2.0,0.8,0.8,0.5,50.0,28.4,240.0,False
2025-01-13T20:02:15.477533,0.0,43.9,-82.4,39.8,49.99,55.6,236.8,False
2025-01-13T20:02:15.629714,1.0,9.8,-66.6,28.3,49.98,30.5,238.5,False
2025-01-13T20:02:15.754743,2.0,77.0,40.9,36.2,49.98,30.4,240.2,False
2025-01-13T20:05:15.474991,0.0,41.6,-81.7,38.7,49.98,55.5,236.8,False
2025-01-13T20:05:15.577845,1.0,95.0,-38.8,43.1,49.99,30.4,238.6,False
2025-01-13T20:05:15.671161,1.0,95.0,-38.8,43.1,49.99,30.4,238.6,False
2025-01-13T20:05:15.783580,2.0,77.0,40.9,36.2,49.99,31.3,240.3,False
2025-01-13T20:08:15.552322,1.0,0.0,-1.5,0.6,49.95,29.7,238.7,False
2025-01-13T20:08:15.672530,2.0,0.8,-1.5,0.5,49.96,30.1,240.5,False
2025-01-13T20:11:15.465139,0.0,0.8,1.5,0.8,49.99,54.0,237.7,False
2025-01-13T20:11:15.586650,1.0,0.8,-2.3,0.5,49.97,29.3,239.5,False
2025-01-13T20:11:15.714361,2.0,0.0,-1.5,0.1,49.98,30.6,241.2,False
2025-01-13T20:14:15.466760,0.0,2.3,-1.5,1.1,50.01,54.8,237.7,False
2025-01-13T20:14:15.609158,1.0,0.8,-1.5,0.7,50.0,29.8,239.5,False
2025-01-13T20:14:15.737328,2.0,1.5,-2.3,1.1,50.01,29.8,241.2,False
2025-01-13T20:17:15.467235,0.0,1.5,3.0,1.2,49.98,55.9,237.2,False
2025-01-13T20:17:15.587251,1.0,0.8,-0.8,0.3,49.99,29.4,239.0,False
2025-01-13T20:17:15.697259,2.0,1.5,-3.8,1.4,49.98,30.7,240.8,False
2025-01-13T20:20:15.469045,0.0,2.3,-0.8,1.0,50.01,54.7,237.2,False
2025-01-13T20:20:15.584615,1.0,0.8,-0.8,0.4,49.98,28.9,239.2,False
2025-01-13T20:20:15.705657,2.0,0.8,-1.5,0.7,50.01,30.0,240.8,False
2025-01-13T20:23:15.471973,0.0,2.3,-0.8,1.0,50.01,54.5,237.2,False
2025-01-13T20:23:15.569845,1.0,0.0,-3.0,1.0,50.02,29.5,238.9,False
2025-01-13T20:23:15.671708,2.0,1.5,-0.8,0.8,50.01,29.7,240.6,False
2025-01-13T20:26:15.470946,0.0,2.3,-1.5,1.3,50.02,54.7,237.4,False
2025-01-13T20:26:15.573764,1.0,1.5,-1.5,0.8,50.01,29.6,239.0,False
2025-01-13T20:26:15.678452,2.0,0.8,-0.8,0.3,50.03,30.1,240.8,False
2025-01-13T20:29:15.474035,0.0,1.5,-2.3,1.1,50.04,54.6,237.5,False
2025-01-13T20:29:15.638927,1.0,0.8,-0.0,0.3,50.04,28.4,239.1,False
2025-01-13T20:29:15.768101,2.0,0.8,0.8,0.4,50.04,29.1,240.9,False
2025-01-13T20:32:15.473998,0.0,1.5,2.3,0.7,49.98,55.6,237.1,False
2025-01-13T20:32:15.611698,1.0,0.0,0.0,0.3,49.99,28.4,238.8,False
2025-01-13T20:32:15.745441,2.0,0.8,-3.0,1.0,49.98,29.6,240.6,False
2025-01-13T20:35:15.477540,0.0,0.0,-1.5,0.4,49.99,55.1,237.3,False
2025-01-13T20:35:15.633952,1.0,0.0,-1.5,0.5,49.98,29.0,239.0,False
2025-01-13T20:35:15.756146,2.0,0.8,-0.8,0.3,49.99,30.0,240.8,False
2025-01-13T20:38:15.559978,1.0,0.8,-0.8,0.5,50.0,28.9,239.1,False
2025-01-13T20:38:15.667333,2.0,2.3,0.8,1.0,50.01,31.4,240.9,False
2025-01-13T20:41:15.485653,0.0,7.6,-0.8,3.5,49.99,54.9,237.7,False
2025-01-13T20:41:15.626219,1.0,0.8,-1.5,0.4,50.01,28.8,239.5,False
2025-01-13T20:41:15.766400,2.0,1.5,-3.0,1.1,50.01,30.1,241.2,False
2025-01-13T20:44:15.478866,0.0,0.8,-1.5,0.6,50.03,54.8,237.6,False
2025-01-13T20:44:15.615841,1.0,1.5,-0.8,0.8,50.03,28.9,239.3,False
2025-01-13T20:44:15.734898,2.0,0.8,1.5,0.6,50.02,31.0,241.1,False
2025-01-13T20:47:15.493125,0.0,0.0,-0.8,0.2,49.99,54.8,237.3,False
2025-01-13T20:47:15.620419,1.0,1.5,-1.5,0.8,49.98,28.8,239.0,False
2025-01-13T20:47:15.742641,2.0,0.8,-1.5,0.5,49.98,30.4,240.8,False
2025-01-13T20:50:03.509852,0.0,3.0,-3.0,1.2,50.04,53.8,237.8,False
2025-01-13T20:50:03.739671,1.0,1.5,-0.8,1.0,50.04,28.4,239.4,False
2025-01-13T20:50:03.895482,2.0,3.0,-3.8,1.9,50.03,29.2,241.1,False
2025-01-13T20:53:03.482447,0.0,0.0,-2.3,0.7,50.04,54.0,237.6,False
2025-01-13T20:53:03.605634,1.0,0.8,-1.5,0.5,50.03,28.9,239.1,False
2025-01-13T20:53:03.729202,2.0,0.0,-0.8,0.1,50.05,29.2,240.8,False
2025-01-13T20:56:03.497070,0.0,21.9,-33.3,17.0,50.04,53.5,237.8,False
2025-01-13T20:56:03.618493,1.0,4.5,-27.2,11.8,50.04,28.3,239.4,False
2025-01-13T20:56:03.736756,2.0,5.3,-29.5,12.7,50.03,29.4,241.1,False
2025-01-13T20:59:03.496105,0.0,21.9,-34.8,17.4,50.03,52.9,237.7,False
2025-01-13T20:59:03.584701,1.0,3.0,-28.7,12.2,50.03,28.0,239.3,False
2025-01-13T20:59:03.696699,2.0,6.8,-30.3,12.9,50.02,29.6,241.0,False
2025-01-13T21:02:03.485227,0.0,0.8,-5.3,1.5,49.97,52.1,238.6,False
2025-01-13T21:02:03.623654,1.0,3.8,-2.3,1.5,49.98,29.1,240.2,False
2025-01-13T21:02:03.755867,2.0,2.3,-2.3,1.1,49.97,28.8,241.9,False
2025-01-13T21:05:03.486288,0.0,0.0,-0.8,0.4,49.97,51.9,239.2,False
2025-01-13T21:05:03.618773,1.0,0.0,-3.0,0.8,49.97,29.0,240.8,False
2025-01-13T21:05:03.744692,2.0,1.5,0.0,0.8,49.97,30.1,242.6,False
2025-01-13T21:08:03.564307,1.0,0.8,0.8,0.4,50.01,28.1,241.1,False
2025-01-13T21:08:03.681789,2.0,0.8,-3.8,1.4,50.02,28.7,242.8,False
2025-01-13T21:11:03.488616,0.0,6.8,-12.9,6.4,50.02,52.4,239.7,False
2025-01-13T21:11:03.602749,1.0,3.8,-9.8,4.6,50.02,28.7,241.3,False
2025-01-13T21:11:03.720745,2.0,1.5,-8.3,3.6,50.02,29.0,243.0,False
2025-01-13T21:14:03.508037,0.0,28.0,-51.4,23.5,50.03,52.5,238.9,False
2025-01-13T21:14:03.697939,1.0,5.3,-45.4,18.2,50.03,28.0,240.4,False
2025-01-13T21:14:03.861313,2.0,77.0,40.9,36.2,50.03,28.6,242.1,False
2025-01-13T21:17:03.511073,0.0,34.8,-59.0,29.2,50.0,53.4,238.4,False
2025-01-13T21:17:03.649966,1.0,95.0,-38.8,43.1,50.0,28.8,240.0,False
2025-01-13T21:17:03.782989,1.0,95.0,-38.8,43.1,50.0,28.8,240.0,False
2025-01-13T21:17:03.915219,2.0,77.0,40.9,36.2,49.99,28.4,241.7,False
2025-01-13T21:20:03.496139,0.0,3.0,-0.8,1.1,50.02,52.2,238.1,False
2025-01-13T21:20:03.697172,1.0,0.0,-0.8,0.6,50.01,29.3,239.6,False
2025-01-13T21:20:04.066599,2.0,1.5,-2.3,1.0,50.01,29.3,241.4,False
2025-01-13T21:23:03.494770,0.0,0.8,-8.3,2.5,50.01,52.3,236.9,False
2025-01-13T21:23:03.611440,1.0,1.5,-4.5,0.9,50.01,28.5,238.4,False
2025-01-13T21:23:03.726135,2.0,0.8,-5.3,1.3,50.02,29.8,240.2,False
2025-01-13T21:26:03.496129,0.0,0.8,1.5,0.9,50.02,52.9,237.0,False
2025-01-13T21:26:03.609068,1.0,0.8,-2.3,0.9,50.03,28.5,238.6,False
2025-01-13T21:26:03.732879,2.0,2.3,-0.8,0.9,50.02,30.4,240.3,False
2025-01-13T21:29:03.502080,0.0,2.3,0.0,1.2,50.01,53.2,236.7,False
2025-01-13T21:29:03.667682,1.0,0.0,-5.3,2.0,50.01,28.7,238.3,False
2025-01-13T21:29:03.818427,2.0,4.5,-0.8,1.8,50.02,29.0,240.0,False
2025-01-13T21:32:03.500006,0.0,2.3,0.8,1.0,49.97,52.4,236.4,False
2025-01-13T21:32:03.616520,1.0,3.0,-1.5,1.6,49.97,28.8,238.1,False
2025-01-13T21:32:03.727776,2.0,1.5,-3.0,1.2,49.96,29.3,239.6,False
2025-01-13T21:34:51.539687,0.0,19.7,-34.0,17.4,49.98,52.8,237.1,False
2025-01-13T21:34:51.652606,1.0,5.3,-28.0,12.5,49.99,29.0,238.6,False
2025-01-13T21:34:51.763709,2.0,6.1,-26.5,11.9,49.97,30.2,240.2,False
2025-01-13T21:37:51.572854,1.0,0.8,-2.3,1.0,50.02,28.5,238.7,False
2025-01-13T21:37:51.672103,2.0,2.3,1.5,1.1,50.02,28.3,240.3,False
2025-01-13T21:40:51.501111,0.0,11.3,-34.0,14.9,50.01,51.9,237.3,False
2025-01-13T21:40:51.599092,1.0,3.8,-32.5,13.5,50.02,28.5,238.9,False
2025-01-13T21:40:51.696566,2.0,8.3,-30.3,12.8,50.01,29.3,240.6,False
2025-01-13T21:43:51.502125,0.0,1.5,-0.8,0.8,50.02,51.7,237.4,False
2025-01-13T21:43:51.602024,1.0,0.8,-2.3,1.1,50.02,28.5,238.8,False
2025-01-13T21:43:51.685572,2.0,3.0,0.0,1.3,50.02,30.4,240.6,False
2025-01-13T21:46:51.503698,0.0,2.3,1.5,1.3,49.98,52.2,236.8,False
2025-01-13T21:46:51.617785,1.0,1.5,-4.5,1.6,49.98,27.7,238.3,False
2025-01-13T21:46:51.729895,2.0,3.0,-0.0,1.2,49.98,29.3,240.1,False
2025-01-13T21:49:51.517822,0.0,47.6,-83.2,40.4,50.01,52.3,236.7,False
2025-01-13T21:49:51.624569,1.0,7.6,-71.1,30.0,49.99,29.6,238.3,False
2025-01-13T21:49:51.712085,2.0,77.0,40.9,36.2,50.0,29.5,240.0,False
2025-01-13T21:52:51.522743,0.0,56.0,-84.7,42.8,50.02,54.0,236.9,False
2025-01-13T21:52:51.676967,1.0,95.0,-38.8,43.1,50.02,29.6,238.4,False
2025-01-13T21:52:51.801135,1.0,95.0,-38.8,43.1,50.02,29.6,238.4,False
2025-01-13T21:52:51.926678,2.0,77.0,40.9,36.2,50.03,30.2,240.2,False
2025-01-13T21:55:51.506681,0.0,10.6,-0.8,4.6,50.03,52.4,237.1,False
2025-01-13T21:55:51.618316,1.0,0.0,-3.0,1.1,50.04,28.4,238.6,False
2025-01-13T21:55:51.734519,2.0,2.3,0.0,0.9,50.03,30.4,240.4,False
2025-01-13T21:58:51.509898,0.0,0.8,-1.5,0.6,50.04,52.0,237.5,False
2025-01-13T21:58:51.656735,1.0,0.0,0.8,0.6,50.04,28.9,238.9,False
2025-01-13T21:58:51.768486,2.0,2.3,-1.5,1.1,50.04,29.7,240.7,False
2025-01-13T22:01:51.510950,0.0,0.8,-1.5,0.7,49.98,51.9,236.9,False
2025-01-13T22:01:51.644497,1.0,0.8,-2.3,0.6,49.99,28.4,238.4,False
2025-01-13T22:01:51.775550,2.0,0.0,-2.3,0.5,49.99,30.3,240.1,False
2025-01-13T22:04:51.510989,0.0,0.8,-0.8,0.5,49.97,52.3,237.2,False
2025-01-13T22:04:51.635498,1.0,0.0,-2.3,0.7,49.95,28.9,238.7,False
2025-01-13T22:04:51.749319,2.0,0.0,0.0,0.2,49.96,30.7,240.5,False
2025-01-13T22:07:51.656193,1.0,6.8,-51.4,22.0,49.97,29.2,239.0,False
2025-01-13T22:07:51.741160,2.0,77.0,40.9,36.2,49.97,29.6,240.7,False
2025-01-13T22:10:51.526728,0.0,30.3,-49.2,24.1,49.99,51.4,237.7,False
2025-01-13T22:10:51.626341,1.0,95.0,-38.8,43.1,49.99,28.8,239.2,False
2025-01-13T22:10:51.718930,1.0,95.0,-38.8,43.1,49.99,28.8,239.2,False
2025-01-13T22:10:51.819360,2.0,77.0,40.9,36.2,49.99,28.4,240.8,False
2025-01-13T22:13:51.514722,0.0,6.8,-12.1,5.9,50.02,51.9,237.7,False
2025-01-13T22:13:51.615831,1.0,0.0,-11.3,4.8,50.01,28.6,239.2,False
2025-01-13T22:13:51.729015,2.0,3.0,-11.3,4.8,50.02,28.3,240.9,False
2025-01-13T22:16:51.537997,0.0,21.9,-40.8,19.1,49.99,53.2,237.3,False
2025-01-13T22:16:51.697263,1.0,4.5,-29.5,12.2,49.99,27.4,238.8,False
2025-01-13T22:16:51.816212,2.0,3.8,-31.8,13.0,49.99,28.8,240.5,False
2025-01-13T22:19:51.538834,0.0,22.7,-37.1,18.5,49.99,52.7,237.2,False
2025-01-13T22:19:51.664580,1.0,4.5,-25.7,11.0,50.0,28.1,238.7,False
2025-01-13T22:19:51.766295,2.0,3.0,-30.3,12.7,49.99,28.5,240.4,False
2025-01-13T22:22:39.520958,0.0,6.8,-13.6,6.6,50.01,51.9,237.4,False
2025-01-13T22:22:39.618728,1.0,2.3,-6.1,2.8,50.01,27.9,238.8,False
2025-01-13T22:22:39.701154,2.0,2.3,-9.8,4.4,50.01,29.8,240.6,False
2025-01-13T22:25:39.519436,0.0,4.5,-14.4,6.3,50.04,52.6,237.5,False
2025-01-13T22:25:39.628818,1.0,1.5,-10.6,4.5,50.04,27.5,238.9,False
2025-01-13T22:25:39.722764,2.0,0.0,-9.8,4.1,50.03,29.1,240.7,False
2025-01-13T22:28:39.521195,0.0,3.0,-1.5,1.2,50.02,52.1,237.7,False
2025-01-13T22:28:39.634976,1.0,0.0,-2.3,1.2,50.02,27.0,239.2,False
2025-01-13T22:28:39.758682,2.0,2.3,-3.0,1.4,50.02,28.4,240.9,False
2025-01-13T22:31:39.521848,0.0,0.0,-0.0,0.2,49.98,51.9,237.6,False
2025-01-13T22:31:39.637202,1.0,0.0,-0.8,0.5,49.97,27.5,239.0,False
2025-01-13T22:31:39.753960,2.0,2.3,0.8,1.0,49.97,28.6,240.7,False
2025-01-13T22:34:39.540253,0.0,34.0,-58.2,28.8,49.97,51.5,237.9,False
2025-01-13T22:34:39.697644,1.0,7.6,-50.7,21.6,49.96,27.1,239.3,False
2025-01-13T22:34:39.822608,2.0,77.0,40.9,36.2,49.98,28.5,241.0,False
2025-01-13T22:37:39.855695,1.0,95.0,-38.8,43.1,49.98,28.0,239.4,False
2025-01-13T22:37:40.294554,1.0,95.0,-38.8,43.1,49.98,28.0,239.4,False
2025-01-13T22:37:40.809480,2.0,77.0,40.9,36.2,49.98,29.1,241.3,False
2025-01-13T22:40:39.525625,0.0,9.8,-2.3,4.4,49.98,51.5,238.1,False
2025-01-13T22:40:39.647869,1.0,0.8,0.0,0.3,49.97,28.4,239.5,False
2025-01-13T22:40:39.743619,2.0,0.0,0.0,0.1,49.99,29.7,241.4,False
2025-01-13T22:43:39.525820,0.0,4.5,-0.8,1.8,50.02,50.7,238.3,False
2025-01-13T22:43:39.631522,1.0,2.3,-0.8,1.1,50.01,28.1,239.7,False
2025-01-13T22:43:39.736863,2.0,0.8,-3.8,1.5,50.02,29.2,241.5,False
2025-01-13T22:46:39.528167,0.0,0.8,1.5,0.6,50.0,51.7,238.1,False
2025-01-13T22:46:39.652848,1.0,0.0,-3.0,1.0,49.99,27.7,239.4,False
2025-01-13T22:46:39.773479,2.0,0.8,-0.8,0.3,50.0,27.7,241.2,False
2025-01-13T22:49:39.528633,0.0,3.0,0.0,1.2,50.0,52.3,238.0,False
2025-01-13T22:49:39.646350,1.0,1.5,-3.0,1.5,50.0,28.5,239.3,False
2025-01-13T22:49:39.739814,2.0,2.3,2.3,1.3,49.99,30.1,241.1,False
2025-01-13T22:52:39.546040,0.0,9.1,-3.8,3.7,50.04,53.4,238.4,False
2025-01-13T22:52:39.653902,1.0,0.0,-0.8,0.6,50.04,27.9,239.7,False
2025-01-13T22:52:39.755502,2.0,3.0,1.5,1.4,50.04,28.3,241.6,False
2025-01-13T22:55:39.531899,0.0,8.3,-0.8,3.6,50.04,52.1,238.6,False
2025-01-13T22:55:39.623192,1.0,0.8,-2.3,0.9,50.05,27.2,239.9,False
2025-01-13T22:55:39.718905,2.0,1.5,0.0,0.6,50.04,29.7,241.7,False
2025-01-13T22:58:39.532312,0.0,3.0,-0.8,1.4,50.03,52.3,238.4,False
2025-01-13T22:58:39.618930,1.0,2.3,-1.5,1.1,50.02,27.0,239.7,False
2025-01-13T22:58:39.693479,2.0,0.8,0.8,0.5,50.03,28.8,241.6,False
2025-01-13T23:01:39.536121,0.0,3.0,-1.5,1.4,49.95,51.1,238.5,False
2025-01-13T23:01:39.728066,1.0,0.8,0.0,0.3,49.94,27.9,239.9,False
2025-01-13T23:01:39.870358,2.0,1.5,0.8,0.7,49.94,28.9,241.7,False
2025-01-13T23:04:39.534844,0.0,0.8,-3.8,1.3,49.95,51.6,238.1,False
2025-01-13T23:04:39.665655,1.0,0.8,-2.3,0.6,49.94,28.0,239.4,False
2025-01-13T23:04:39.778739,2.0,0.8,0.0,0.4,49.95,29.1,241.3,False
2025-01-13T23:07:39.612215,1.0,0.8,-0.8,0.4,49.99,27.7,239.8,False
2025-01-13T23:07:39.727659,2.0,0.0,-2.3,0.5,50.0,28.7,241.6,False
2025-01-13T23:10:39.537696,0.0,0.0,-3.8,1.3,49.99,51.2,238.8,False
2025-01-13T23:10:39.626233,1.0,2.3,-1.5,1.0,49.99,28.5,240.1,False
2025-01-13T23:10:39.718137,2.0,1.5,-0.8,0.7,49.98,28.9,241.9,False
2025-01-13T23:13:39.540736,0.0,6.8,-1.5,2.7,50.04,53.5,239.1,False
2025-01-13T23:13:39.695326,1.0,1.5,-3.8,1.4,50.03,29.3,240.5,False
2025-01-13T23:13:39.811698,2.0,1.5,-2.3,1.4,50.04,29.7,242.3,False
2025-01-13T23:16:27.540130,0.0,6.1,-3.8,2.6,50.0,51.3,238.7,False
2025-01-13T23:16:27.658482,1.0,3.0,-2.3,1.3,50.01,27.6,240.0,False
2025-01-13T23:16:27.778025,2.0,0.8,-3.0,1.6,50.0,28.5,241.9,False
2025-01-13T23:19:27.542090,0.0,3.0,0.0,1.4,50.01,52.0,238.8,False
2025-01-13T23:19:27.683823,1.0,1.5,0.0,0.6,50.01,27.9,240.2,False
2025-01-13T23:19:27.791426,2.0,1.5,-3.0,1.5,50.01,29.3,242.0,False
2025-01-13T23:22:27.541744,0.0,1.5,0.8,0.6,50.03,51.3,239.0,False
2025-01-13T23:22:27.642425,1.0,1.5,-0.8,0.7,50.04,28.1,240.3,False
2025-01-13T23:22:27.741581,2.0,0.0,-3.0,1.1,50.03,28.2,242.1,False
2025-01-13T23:25:27.560668,0.0,34.8,-59.0,28.8,50.02,51.3,239.0,False
2025-01-13T23:25:27.704331,1.0,6.1,-50.7,21.4,50.02,28.2,240.4,False
2025-01-13T23:25:27.805479,2.0,77.0,40.9,36.2,50.03,27.9,242.1,False
2025-01-13T23:28:27.562393,0.0,34.0,-61.3,29.5,50.04,51.7,238.9,False
2025-01-13T23:28:27.704094,1.0,95.0,-38.8,43.1,50.04,27.8,240.3,False
2025-01-13T23:28:27.812756,1.0,95.0,-38.8,43.1,50.04,27.8,240.3,False
2025-01-13T23:28:27.934048,2.0,77.0,40.9,36.2,50.03,28.3,242.1,False
2025-01-13T23:31:27.546402,0.0,0.0,-2.3,0.7,49.98,51.2,238.6,False
2025-01-13T23:31:27.659603,1.0,1.5,-0.8,0.6,49.98,28.0,240.0,False
2025-01-13T23:31:27.786895,2.0,0.8,-0.8,0.4,49.97,28.2,241.8,False
2025-01-13T23:34:27.546769,0.0,0.0,-1.5,0.5,50.0,51.5,238.7,False
2025-01-13T23:34:27.658764,1.0,1.5,0.0,0.6,50.01,28.4,240.1,False
2025-01-13T23:34:27.760312,2.0,0.8,0.8,0.5,49.99,28.9,241.9,False
2025-01-13T23:37:27.621264,1.0,0.0,-1.5,0.7,50.03,29.0,240.2,False
2025-01-13T23:37:27.727968,2.0,1.5,0.8,0.7,50.02,28.1,242.0,False
2025-01-13T23:40:27.549572,0.0,11.3,-3.8,4.9,50.04,51.6,238.7,False
2025-01-13T23:40:27.674650,1.0,0.8,-1.5,0.9,50.04,27.9,240.0,False
2025-01-13T23:40:27.765008,2.0,3.0,0.0,1.3,50.04,28.6,241.9,False
2025-01-13T23:43:27.550232,0.0,1.5,0.8,0.8,50.03,50.7,238.6,False
2025-01-13T23:43:27.655935,1.0,0.8,-1.5,0.6,50.03,27.5,239.9,False
2025-01-13T23:43:27.774152,2.0,2.3,-0.0,0.9,50.04,28.4,241.7,False
2025-01-13T23:46:27.551002,0.0,0.8,-2.3,1.1,50.02,52.0,238.5,False
2025-01-13T23:46:27.655346,1.0,1.5,0.8,0.7,50.03,28.4,239.9,False
2025-01-13T23:46:27.762189,2.0,1.5,-1.5,0.9,50.03,28.2,241.7,False
2025-01-13T23:49:27.552851,0.0,0.8,-2.3,0.8,50.03,51.0,238.4,False
2025-01-13T23:49:27.670956,1.0,0.8,-0.8,0.4,50.02,28.9,239.9,False
2025-01-13T23:49:27.782663,2.0,0.8,0.0,0.3,50.03,28.1,241.6,False
2025-01-13T23:52:27.554006,0.0,1.5,0.8,0.7,50.02,51.4,238.6,False
2025-01-13T23:52:27.653442,1.0,1.5,-0.8,0.8,50.02,28.5,240.0,False
2025-01-13T23:52:27.757755,2.0,0.8,-1.5,0.6,50.01,28.5,241.7,False
2025-01-13T23:55:27.558506,0.0,2.3,-1.5,1.1,50.03,51.3,238.7,False
2025-01-13T23:55:27.669055,1.0,1.5,-0.8,0.7,50.03,28.3,240.1,False
2025-01-13T23:55:27.782209,2.0,0.0,-0.8,0.4,50.04,28.4,241.9,False
2025-01-13T23:58:27.555921,0.0,2.3,-2.3,0.9,50.01,50.3,239.1,False
2025-01-13T23:58:27.657406,1.0,0.8,-1.5,0.5,50.01,27.9,240.3,False
2025-01-13T23:58:27.760681,2.0,0.8,-1.5,0.5,50.01,27.8,242.1,False
2025-01-14T00:01:27.564643,0.0,0.8,3.0,1.0,49.96,51.5,238.9,False
2025-01-14T00:01:27.813579,1.0,0.0,0.8,0.1,49.96,28.4,240.2,False
2025-01-14T00:01:27.988427,2.0,0.0,0.8,0.2,49.96,28.8,242.0,False
2025-01-14T00:04:27.559043,0.0,14.4,-25.0,12.1,49.96,52.5,238.9,False
2025-01-14T00:04:27.689921,1.0,3.8,-21.9,9.3,49.96,28.1,240.2,False
2025-01-14T00:04:27.814293,2.0,5.3,-19.7,8.4,49.97,27.7,241.9,False
2025-01-14T00:07:27.635591,1.0,4.5,-23.4,9.7,50.01,28.3,240.4,False
2025-01-14T00:07:27.774482,2.0,4.5,-20.4,8.4,50.02,27.9,242.2,False
2025-01-14T00:10:15.562705,0.0,11.3,-25.7,11.8,50.0,51.2,239.1,False
2025-01-14T00:10:15.683066,1.0,5.3,-21.9,9.4,50.0,27.7,240.4,False
2025-01-14T00:10:15.798327,2.0,3.0,-17.4,7.4,50.0,27.5,242.3,False
2025-01-14T00:13:15.562563,0.0,4.5,0.8,1.9,50.02,50.8,239.1,False
2025-01-14T00:13:15.671436,1.0,1.5,-3.0,1.4,50.02,28.0,240.4,False
2025-01-14T00:13:15.798707,2.0,0.8,-3.0,1.3,50.0,29.1,242.3,False
2025-01-14T00:16:15.564582,0.0,15.1,-24.2,12.3,50.01,51.9,238.8,False
2025-01-14T00:16:15.739799,1.0,3.8,-18.2,8.0,50.02,28.9,240.1,False
2025-01-14T00:16:15.853476,2.0,3.0,-18.9,8.2,50.02,29.4,241.9,False
2025-01-14T00:19:15.565068,0.0,12.1,-0.8,5.0,50.03,52.8,238.9,False
2025-01-14T00:19:15.692212,1.0,2.3,-0.8,1.0,50.03,28.6,240.2,False
2025-01-14T00:19:15.817271,2.0,0.0,-3.0,1.2,50.01,28.3,242.0,False
2025-01-14T00:22:15.568137,0.0,12.9,-2.3,5.5,50.04,51.8,239.0,False
2025-01-14T00:22:15.714764,1.0,0.8,-2.3,0.9,50.04,28.4,240.4,False
2025-01-14T00:22:15.821172,2.0,0.0,-2.3,1.1,50.03,29.4,242.2,False
2025-01-14T00:25:15.566093,0.0,4.5,-0.0,2.0,50.03,52.1,239.2,False
2025-01-14T00:25:15.689476,1.0,0.8,-4.5,1.8,50.03,28.2,240.5,False
2025-01-14T00:25:15.822034,2.0,3.8,1.5,1.8,50.03,30.9,242.5,False
2025-01-14T00:28:15.567719,0.0,4.5,-1.5,2.2,50.01,50.9,238.9,False
2025-01-14T00:28:15.677473,1.0,0.8,-5.3,2.0,50.01,28.9,240.3,False
2025-01-14T00:28:15.785851,2.0,3.8,1.5,1.8,50.01,28.9,242.1,False
2025-01-14T00:31:15.571451,0.0,1.5,-3.0,1.3,50.0,50.8,238.8,False
2025-01-14T00:31:15.755494,1.0,3.0,-0.8,1.2,50.0,27.0,240.1,False
2025-01-14T00:31:15.883653,2.0,0.8,-0.8,0.6,50.0,28.3,241.9,False
2025-01-14T00:34:15.570078,0.0,0.8,-0.8,0.7,50.02,52.1,238.5,False
2025-01-14T00:34:15.702494,1.0,3.8,-0.8,1.7,50.02,28.2,239.9,False
2025-01-14T00:34:15.823666,2.0,0.0,-3.8,1.4,50.02,28.8,241.7,False
2025-01-14T00:37:15.647040,1.0,3.0,-3.0,1.7,50.0,28.1,239.7,False
2025-01-14T00:37:15.764358,2.0,0.8,-2.3,1.2,50.01,27.9,241.5,False
2025-01-14T00:40:15.576835,0.0,1.5,-0.0,0.8,50.01,51.5,238.6,False
2025-01-14T00:40:15.712039,1.0,0.8,-2.3,0.9,50.02,27.0,239.9,False
2025-01-14T00:40:15.842882,2.0,1.5,-2.3,0.9,50.01,28.1,241.7,False
2025-01-14T00:43:15.580957,0.0,0.0,-3.8,1.7,50.02,50.4,238.5,False
2025-01-14T00:43:15.722567,1.0,1.5,1.5,0.8,50.01,28.0,239.8,False
2025-01-14T00:43:15.813622,2.0,1.5,-3.0,1.3,50.02,28.4,241.6,False
2025-01-14T00:46:15.577204,0.0,0.0,2.3,0.9,50.01,51.8,238.5,False
2025-01-14T00:46:15.679966,1.0,0.8,0.0,0.3,50.02,28.5,239.8,False
2025-01-14T00:46:15.786533,2.0,0.0,-0.8,0.3,50.02,28.4,241.6,False
2025-01-14T00:49:15.578318,0.0,2.3,-1.5,1.0,50.03,51.7,238.4,False
2025-01-14T00:49:15.698487,1.0,0.0,-0.8,0.4,50.04,28.4,239.7,False
2025-01-14T00:49:15.809505,2.0,0.8,-1.5,0.6,50.04,28.8,241.5,False
2025-01-14T00:52:15.582038,0.0,2.3,-1.5,1.3,50.03,51.8,238.3,False
2025-01-14T00:52:15.697019,1.0,0.8,-3.0,1.3,50.03,28.5,239.7,False
2025-01-14T00:52:15.809174,2.0,3.0,0.8,1.3,50.03,28.2,241.4,False
2025-01-14T00:55:15.597712,0.0,1.5,-0.8,0.8,50.03,50.8,238.3,False
2025-01-14T00:55:16.530520,1.0,0.0,-0.8,0.4,50.02,28.0,239.6,False
2025-01-14T00:55:17.353613,2.0,1.5,0.0,0.6,50.03,27.9,241.4,False
2025-01-14T00:58:03.581263,0.0,0.8,-2.3,0.8,50.02,50.9,238.0,False
2025-01-14T00:58:03.715522,1.0,0.0,0.8,0.1,50.03,28.6,239.3,False
2025-01-14T00:58:03.838571,2.0,0.0,-0.8,0.1,50.03,27.9,241.1,False
2025-01-14T01:01:03.583905,0.0,0.8,-2.3,0.8,49.97,51.0,237.8,False
2025-01-14T01:01:03.758350,1.0,0.8,0.0,0.3,49.96,28.6,239.2,False
2025-01-14T01:01:03.884263,2.0,1.5,2.3,1.1,49.96,29.3,241.0,False
2025-01-14T01:04:03.584987,0.0,0.0,-1.5,0.7,50.01,51.3,237.8,False
2025-01-14T01:04:03.705939,1.0,1.5,-0.8,0.7,50.0,27.9,239.2,False
2025-01-14T01:04:03.835507,2.0,0.8,-0.8,0.4,49.99,29.0,241.0,False
2025-01-14T01:07:03.661865,1.0,0.8,1.5,0.7,50.0,29.0,239.2,False
2025-01-14T01:07:03.784775,2.0,1.5,-1.5,0.8,50.0,28.1,241.1,False
2025-01-14T01:10:03.587464,0.0,0.8,1.5,0.8,50.03,51.0,238.0,False
2025-01-14T01:10:03.731177,1.0,0.8,-1.5,0.6,50.03,28.5,239.3,False
2025-01-14T01:10:03.870503,2.0,1.5,-0.8,0.7,50.02,27.9,241.1,False
2025-01-14T01:13:03.592202,0.0,2.3,-0.8,0.9,50.04,50.9,237.9,False
2025-01-14T01:13:03.705686,1.0,0.0,-0.0,0.1,50.03,27.9,239.2,False
2025-01-14T01:13:03.827335,2.0,0.8,0.8,0.3,50.03,28.5,241.0,False
2025-01-14T01:16:03.589336,0.0,3.0,-1.5,1.1,50.01,51.4,238.2,False
2025-01-14T01:16:03.729792,1.0,0.8,0.0,0.5,50.0,28.0,239.5,False
2025-01-14T01:16:03.857768,2.0,0.8,-2.3,0.7,50.02,27.9,241.3,False
2025-01-14T01:19:03.599487,0.0,2.3,0.8,1.0,50.02,51.3,238.1,False
2025-01-14T01:19:03.765645,1.0,0.0,0.8,0.2,50.02,28.6,239.5,False
2025-01-14T01:19:03.902793,2.0,2.3,-0.8,1.0,50.02,27.1,241.3,False
2025-01-14T01:22:03.591251,0.0,3.0,-1.5,1.4,50.01,50.3,238.0,False
2025-01-14T01:22:03.734243,1.0,0.8,-1.5,0.6,50.03,28.7,239.3,False
2025-01-14T01:22:03.856132,2.0,1.5,-0.8,0.8,50.01,28.0,241.1,False
2025-01-14T01:25:03.610337,0.0,3.8,1.5,1.6,49.99,51.4,237.9,False
2025-01-14T01:25:03.815056,1.0,0.8,-3.0,1.3,50.0,28.5,239.3,False
2025-01-14T01:25:03.960868,2.0,1.5,2.3,1.1,50.0,29.4,241.1,False
2025-01-14T01:28:03.594173,0.0,1.5,-2.3,1.1,50.01,50.7,237.9,False
2025-01-14T01:28:03.727772,1.0,0.8,-3.0,1.3,50.01,29.1,239.2,False
2025-01-14T01:28:03.843852,2.0,2.3,-0.0,0.9,50.02,27.6,240.9,False
2025-01-14T01:31:03.596046,0.0,1.5,2.3,1.0,49.98,51.7,237.8,False
2025-01-14T01:31:03.732356,1.0,0.8,-2.3,1.1,49.99,28.6,239.1,False
2025-01-14T01:31:03.864750,2.0,1.5,0.8,0.7,49.97,29.0,240.9,False
2025-01-14T01:34:03.598340,0.0,6.8,0.8,3.0,49.99,52.3,237.6,False
2025-01-14T01:34:03.764408,1.0,0.8,-0.8,0.4,49.98,28.1,239.0,False
2025-01-14T01:34:03.898144,2.0,1.5,0.0,0.7,49.99,28.7,240.8,False
2025-01-14T01:37:03.672219,1.0,0.8,-0.8,0.7,50.04,28.0,239.3,False
2025-01-14T01:37:03.800302,2.0,3.0,0.8,1.3,50.02,28.1,241.0,False
2025-01-14T01:40:03.612425,0.0,0.8,0.0,0.5,50.04,50.6,237.7,False
2025-01-14T01:40:03.788382,1.0,0.0,-1.5,0.4,50.04,28.0,239.0,False
2025-01-14T01:40:03.988023,2.0,0.8,-0.0,0.3,50.04,27.6,240.8,False
2025-01-14T01:43:03.603808,0.0,2.3,-2.3,1.2,50.01,51.1,237.6,False
2025-01-14T01:43:03.765274,1.0,0.8,-0.8,0.5,50.02,29.1,239.0,False
2025-01-14T01:43:03.882066,2.0,2.3,0.8,1.0,50.01,28.4,240.8,False
2025-01-14T01:46:03.610628,0.0,1.5,1.5,0.9,50.01,52.0,237.5,False
2025-01-14T01:46:03.763084,1.0,0.8,-0.0,0.3,50.01,28.1,238.8,False
2025-01-14T01:46:03.911364,2.0,0.8,-0.8,0.4,50.02,28.3,240.5,False
2025-01-14T01:49:03.602192,0.0,9.1,-3.0,4.1,50.01,52.9,237.4,False
2025-01-14T01:49:03.715891,1.0,0.8,0.0,0.3,50.0,28.5,238.8,False
2025-01-14T01:49:03.840994,2.0,0.8,-0.8,0.4,50.01,27.9,240.6,False
2025-01-14T01:51:51.601576,0.0,11.3,-0.0,4.9,50.02,50.7,237.6,False
2025-01-14T01:51:51.703793,1.0,0.8,-1.5,0.6,50.01,29.0,238.9,False
2025-01-14T01:51:51.828047,2.0,0.8,1.5,0.8,50.01,29.4,240.7,False
2025-01-14T01:54:51.617775,0.0,32.5,-61.3,29.3,50.05,51.2,237.7,False
2025-01-14T01:54:51.766187,1.0,9.8,-51.4,22.0,50.04,27.0,239.0,False
2025-01-14T01:54:51.881769,2.0,77.0,40.9,36.2,50.04,27.8,240.7,False
2025-01-14T01:57:51.613707,0.0,34.0,-60.5,29.4,50.01,51.2,237.5,False
2025-01-14T01:57:51.718297,1.0,95.0,-38.8,43.1,50.01,29.0,238.8,False
2025-01-14T01:57:51.810747,1.0,95.0,-38.8,43.1,50.01,29.0,238.8,False
2025-01-14T01:57:51.914339,2.0,77.0,40.9,36.2,50.01,27.7,240.6,False
2025-01-14T02:00:51.606623,0.0,1.5,-0.8,0.4,49.99,51.2,237.1,False
2025-01-14T02:00:51.770942,1.0,0.8,-1.5,0.5,49.98,29.5,238.4,False
2025-01-14T02:00:51.896670,2.0,0.0,-3.0,0.9,49.99,28.3,240.2,False
2025-01-14T02:03:51.605885,0.0,2.3,-3.0,1.5,50.0,50.8,236.7,False
2025-01-14T02:03:51.747205,1.0,2.3,-0.0,1.0,49.99,28.7,238.1,False
2025-01-14T02:03:51.877083,2.0,0.8,-0.8,0.7,49.99,28.7,239.9,False
2025-01-14T02:06:51.608298,0.0,0.8,0.8,0.6,50.02,50.4,236.5,False
2025-01-14T02:06:51.784567,1.0,0.0,-2.3,0.8,50.02,29.3,238.0,False
2025-01-14T02:06:51.917838,2.0,0.8,-0.0,0.3,50.02,27.7,239.7,False
2025-01-14T02:09:51.607886,0.0,0.8,-2.3,1.4,50.02,50.8,236.8,False
2025-01-14T02:09:51.720029,1.0,0.8,-4.5,1.7,50.01,28.2,238.3,False
2025-01-14T02:09:51.819543,2.0,3.0,-0.8,1.2,50.02,28.9,240.0,False
2025-01-14T02:12:51.610342,0.0,0.8,-0.8,0.4,50.03,50.9,237.0,False
2025-01-14T02:12:51.762523,1.0,0.0,-0.8,0.3,50.04,28.6,238.4,False
2025-01-14T02:12:51.880529,2.0,0.8,0.0,0.3,50.04,29.2,240.1,False
2025-01-14T02:15:51.611293,0.0,0.0,0.8,0.3,50.02,51.1,236.9,False
2025-01-14T02:15:51.756574,1.0,0.0,-0.0,0.0,50.02,28.1,238.3,False
2025-01-14T02:15:51.902550,2.0,0.8,-0.8,0.5,50.02,29.1,240.0,False
2025-01-14T02:18:51.612667,0.0,9.8,-2.3,4.1,50.04,52.6,237.1,False
2025-01-14T02:18:51.777610,1.0,0.0,-1.5,0.7,50.05,28.6,238.5,False
2025-01-14T02:18:51.906382,2.0,3.0,-0.0,1.3,50.05,28.5,240.2,False
2025-01-14T02:21:51.613279,0.0,7.6,-0.8,3.3,50.01,50.5,237.1,False
2025-01-14T02:21:51.766169,1.0,0.0,0.0,0.1,50.02,28.7,238.5,False
2025-01-14T02:21:51.900479,2.0,0.8,-0.8,0.4,50.02,28.4,240.2,False
2025-01-14T02:24:51.615264,0.0,2.3,-2.3,1.1,49.98,51.1,236.9,False
2025-01-14T02:24:51.708206,1.0,0.8,-0.8,0.6,49.99,28.2,238.3,False
2025-01-14T02:24:51.803276,2.0,1.5,-1.5,0.8,49.99,28.8,240.0,False
2025-01-14T02:27:51.627053,0.0,35.5,-56.7,28.6,50.01,50.7,237.1,False
2025-01-14T02:27:51.739804,1.0,6.1,-49.9,21.3,50.01,28.9,238.5,False
2025-01-14T02:27:51.850376,2.0,77.0,40.9,36.2,50.01,29.8,240.3,False
2025-01-14T02:30:51.633266,0.0,35.5,-60.5,29.5,49.99,51.2,237.2,False
2025-01-14T02:30:51.782152,1.0,95.0,-38.8,43.1,49.99,29.2,238.7,False
2025-01-14T02:30:51.909362,1.0,95.0,-38.8,43.1,49.99,29.2,238.7,False
2025-01-14T02:30:52.035288,2.0,77.0,40.9,36.2,49.99,28.6,240.4,False
2025-01-14T02:33:51.620639,0.0,1.5,-1.5,0.3,50.02,50.9,236.7,False
2025-01-14T02:33:51.741093,1.0,4.5,-2.3,2.6,50.02,30.2,237.9,False
2025-01-14T02:33:51.860883,2.0,3.8,-5.3,2.5,50.01,31.2,240.2,False
2025-01-14T02:36:51.619314,0.0,1.5,-3.0,0.6,50.01,51.2,237.4,False
2025-01-14T02:36:51.710669,1.0,2.3,-0.0,1.3,50.01,28.9,238.8,False
2025-01-14T02:36:51.816738,2.0,1.5,-3.8,1.4,50.01,29.9,240.6,False
2025-01-14T02:39:39.621139,0.0,0.0,0.0,0.1,50.01,51.4,237.3,False
2025-01-14T02:39:39.738345,1.0,0.8,-1.5,0.6,50.01,28.5,238.7,False
2025-01-14T02:39:39.834093,2.0,1.5,1.5,0.9,50.01,28.5,240.5,False
2025-01-14T02:42:39.621926,0.0,0.0,2.3,1.1,50.01,52.6,237.4,False
2025-01-14T02:42:39.750570,1.0,0.8,-2.3,0.9,50.01,27.9,238.8,False
2025-01-14T02:42:39.862562,2.0,0.8,-0.8,0.4,50.01,29.4,240.6,False
2025-01-14T02:45:39.623624,0.0,1.5,2.3,1.2,49.99,51.2,237.4,False
2025-01-14T02:45:39.752839,1.0,0.0,-3.0,1.3,49.99,29.1,238.8,False
2025-01-14T02:45:39.875561,2.0,1.5,0.8,0.7,49.99,27.5,240.6,False
2025-01-14T02:48:39.625205,0.0,1.5,-1.5,0.9,50.01,51.7,237.3,False
2025-01-14T02:48:39.781855,1.0,0.0,-1.5,0.7,50.01,28.5,238.7,False
2025-01-14T02:48:39.885437,2.0,1.5,0.0,0.6,50.0,27.8,240.5,False
2025-01-14T02:51:39.624894,0.0,0.0,-1.5,0.5,50.03,52.4,237.5,False
2025-01-14T02:51:39.761989,1.0,0.8,0.0,0.3,50.03,29.0,238.9,False
2025-01-14T02:51:39.893155,2.0,0.8,1.5,0.9,50.03,29.5,240.7,False
2025-01-14T02:54:39.625647,0.0,9.8,-4.5,4.6,50.03,53.4,237.5,False
2025-01-14T02:54:39.756662,1.0,2.3,0.0,0.9,50.02,29.8,239.0,False
2025-01-14T02:54:39.890649,2.0,2.3,-0.8,1.0,50.03,28.8,240.7,False
2025-01-14T02:57:39.628556,0.0,7.6,-2.3,3.6,50.01,51.5,237.7,False
2025-01-14T02:57:39.737961,1.0,2.3,-1.5,1.3,50.02,29.0,239.1,False
2025-01-14T02:57:39.816595,2.0,0.0,-3.0,1.1,50.02,27.7,240.9,False
2025-01-14T03:00:39.627893,0.0,1.5,-0.8,0.6,50.02,51.8,237.6,False
2025-01-14T03:00:39.765616,1.0,0.8,-1.5,0.8,50.01,28.0,239.0,False
2025-01-14T03:00:39.900513,2.0,0.8,0.0,0.4,50.01,27.6,240.7,False
2025-01-14T03:03:39.628592,0.0,2.3,3.8,1.7,50.01,52.5,237.3,False
2025-01-14T03:03:39.758095,1.0,1.5,-2.3,0.9,50.01,27.6,238.6,False
2025-01-14T03:03:39.895938,2.0,0.8,-0.8,0.4,50.01,27.5,240.4,False
2025-01-14T03:06:39.629668,0.0,1.5,-1.5,0.9,50.0,52.6,237.2,False
2025-01-14T03:06:39.769718,1.0,2.3,-0.8,1.0,50.01,28.5,238.6,False
2025-01-14T03:06:39.910013,2.0,0.8,-1.5,0.7,50.0,28.2,240.4,False
2025-01-14T03:09:39.649302,0.0,10.6,-35.5,15.8,50.02,54.0,237.4,False
2025-01-14T03:09:39.815787,1.0,5.3,-30.3,13.0,50.02,28.6,238.8,False
2025-01-14T03:09:39.934703,2.0,6.1,-28.0,12.1,50.03,28.3,240.6,False
2025-01-14T03:12:39.644385,0.0,26.5,-25.0,15.6,49.99,52.3,237.7,False
2025-01-14T03:12:39.778705,1.0,2.3,-15.9,6.9,50.0,28.1,239.0,False
2025-01-14T03:12:39.928327,2.0,0.8,-20.4,8.7,50.0,29.4,240.9,False
2025-01-14T03:15:39.647391,0.0,36.3,-61.3,29.9,50.03,52.2,237.7,False
2025-01-14T03:15:39.798114,1.0,95.0,-38.8,43.1,50.04,28.5,239.1,False
2025-01-14T03:15:39.906980,1.0,95.0,-38.8,43.1,50.04,28.5,239.1,False
2025-01-14T03:15:39.997225,2.0,246.2,684.8,302.2,50.03,27.8,240.8,False
2025-01-14T03:15:40.092679,2.0,246.2,684.8,302.2,50.03,27.8,240.8,False
2025-01-14T03:15:40.206736,2.0,77.0,40.9,36.2,50.03,27.8,240.8,False
2025-01-14T03:18:39.632989,0.0,1.5,3.0,0.8,50.03,53.7,237.2,False
2025-01-14T03:18:39.750734,1.0,1.5,-1.5,1.2,50.01,28.3,238.7,False
2025-01-14T03:18:39.865711,2.0,0.8,-4.5,1.6,50.02,29.4,240.5,False
2025-01-14T03:21:39.637998,0.0,2.3,-2.3,1.2,50.0,52.8,237.3,False
2025-01-14T03:21:39.808707,1.0,0.0,-2.3,1.0,50.01,28.9,238.7,False
2025-01-14T03:21:39.929157,2.0,1.5,-0.8,0.7,50.01,29.1,240.5,False
2025-01-14T03:24:39.638081,0.0,6.1,0.8,2.5,50.01,54.0,237.5,False
2025-01-14T03:24:39.786544,1.0,2.3,0.8,1.0,50.02,27.5,238.7,False
2025-01-14T03:24:39.902009,2.0,0.8,-2.3,1.0,50.01,29.0,240.5,False
2025-01-14T03:27:39.636725,0.0,7.6,0.8,3.3,50.02,53.5,237.6,False
2025-01-14T03:27:39.737532,1.0,1.5,-0.8,0.6,50.02,27.9,238.9,False
2025-01-14T03:27:39.832285,2.0,0.8,-0.8,0.6,50.02,28.6,240.7,False
2025-01-14T03:30:39.639324,0.0,2.3,0.0,1.0,50.01,54.1,237.6,False
2025-01-14T03:30:39.781299,1.0,1.5,-1.5,0.9,50.01,28.6,238.9,False
2025-01-14T03:30:39.913294,2.0,0.0,-1.5,0.6,50.01,28.0,240.7,False
2025-01-14T03:33:27.639883,0.0,0.8,0.0,0.6,49.97,54.6,237.0,False
2025-01-14T03:33:27.771148,1.0,3.8,0.8,1.6,50.0,29.8,238.4,False
2025-01-14T03:33:27.903979,2.0,0.0,-3.8,1.1,50.0,29.7,240.1,False
2025-01-14T03:36:27.641948,0.0,1.5,-3.8,2.0,50.01,55.8,237.2,False
2025-01-14T03:36:27.807840,1.0,4.5,0.8,1.9,50.01,27.6,238.5,False
2025-01-14T03:36:27.940755,2.0,0.8,0.8,0.4,50.0,28.5,240.3,False
2025-01-14T03:39:27.644532,0.0,0.8,-0.8,0.5,50.0,55.4,237.3,False
2025-01-14T03:39:27.814368,1.0,0.0,-1.5,0.5,50.01,27.6,238.7,False
2025-01-14T03:39:27.939899,2.0,0.8,-1.5,0.6,50.01,28.3,240.4,False
2025-01-14T03:42:27.642968,0.0,0.8,1.5,0.6,49.98,54.9,237.4,False
2025-01-14T03:42:27.769089,1.0,0.8,0.0,0.3,49.98,27.5,238.7,False
2025-01-14T03:42:27.886173,2.0,0.0,0.0,0.2,49.97,28.3,240.6,False
2025-01-14T03:45:27.643948,0.0,0.8,1.5,0.7,50.01,55.2,237.3,False
2025-01-14T03:45:27.764236,1.0,0.0,-0.8,0.3,50.01,27.5,238.7,False
2025-01-14T03:45:27.878400,2.0,1.5,0.8,0.7,50.01,29.2,240.5,False
2025-01-14T03:48:27.646923,0.0,7.6,-3.8,3.5,50.0,55.5,237.4,False
2025-01-14T03:48:27.784081,1.0,0.0,-0.8,0.5,49.99,27.5,238.8,False
2025-01-14T03:48:27.922853,2.0,2.3,1.5,1.1,49.99,27.9,240.7,False
2025-01-14T03:51:27.647021,0.0,5.3,-3.0,2.6,50.0,55.7,237.5,False
2025-01-14T03:51:27.772534,1.0,1.5,-3.0,1.4,50.0,27.2,238.8,False
2025-01-14T03:51:27.898553,2.0,0.8,-2.3,1.0,50.01,28.0,240.7,False
2025-01-14T03:54:27.648709,0.0,0.8,0.8,0.4,49.99,55.0,237.6,False
2025-01-14T03:54:27.780841,1.0,0.8,-2.3,1.0,49.98,27.6,238.9,False
2025-01-14T03:54:27.898274,2.0,0.8,-0.8,0.5,49.99,27.9,240.7,False
2025-01-14T03:57:27.650966,0.0,2.3,0.0,1.0,50.0,56.1,237.5,False
2025-01-14T03:57:27.796846,1.0,0.8,-0.8,0.5,50.01,26.9,238.8,False
2025-01-14T03:57:27.902551,2.0,1.5,0.0,0.6,50.01,28.2,240.6,False
2025-01-14T04:00:27.652646,0.0,1.5,2.3,1.0,50.04,54.3,237.9,False
2025-01-14T04:00:27.789968,1.0,3.0,0.0,1.3,50.03,27.2,239.2,False
2025-01-14T04:00:27.928750,2.0,0.8,-3.8,1.3,50.05,27.7,241.0,False
2025-01-14T04:03:27.653225,0.0,8.3,-2.3,3.9,50.04,58.0,237.6,False
2025-01-14T04:03:27.813497,1.0,3.0,0.0,1.3,50.03,26.9,238.9,False
2025-01-14T04:03:27.959011,2.0,0.8,-4.5,1.6,50.04,27.8,240.7,False
2025-01-14T04:06:27.659718,0.0,9.8,-4.5,4.1,50.02,55.6,237.0,False
2025-01-14T04:06:27.803037,1.0,0.8,1.5,0.5,50.02,28.0,238.5,False
2025-01-14T04:06:27.944166,2.0,0.0,-1.5,0.2,50.02,27.4,240.2,False
2025-01-14T04:09:27.656966,0.0,3.8,-2.3,1.9,49.99,56.2,237.1,False
2025-01-14T04:09:27.810648,1.0,0.8,-2.3,0.9,50.01,27.5,238.6,False
2025-01-14T04:09:27.938603,2.0,1.5,1.5,1.0,50.0,28.8,240.3,False
2025-01-14T04:12:15.656704,0.0,5.3,0.8,2.2,50.0,53.9,237.2,False
2025-01-14T04:12:15.787457,1.0,0.8,-2.3,1.0,50.01,27.6,238.6,False
2025-01-14T04:12:15.916948,2.0,0.0,-3.0,1.2,50.0,28.2,240.4,False
2025-01-14T04:15:15.659351,0.0,0.8,0.0,0.4,50.0,56.1,237.2,False
2025-01-14T04:15:15.795393,1.0,0.8,0.8,0.4,50.01,28.3,238.5,False
2025-01-14T04:15:15.926452,2.0,0.8,0.0,0.3,50.0,28.3,240.3,False
2025-01-14T04:18:15.660906,0.0,3.0,-0.0,1.1,50.02,56.4,236.9,False
2025-01-14T04:18:15.841653,1.0,2.3,-0.8,1.1,50.03,28.0,238.4,False
2025-01-14T04:18:15.978702,2.0,0.8,-3.8,1.4,50.03,29.0,240.1,False
2025-01-14T04:21:15.661333,0.0,3.8,1.5,1.8,50.01,54.2,236.8,False
2025-01-14T04:21:15.777569,1.0,3.0,-3.0,1.7,50.01,26.7,238.2,False
2025-01-14T04:21:15.916622,2.0,0.8,-3.8,1.7,50.01,27.3,239.9,False
2025-01-14T04:24:15.663988,0.0,0.0,2.3,1.1,49.98,53.3,236.7,False
2025-01-14T04:24:15.831538,1.0,2.3,0.8,1.0,49.99,27.6,238.1,False
2025-01-14T04:24:15.961356,2.0,2.3,-2.3,1.2,49.99,25.9,239.8,False
2025-01-14T04:27:15.663697,0.0,2.3,1.5,1.6,49.98,55.5,237.1,False
2025-01-14T04:27:15.799050,1.0,0.0,-3.0,1.0,49.99,27.0,238.4,False
2025-01-14T04:27:15.932062,2.0,2.3,0.0,0.9,49.99,27.8,240.1,False
2025-01-14T04:30:15.665422,0.0,0.0,-0.0,0.2,50.01,54.8,237.0,False
2025-01-14T04:30:15.807121,1.0,0.0,0.8,0.3,50.01,28.7,238.4,False
2025-01-14T04:30:15.943788,2.0,0.0,0.8,0.4,50.01,28.4,240.2,False
2025-01-14T04:33:15.666364,0.0,2.3,0.8,1.0,50.01,55.4,236.9,False
2025-01-14T04:33:15.770679,1.0,0.0,-0.8,0.4,50.0,28.7,238.4,False
2025-01-14T04:33:15.869975,2.0,0.0,0.8,0.4,50.02,28.9,240.2,False
2025-01-14T04:36:15.667084,0.0,1.5,2.3,1.0,49.98,56.0,236.5,False
2025-01-14T04:36:15.803432,1.0,0.8,-2.3,0.6,49.99,28.8,237.9,False
2025-01-14T04:36:15.932882,2.0,0.8,0.0,0.6,49.99,28.8,239.7,False
2025-01-14T04:39:15.708958,1.0,0.8,-2.3,0.7,49.96,27.8,237.5,False
2025-01-14T04:39:15.836182,2.0,1.5,-0.0,0.7,49.98,28.0,239.2,False
2025-01-14T04:42:15.669332,0.0,8.3,3.8,4.0,49.97,57.0,235.6,False
2025-01-14T04:42:15.802017,1.0,1.5,0.8,0.8,49.99,26.8,237.2,False
2025-01-14T04:42:15.921174,2.0,3.0,0.0,1.3,49.99,27.5,239.0,False
2025-01-14T04:45:15.678006,0.0,9.1,2.3,4.1,50.02,55.5,236.0,False
2025-01-14T04:45:16.347022,1.0,1.5,-1.5,0.7,50.01,26.1,237.6,False
2025-01-14T04:45:17.020504,2.0,1.5,-0.0,0.7,50.01,27.2,239.3,False
2025-01-14T04:48:15.671558,0.0,0.8,-4.5,1.7,50.0,54.0,236.2,False
2025-01-14T04:48:15.823352,1.0,0.0,-3.0,1.5,50.0,26.7,237.8,False
2025-01-14T04:48:15.968585,2.0,3.0,-2.3,1.5,50.0,25.9,239.5,False
2025-01-14T04:51:03.675552,0.0,0.0,3.8,1.4,50.0,55.6,236.0,False
2025-01-14T04:51:03.846764,1.0,0.0,-1.5,0.7,50.0,27.3,237.7,False
2025-01-14T04:51:03.987578,2.0,1.5,2.3,1.0,50.01,27.4,239.3,False
2025-01-14T04:54:03.674130,0.0,1.5,-1.5,0.5,50.0,56.0,235.7,False
2025-01-14T04:54:03.815122,1.0,1.5,-1.5,0.7,49.99,27.1,237.3,False
2025-01-14T04:54:03.938801,2.0,0.8,-3.0,1.0,49.98,27.0,239.0,False
2025-01-14T04:57:03.687052,0.0,9.1,-6.1,4.2,50.02,57.8,236.1,False
2025-01-14T04:57:03.826801,1.0,1.5,-0.8,0.6,50.02,26.9,237.7,False
2025-01-14T04:57:03.954521,2.0,2.3,0.8,1.0,50.02,25.6,239.3,False
2025-01-14T05:00:03.702362,0.0,8.3,-0.8,3.5,50.07,55.1,236.1,False
2025-01-14T05:00:03.985322,1.0,0.8,0.0,0.3,50.07,28.3,237.8,False
2025-01-14T05:00:04.306756,2.0,0.8,0.0,0.3,50.08,26.4,239.4,False
2025-01-14T05:03:03.678396,0.0,0.8,-0.8,0.6,50.05,56.6,236.4,False
2025-01-14T05:03:03.811497,1.0,0.0,0.8,0.1,50.04,26.7,238.1,False
2025-01-14T05:03:03.948741,2.0,0.8,-1.5,0.5,50.05,25.5,239.7,False
2025-01-14T05:06:20.770790,0.0,354.7,-596.0,294.2,50.0,56.3,235.8,False
2025-01-14T05:06:20.900985,1.0,71.8,-491.6,209.3,50.0,26.5,237.5,False
2025-01-14T05:06:21.025980,2.0,100.6,-498.4,212.7,50.0,24.1,239.2,False
2025-01-14T05:09:20.810361,1.0,0.0,-5.3,1.6,49.98,26.4,238.3,False
2025-01-14T05:09:20.910952,2.0,2.3,-1.5,0.8,49.97,25.5,240.0,False
2025-01-14T05:12:20.772057,0.0,5.3,3.0,2.6,49.99,56.0,236.5,False
2025-01-14T05:12:20.888906,1.0,2.3,-3.0,1.6,49.95,29.4,238.3,False
2025-01-14T05:12:21.026365,2.0,3.0,4.5,2.2,49.99,29.1,239.9,False
2025-01-14T05:15:08.772671,0.0,6.8,-2.3,3.2,50.02,56.3,236.7,False
2025-01-14T05:15:08.922928,1.0,3.0,-2.3,1.7,50.01,28.7,238.4,False
2025-01-14T05:15:09.070326,2.0,1.5,-3.8,1.6,50.03,27.6,240.1,False
2025-01-14T05:18:08.772200,0.0,0.0,-2.3,0.6,50.0,55.9,236.3,False
2025-01-14T05:18:08.916728,1.0,0.0,-0.8,0.5,49.99,28.2,238.1,False
2025-01-14T05:18:09.045943,2.0,1.5,-1.5,0.8,50.0,28.0,239.8,False
2025-01-14T05:21:08.773458,0.0,1.5,-5.3,2.0,50.0,54.3,236.6,False
2025-01-14T05:21:08.934716,1.0,1.5,-3.8,1.9,50.0,29.7,238.4,False
2025-01-14T05:21:09.061319,2.0,3.8,-0.0,1.6,50.0,26.9,240.0,False
2025-01-14T05:24:08.773331,0.0,1.5,-0.8,0.9,50.03,54.5,236.7,False
2025-01-14T05:24:08.896314,1.0,0.8,-5.3,2.2,50.03,29.0,238.5,False
2025-01-14T05:24:09.034957,2.0,2.3,0.8,1.0,50.02,28.7,240.1,False
2025-01-14T05:27:08.773080,0.0,3.0,-1.5,1.4,50.0,56.3,236.8,False
2025-01-14T05:27:08.920182,1.0,0.0,-1.5,0.7,50.01,28.5,238.5,False
2025-01-14T05:27:09.049387,2.0,1.5,2.3,1.1,50.02,26.8,240.1,False
2025-01-14T05:30:08.774137,0.0,2.3,-3.8,1.4,49.99,55.1,236.4,False
2025-01-14T05:30:08.895315,1.0,0.0,0.0,0.3,49.98,30.1,238.2,False
2025-01-14T05:30:09.017703,2.0,1.5,3.0,1.2,49.99,28.8,239.8,False
2025-01-14T05:33:08.773850,0.0,0.8,-1.5,0.3,50.01,54.5,236.8,False
2025-01-14T05:33:08.897496,1.0,0.8,-1.5,0.9,50.02,28.6,238.4,False
2025-01-14T05:33:09.012581,2.0,1.5,-2.3,1.0,50.01,27.3,240.0,False
2025-01-14T05:36:08.774629,0.0,2.3,-2.3,0.7,49.99,54.7,236.2,False
2025-01-14T05:36:08.901281,1.0,0.8,-0.0,0.5,49.99,28.1,237.9,False
2025-01-14T05:36:09.028248,2.0,2.3,-3.0,1.3,49.99,27.6,239.5,False
2025-01-14T05:39:08.848582,1.0,0.0,-0.8,0.1,49.95,28.1,237.5,False
2025-01-14T05:39:08.960850,2.0,1.5,-2.3,0.9,49.96,27.9,239.2,False
2025-01-14T05:42:08.777375,0.0,3.0,1.5,1.4,49.97,56.0,236.0,False
2025-01-14T05:42:08.902842,1.0,0.8,-0.8,0.4,49.97,28.7,237.7,False
2025-01-14T05:42:09.019715,2.0,0.8,-0.8,0.4,49.96,29.1,239.4,False
2025-01-14T05:45:08.794975,0.0,52.2,-80.2,40.9,49.99,54.9,236.3,False
2025-01-14T05:45:08.933747,1.0,9.1,-67.3,28.9,50.0,27.1,238.1,False
2025-01-14T05:45:09.080544,2.0,13.6,-68.1,29.2,49.99,27.6,239.7,False
2025-01-14T05:48:08.791748,0.0,47.6,-83.9,41.1,50.01,55.2,236.1,False
2025-01-14T05:48:08.901464,1.0,95.0,-38.8,43.1,50.01,28.9,237.9,False
2025-01-14T05:48:09.019620,1.0,95.0,-38.8,43.1,50.01,28.9,237.9,False
2025-01-14T05:48:09.149900,2.0,77.0,40.9,36.2,50.01,28.1,239.5,False
2025-01-14T05:51:08.779131,0.0,7.6,1.5,3.8,49.98,56.8,235.2,False
2025-01-14T05:51:08.897295,1.0,2.3,-3.8,1.2,49.98,27.5,237.1,False
2025-01-14T05:51:09.017367,2.0,0.0,-0.0,0.7,49.99,26.9,238.7,False
2025-01-14T05:54:08.805673,0.0,40.8,-58.2,30.3,49.98,55.5,235.3,False
2025-01-14T05:54:09.040358,1.0,5.3,-49.9,21.3,49.98,28.7,237.2,False
2025-01-14T05:54:09.222047,2.0,77.0,40.9,36.2,49.99,27.9,238.7,False
2025-01-14T05:57:08.781734,0.0,0.8,-2.3,0.4,50.03,54.9,235.9,False
2025-01-14T05:57:08.897120,1.0,0.8,-0.8,0.4,50.04,28.1,237.8,False
2025-01-14T05:57:09.001217,2.0,0.8,-3.0,0.9,50.02,26.1,239.3,False
2025-01-14T05:59:56.799063,0.0,34.8,-57.5,28.6,50.04,54.7,235.9,False
2025-01-14T05:59:56.905907,1.0,95.0,-38.8,43.1,50.04,28.5,237.7,False
2025-01-14T05:59:57.035326,1.0,95.0,-38.8,43.1,50.04,28.5,237.7,False
2025-01-14T05:59:57.155823,2.0,77.0,40.9,36.2,50.05,28.0,239.3,False
2025-01-14T06:02:56.781599,0.0,3.0,-6.8,2.4,50.02,56.9,235.1,False
2025-01-14T06:02:56.892900,1.0,0.0,-0.8,0.9,50.02,28.0,237.0,False
2025-01-14T06:02:56.999292,2.0,3.0,-4.5,2.0,50.01,28.3,238.7,False
2025-01-14T06:05:56.783683,0.0,0.0,1.5,0.9,50.02,56.0,234.9,False
2025-01-14T06:05:56.945113,1.0,2.3,-0.8,1.0,50.01,27.8,236.9,False
2025-01-14T06:05:57.074834,2.0,2.3,-1.5,1.0,50.0,27.0,238.4,False
2025-01-14T06:08:56.861066,1.0,1.5,-0.8,0.6,49.96,27.9,236.6,False
2025-01-14T06:08:56.983813,2.0,2.3,1.5,1.1,49.96,28.2,238.3,False
2025-01-14T06:11:56.783530,0.0,9.1,-2.3,4.2,49.99,57.3,234.4,False
2025-01-14T06:11:56.932041,1.0,1.5,0.0,0.6,49.99,28.9,236.5,False
2025-01-14T06:11:57.063833,2.0,1.5,-0.8,0.6,49.99,28.0,238.0,False
2025-01-14T06:14:56.787185,0.0,9.8,-0.0,4.4,50.0,55.7,234.6,False
2025-01-14T06:14:56.916212,1.0,0.8,-0.8,0.5,50.01,28.9,236.7,False
2025-01-14T06:14:57.035693,2.0,2.3,-0.8,1.0,50.0,27.8,238.0,False
2025-01-14T06:17:56.783424,0.0,0.8,2.3,0.7,50.03,56.9,234.4,False
2025-01-14T06:17:56.913608,1.0,2.3,-0.0,0.9,50.03,28.0,236.5,False
2025-01-14T06:17:57.044661,2.0,1.5,0.0,0.7,50.02,27.6,237.9,False
2025-01-14T06:20:56.783760,0.0,2.3,-3.0,1.5,50.01,56.1,234.0,False
2025-01-14T06:20:56.900538,1.0,1.5,-2.3,0.8,50.02,28.2,236.0,False
2025-01-14T06:20:57.014707,2.0,0.8,0.8,0.4,50.0,28.6,237.5,False
2025-01-14T06:23:56.785653,0.0,1.5,-2.3,1.1,49.98,57.0,234.3,False
2025-01-14T06:23:56.942681,1.0,2.3,-1.5,1.0,49.98,28.5,236.2,False
2025-01-14T06:23:57.068897,2.0,0.8,0.8,0.4,50.0,27.6,237.8,False
2025-01-14T06:26:56.785538,0.0,6.1,2.3,2.8,49.99,58.0,234.1,False
2025-01-14T06:26:56.910973,1.0,1.5,-0.0,0.6,49.99,27.5,236.0,False
2025-01-14T06:26:57.028960,2.0,2.3,-0.8,1.1,49.99,27.8,237.6,False
2025-01-14T06:29:56.786205,0.0,5.3,-1.5,2.1,50.0,56.9,233.8,False
2025-01-14T06:29:56.932719,1.0,1.5,0.0,0.7,50.0,29.1,235.8,False
2025-01-14T06:29:57.053586,2.0,0.0,-3.8,1.4,49.99,28.9,237.4,False
2025-01-14T06:32:56.785645,0.0,1.5,-3.0,1.4,50.0,56.3,234.0,False
2025-01-14T06:32:56.908832,1.0,2.3,-1.5,1.3,49.99,29.4,236.0,False
2025-01-14T06:32:57.026836,2.0,3.0,-0.0,1.3,50.0,28.3,237.5,False
2025-01-14T06:35:56.790681,0.0,0.8,-5.3,2.1,49.98,56.1,233.7,False
2025-01-14T06:35:56.891042,1.0,3.0,-0.0,1.3,49.98,28.6,235.7,False
2025-01-14T06:35:57.010657,2.0,2.3,-0.8,1.2,49.99,27.9,237.2,False
2025-01-14T06:38:56.865823,1.0,0.8,-1.5,0.9,49.98,28.6,235.9,False
2025-01-14T06:38:56.955214,2.0,2.3,-1.5,1.1,49.98,27.1,237.4,False
2025-01-14T06:41:56.787823,0.0,8.3,-14.4,2.8,49.99,56.7,237.3,False
2025-01-14T06:41:56.888348,1.0,0.0,-15.9,3.8,49.99,27.1,239.2,False
2025-01-14T06:41:56.988759,2.0,3.8,-12.9,2.6,49.99,27.5,240.8,False
2025-01-14T06:44:56.788688,0.0,7.6,1.5,3.3,50.01,55.8,237.3,False
2025-01-14T06:44:56.876143,1.0,2.3,2.3,1.4,50.02,28.6,239.3,False
2025-01-14T06:44:56.969804,2.0,3.8,-0.8,1.6,50.02,27.6,240.8,False
2025-01-14T06:47:56.788906,0.0,3.0,-2.3,1.5,50.0,55.3,237.4,False
2025-01-14T06:47:56.906770,1.0,1.5,-2.3,1.2,50.0,27.7,239.4,False
2025-01-14T06:47:57.007859,2.0,2.3,-2.3,1.3,50.0,26.2,240.8,False
2025-01-14T06:50:56.797670,0.0,4.5,0.8,2.2,49.99,56.5,237.7,False
2025-01-14T06:50:56.908580,1.0,3.0,-3.8,1.8,49.99,28.4,239.7,False
2025-01-14T06:50:57.021450,2.0,1.5,-2.3,1.3,50.0,27.1,241.1,False
2025-01-14T06:53:56.803726,0.0,0.8,-0.8,0.6,50.0,55.9,237.4,False
2025-01-14T06:53:56.933096,1.0,0.0,0.8,0.1,49.99,28.9,239.3,False
2025-01-14T06:53:57.065319,2.0,0.0,0.8,0.1,50.0,27.7,240.8,False
2025-01-14T06:56:44.808844,0.0,12.1,-1.5,4.9,49.97,57.1,237.7,False
2025-01-14T06:56:44.928773,1.0,2.3,-0.8,1.2,49.99,27.6,239.6,False
2025-01-14T06:56:45.043555,2.0,1.5,-2.3,1.0,49.97,26.8,241.0,False
2025-01-14T06:59:44.815223,0.0,11.3,1.5,4.9,50.0,54.0,237.8,False
2025-01-14T06:59:44.931000,1.0,0.8,-1.5,0.5,50.0,28.5,239.8,False
2025-01-14T06:59:45.040006,2.0,1.5,0.0,0.6,50.0,27.1,241.3,False
2025-01-14T07:02:32.832006,0.0,39.3,-21.2,19.7,50.04,53.7,237.0,False
2025-01-14T07:02:33.058853,1.0,38.7,62.5,31.0,50.05,37.6,239.0,False
2025-01-14T07:04:08.832331,0.0,24.2,-27.2,15.4,50.02,52.1,237.0,False
2025-01-14T07:04:08.969051,2.0,1.5,-18.9,7.9,50.02,26.8,240.5,False
2025-01-14T07:05:44.841648,0.0,30.3,-128.6,55.4,50.04,46.8,237.3,False
2025-01-14T07:05:44.967103,1.0,95.0,-38.8,43.1,50.03,37.8,239.2,False
2025-01-14T07:05:45.090690,2.0,246.2,684.8,302.2,50.04,27.7,240.8,False
2025-01-14T07:05:45.207297,2.0,246.2,684.8,302.2,50.04,27.7,240.8,False
2025-01-14T07:05:56.833362,0.0,8.3,-99.1,41.6,50.03,52.2,237.0,False
2025-01-14T07:05:56.969030,1.0,95.0,-38.8,43.1,50.03,38.8,238.9,False
2025-01-14T07:05:57.086609,2.0,77.0,40.9,36.2,50.04,27.1,240.5,False
2025-01-14T07:06:20.834039,0.0,8.3,-98.3,41.6,50.02,47.4,237.0,False
2025-01-14T07:06:20.952856,1.0,95.0,-38.8,43.1,50.03,36.4,238.9,False
2025-01-14T07:06:21.078368,1.0,95.0,-38.8,43.1,50.03,36.4,238.9,False
2025-01-14T07:06:21.208636,2.0,77.0,40.9,36.2,50.03,25.9,240.5,False
2025-01-14T07:06:32.887924,0.0,5.3,-47.6,20.3,50.03,52.8,237.0,False
2025-01-14T07:06:33.009753,1.0,38.7,62.5,31.0,50.03,39.3,238.9,False
2025-01-14T07:06:33.143952,2.0,77.0,40.9,36.2,50.03,26.6,240.4,False
2025-01-14T07:06:33.289490,0.0,34.8,-71.8,33.5,50.03,54.2,236.9,False
2025-01-14T07:06:33.413532,1.0,10.6,-60.5,25.6,50.02,39.8,238.8,False
2025-01-14T07:06:33.544931,2.0,12.9,-59.7,25.4,50.02,27.1,240.3,False
2025-01-14T07:06:33.666711,0.0,156.6,-138.4,88.4,50.03,52.6,236.8,False
2025-01-14T07:06:33.797315,1.0,95.0,-38.8,43.1,50.02,46.9,238.7,False
2025-01-14T07:06:33.914265,2.0,77.0,40.9,36.2,50.03,50.3,240.3,False
2025-01-14T07:06:34.042121,0.0,112.7,31.8,49.5,50.02,47.4,236.8,False
2025-01-14T07:06:34.168535,1.0,95.0,-38.8,43.1,50.03,37.7,238.7,False
2025-01-14T07:06:34.301650,2.0,77.0,40.9,36.2,50.03,27.6,240.2,False
2025-01-14T07:07:20.838737,0.0,40.8,-8.3,17.8,50.02,46.1,236.6,False
2025-01-14T07:07:20.982985,1.0,95.0,-38.8,43.1,50.02,48.9,238.6,False
2025-01-14T07:07:21.118485,2.0,77.0,40.9,36.2,50.01,38.4,240.1,False
2025-01-14T07:07:32.915367,1.0,95.0,-38.8,43.1,50.02,39.5,238.7,False
2025-01-14T07:07:33.067932,2.0,77.0,40.9,36.2,50.01,26.9,240.2,False
2025-01-14T07:07:33.188925,1.0,38.7,62.5,31.0,50.01,49.5,238.7,False
2025-01-14T07:07:33.306063,2.0,77.0,40.9,36.2,50.02,39.2,240.2,False
2025-01-14T07:07:33.429836,1.0,38.7,62.5,31.0,50.02,39.0,238.7,False
2025-01-14T07:07:33.551415,2.0,77.0,40.9,36.2,50.02,26.4,240.2,False
2025-01-14T07:10:32.829642,0.0,6.8,-6.8,3.6,50.01,45.6,236.4,False
2025-01-14T07:10:32.915266,1.0,3.0,-0.8,1.4,50.02,40.0,238.3,False
2025-01-14T07:10:32.991753,2.0,1.5,-5.3,1.9,50.01,27.6,239.8,False
2025-01-14T07:10:56.842005,0.0,6.1,-99.8,42.2,50.02,51.0,236.3,False
2025-01-14T07:10:56.974323,1.0,14.4,-96.1,40.7,50.01,42.4,238.3,False
2025-01-14T07:10:57.087988,2.0,9.1,-94.5,39.5,50.01,28.5,239.7,False
2025-01-14T07:11:20.847878,0.0,7.6,-101.3,42.8,50.0,46.2,236.5,False
2025-01-14T07:11:20.996358,1.0,95.0,-38.8,43.1,50.0,40.4,238.5,False
2025-01-14T07:11:21.111215,2.0,77.0,40.9,36.2,50.01,27.6,240.0,False
2025-01-14T07:11:56.870275,1.0,38.7,62.5,31.0,49.99,51.7,238.3,False
2025-01-14T07:12:08.897831,0.0,18.2,-31.8,15.4,49.99,45.2,236.4,False
2025-01-14T07:12:09.009773,1.0,38.7,62.5,31.0,49.99,43.0,238.5,False
2025-01-14T07:12:09.132194,2.0,77.0,40.9,36.2,49.98,27.9,240.0,False
2025-01-14T07:12:09.238027,0.0,11.3,-43.1,18.8,49.98,45.0,236.4,False
2025-01-14T07:12:09.346832,1.0,38.7,62.5,31.0,49.99,51.9,238.4,False
2025-01-14T07:12:09.443578,2.0,37.8,-38.6,22.5,49.98,39.0,240.0,False
2025-01-14T07:12:09.533688,0.0,13.6,-42.4,18.7,49.98,45.3,236.5,False
2025-01-14T07:12:09.656857,1.0,38.7,62.5,31.0,50.0,42.5,238.5,False
2025-01-14T07:12:09.776294,2.0,77.0,40.9,36.2,49.99,28.3,240.1,False
2025-01-14T07:13:08.849206,0.0,10.6,-103.6,44.1,49.98,50.3,236.5,False
2025-01-14T07:13:08.961010,1.0,95.0,-38.8,43.1,49.99,43.5,238.5,False
2025-01-14T07:13:09.076680,2.0,77.0,40.9,36.2,50.0,27.4,240.1,False
2025-01-14T07:13:20.846576,0.0,9.1,-104.4,44.0,49.99,46.2,236.7,False
2025-01-14T07:13:20.976405,1.0,95.0,-38.8,43.1,49.98,42.8,238.6,False
2025-01-14T07:13:21.102807,2.0,77.0,40.9,36.2,49.99,28.5,240.2,False
2025-01-14T07:13:44.851232,0.0,39.3,-70.3,34.1,49.99,45.9,236.8,False
2025-01-14T07:13:44.974700,1.0,95.0,-38.8,43.1,50.0,42.8,238.7,False
2025-01-14T07:13:45.106168,2.0,77.0,40.9,36.2,49.99,27.8,240.2,False
2025-01-14T07:14:08.896895,0.0,87.0,-75.6,49.2,49.98,45.1,236.4,False
2025-01-14T07:14:09.031499,1.0,95.0,-38.8,43.1,49.99,52.6,238.4,False
2025-01-14T07:14:09.159390,2.0,77.0,40.9,36.2,49.99,37.1,239.9,False
2025-01-14T07:14:09.289130,0.0,44.6,-4.5,18.9,49.99,45.3,236.4,False
2025-01-14T07:14:09.412686,1.0,95.0,-38.8,43.1,49.98,42.5,238.4,False
2025-01-14T07:14:09.524710,2.0,77.0,40.9,36.2,49.99,28.0,239.8,False
2025-01-14T07:14:20.852936,0.0,37.8,-2.3,16.1,49.98,44.5,236.3,False
2025-01-14T07:14:20.958175,1.0,95.0,-38.8,43.1,49.99,52.5,238.3,False
2025-01-14T07:14:21.090090,2.0,77.0,40.9,36.2,49.98,36.8,239.8,False
2025-01-14T07:14:21.210404,0.0,38.6,-0.8,16.5,49.99,45.3,236.5,False
2025-01-14T07:14:21.326362,1.0,95.0,-38.8,43.1,49.99,42.5,238.5,False
2025-01-14T07:14:21.438338,2.0,77.0,40.9,36.2,49.98,27.6,239.9,False
2025-01-14T07:17:20.839284,0.0,5.3,-6.1,3.5,49.99,45.6,236.6,False
2025-01-14T07:17:20.957046,1.0,8.3,3.8,3.8,50.0,41.0,238.6,False
2025-01-14T07:17:21.072733,2.0,2.3,-1.5,1.0,49.98,28.2,240.1,False
2025-01-14T07:20:20.844322,0.0,0.0,-3.0,1.2,49.99,45.3,236.5,False
2025-01-14T07:20:20.953734,1.0,1.5,-0.0,0.6,49.98,40.5,238.5,False
2025-01-14T07:20:21.060221,2.0,2.3,0.8,1.0,49.99,29.4,240.1,False
2025-01-14T07:23:20.845265,0.0,2.3,-3.0,1.5,50.01,45.9,236.9,False
2025-01-14T07:23:20.958702,1.0,2.3,-3.8,1.5,50.02,41.8,238.9,False
2025-01-14T07:23:21.083650,2.0,0.8,-0.8,0.3,50.01,30.1,240.4,False
2025-01-14T07:26:20.851509,0.0,2.3,3.0,1.5,50.03,47.3,236.7,False
2025-01-14T07:26:20.980679,1.0,1.5,-1.5,0.7,50.02,41.3,238.6,False
2025-01-14T07:26:21.108697,2.0,0.8,-0.8,0.3,50.03,29.8,240.0,False
2025-01-14T07:29:08.854857,0.0,1.5,3.8,1.4,50.02,46.2,237.1,False
2025-01-14T07:29:08.985554,1.0,0.0,-1.5,0.3,50.03,41.6,238.9,False
2025-01-14T07:29:09.102997,2.0,1.5,-3.0,1.1,50.03,29.5,240.5,False
2025-01-14T07:32:08.859124,0.0,1.5,-3.8,1.6,50.01,46.0,237.2,False
2025-01-14T07:32:08.979795,1.0,0.8,-3.8,1.7,50.01,42.6,239.0,False
2025-01-14T07:32:09.099959,2.0,3.8,-0.0,1.6,50.01,27.6,240.6,False
2025-01-14T07:35:08.863266,0.0,1.5,-1.5,0.7,50.03,46.0,237.4,False
2025-01-14T07:35:08.981963,1.0,0.0,-0.8,0.1,50.03,43.2,239.3,False
2025-01-14T07:35:09.118801,2.0,0.8,-1.5,0.7,50.02,27.5,240.6,False
2025-01-14T07:37:21.063988,1.0,95.0,-38.8,43.1,50.02,52.4,238.8,False
2025-01-14T07:37:21.207542,2.0,77.0,40.9,36.2,50.02,37.2,240.2,False
2025-01-14T07:37:32.925278,1.0,94.3,-37.9,42.9,50.04,60.8,238.5,False
2025-01-14T07:37:44.883378,0.0,34.8,2.3,15.3,50.02,46.3,237.3,False
2025-01-14T07:37:45.016341,1.0,95.0,-38.8,43.1,50.02,52.1,239.3,False
2025-01-14T07:37:45.148517,2.0,77.0,40.9,36.2,50.01,37.6,240.7,False
2025-01-14T07:38:08.931690,0.0,92.3,-4.5,38.9,50.02,47.6,237.4,False
2025-01-14T07:38:09.052842,1.0,95.0,-38.8,43.1,50.01,72.0,239.5,False
2025-01-14T07:38:09.177161,2.0,77.0,40.9,36.2,50.02,58.9,240.8,False
2025-01-14T07:38:09.289249,0.0,87.0,-9.8,36.9,50.01,45.8,237.4,False
2025-01-14T07:38:09.413082,1.0,95.0,-38.8,43.1,50.02,50.5,239.4,False
2025-01-14T07:38:09.553862,2.0,77.0,40.9,36.2,50.01,37.4,240.7,False
2025-01-14T07:38:09.688267,0.0,40.8,-64.3,32.0,50.01,48.6,237.1,False
2025-01-14T07:38:09.828564,1.0,52.1,82.9,41.3,50.01,74.5,239.2,False
2025-01-14T07:38:09.960855,2.0,77.0,40.9,36.2,50.01,61.3,240.5,False
2025-01-14T07:38:20.883246,0.0,40.1,-62.8,31.4,50.0,45.5,237.2,False
2025-01-14T07:38:21.019741,1.0,52.1,82.9,41.3,50.0,51.3,239.2,False
2025-01-14T07:38:21.152414,2.0,77.0,40.9,36.2,50.02,38.6,240.6,False
2025-01-14T07:38:21.290033,0.0,90.8,-8.3,38.5,50.01,48.3,237.1,False
2025-01-14T07:38:21.427452,1.0,95.0,-38.8,43.1,50.01,73.4,239.1,False
2025-01-14T07:38:21.553621,2.0,77.0,40.9,36.2,50.01,61.4,240.5,False
2025-01-14T07:38:21.657320,0.0,90.8,-8.3,38.4,50.01,45.7,237.1,False
2025-01-14T07:38:21.756896,1.0,95.0,-38.8,43.1,50.01,51.3,239.2,False
2025-01-14T07:38:21.881118,2.0,77.0,40.9,36.2,50.01,38.0,240.5,False
2025-01-14T07:38:32.922829,0.0,40.1,-6.1,17.3,50.02,46.1,236.9,False
2025-01-14T07:38:33.047297,1.0,95.0,-38.8,43.1,50.02,63.1,239.0,False
2025-01-14T07:38:33.169163,2.0,77.0,40.9,36.2,50.03,49.9,240.3,False
2025-01-14T07:38:33.291873,0.0,78.7,-77.9,46.7,50.02,45.8,236.9,False
2025-01-14T07:38:33.426021,1.0,95.0,-38.8,43.1,50.02,71.4,239.0,False
2025-01-14T07:38:33.550562,2.0,77.0,40.9,36.2,50.01,58.1,240.4,False
2025-01-14T07:38:44.890870,0.0,82.4,-79.4,48.3,50.02,45.5,237.0,False
2025-01-14T07:38:45.024201,1.0,95.0,-38.8,43.1,50.03,62.1,239.1,False
2025-01-14T07:38:45.152415,2.0,77.0,40.9,36.2,50.02,49.3,240.5,False
2025-01-14T07:38:45.279354,0.0,37.8,-5.3,16.2,50.02,45.7,237.1,False
2025-01-14T07:38:45.400414,1.0,95.0,-38.8,43.1,50.02,52.6,239.1,False
2025-01-14T07:38:45.541980,2.0,77.0,40.9,36.2,50.02,39.6,240.6,False
2025-01-14T07:39:56.883579,0.0,34.8,-8.3,15.0,50.01,45.1,237.0,False
2025-01-14T07:39:56.994348,1.0,94.3,-37.9,42.9,50.03,39.2,239.2,False
2025-01-14T07:39:57.110582,2.0,37.8,7.6,16.0,50.02,28.5,240.6,False
2025-01-14T07:42:08.889201,0.0,28.0,-22.7,15.2,50.01,45.3,237.0,False
2025-01-14T07:42:09.011377,1.0,21.2,-41.6,19.5,50.01,42.0,239.1,False
2025-01-14T07:42:20.926561,1.0,95.0,-38.8,43.1,50.02,40.6,239.0,False
2025-01-14T07:42:21.043858,2.0,77.0,40.9,36.2,50.0,28.2,240.4,False
2025-01-14T07:45:20.877026,0.0,11.3,-1.5,4.5,50.02,46.5,237.4,False
2025-01-14T07:45:20.985364,1.0,3.8,-4.5,2.2,50.02,38.8,239.4,False
2025-01-14T07:45:21.086179,2.0,39.6,82.5,37.9,50.03,29.2,240.9,False
2025-01-14T07:48:20.880068,0.0,12.9,0.8,5.6,50.03,46.1,237.6,False
2025-01-14T07:48:21.069524,1.0,2.3,-0.8,0.9,50.02,39.6,239.6,False
2025-01-14T07:48:21.216739,2.0,25.0,-3.8,10.6,50.02,29.2,241.2,False
2025-01-14T07:51:20.883614,0.0,1.5,-1.5,0.9,50.03,46.1,237.8,False
2025-01-14T07:51:21.031287,1.0,0.8,-3.0,1.0,50.03,39.8,239.9,False
2025-01-14T07:51:21.189010,2.0,53.4,108.7,50.5,50.02,29.8,241.3,False
2025-01-14T07:54:20.885994,0.0,1.5,-4.5,1.5,50.02,45.6,237.1,False
2025-01-14T07:54:21.009385,1.0,3.0,-4.5,1.6,50.04,38.9,239.2,False
2025-01-14T07:54:21.130990,2.0,15.9,-1.5,6.4,50.02,29.1,240.6,False
2025-01-14T07:57:20.886736,0.0,0.8,-0.8,0.1,50.02,45.5,237.4,False
2025-01-14T07:57:21.038809,1.0,0.8,-0.8,0.4,50.02,39.3,239.4,False
2025-01-14T07:57:21.161727,2.0,6.1,0.8,2.6,50.02,29.2,240.9,False
2025-01-14T08:00:20.891840,0.0,3.0,-0.8,1.6,49.99,44.9,236.9,False
2025-01-14T08:00:21.561017,1.0,0.8,-3.8,1.1,49.98,39.3,238.9,False
2025-01-14T08:00:22.269632,2.0,19.7,-3.8,8.1,49.98,28.7,240.4,False
2025-01-14T08:00:44.962613,1.0,94.3,-37.9,42.9,49.95,48.6,238.2,False
2025-01-14T08:00:45.155236,1.0,95.0,-38.8,43.1,49.95,48.6,238.2,False
2025-01-14T08:00:45.308080,2.0,42.7,84.8,39.6,49.95,37.3,239.6,False
2025-01-14T08:00:45.467601,2.0,42.7,84.8,39.6,49.95,37.3,239.6,False
2025-01-14T08:01:20.902333,0.0,36.3,-5.3,15.4,49.95,45.5,235.9,False
2025-01-14T08:01:21.054529,1.0,94.3,-37.9,42.9,49.96,40.6,238.0,False
2025-01-14T08:01:21.197855,2.0,77.0,40.9,36.2,49.95,30.0,239.5,False
2025-01-14T08:01:44.900651,0.0,88.5,-12.1,37.8,49.94,46.3,236.0,False
2025-01-14T08:01:45.050349,1.0,95.0,-38.8,43.1,49.94,65.4,238.0,False
2025-01-14T08:01:45.182569,2.0,77.0,40.9,36.2,49.95,53.8,239.6,False
2025-01-14T08:02:08.950716,0.0,127.1,-80.9,64.1,49.94,45.2,236.2,False
2025-01-14T08:02:09.093663,1.0,95.0,-38.8,43.1,49.96,39.7,238.2,False
2025-01-14T08:02:09.237717,2.0,77.0,40.9,36.2,49.95,30.2,239.8,False
2025-01-14T08:02:09.378239,0.0,39.3,-72.6,35.0,49.96,45.4,236.2,False
2025-01-14T08:02:09.515301,1.0,95.0,-38.8,43.1,49.95,40.1,238.2,False
2025-01-14T08:02:09.649348,2.0,77.0,40.9,36.2,49.95,29.5,239.8,False
2025-01-14T08:02:09.783536,2.0,53.4,108.7,50.5,49.95,29.5,239.8,False
2025-01-14T08:02:20.904860,0.0,94.5,-9.8,40.0,49.98,46.3,236.4,False
2025-01-14T08:02:21.048799,1.0,94.3,-37.9,42.9,49.97,64.3,238.5,False
2025-01-14T08:02:21.201002,2.0,57.4,120.5,55.5,49.97,53.0,240.1,False
2025-01-14T08:02:44.914795,0.0,62.8,-6.1,26.4,49.97,45.0,236.1,False
2025-01-14T08:02:45.065553,1.0,95.0,-38.8,43.1,49.97,51.1,238.1,False
2025-01-14T08:02:45.238706,2.0,77.0,40.9,36.2,49.97,40.9,239.8,False
2025-01-14T08:03:44.948199,1.0,94.3,-37.9,42.9,49.97,40.1,238.2,False
2025-01-14T08:04:20.976039,1.0,95.0,-38.8,43.1,49.96,49.6,238.0,False
2025-01-14T08:04:21.120788,2.0,77.0,40.9,36.2,49.96,39.0,239.5,False
2025-01-14T08:04:44.978674,1.0,95.0,-38.8,43.1,49.97,39.2,238.0,False
2025-01-14T08:04:45.120071,2.0,77.0,40.9,36.2,49.97,30.3,239.5,False
2025-01-14T08:05:20.904419,0.0,89.2,-12.1,37.6,49.98,45.8,236.5,False
2025-01-14T08:05:21.042371,1.0,95.0,-38.8,43.1,49.98,64.7,238.5,False
2025-01-14T08:05:21.170222,2.0,77.0,40.9,36.2,49.98,52.9,240.0,False
2025-01-14T08:05:32.907227,0.0,90.0,-8.3,38.3,49.99,44.8,236.5,False
2025-01-14T08:05:33.032676,1.0,95.0,-38.8,43.1,49.98,39.3,238.6,False
2025-01-14T08:05:33.166155,2.0,77.0,40.9,36.2,49.99,30.4,240.1,False
2025-01-14T08:05:56.958489,0.0,98.3,-5.3,41.9,49.99,46.4,236.2,False
2025-01-14T08:05:57.106165,1.0,95.0,-38.8,43.1,49.98,64.8,238.3,False
2025-01-14T08:05:57.256039,2.0,77.0,40.9,36.2,49.99,53.0,239.8,False
2025-01-14T08:05:57.396033,0.0,65.0,-86.2,45.8,49.99,46.4,236.2,False
2025-01-14T08:05:57.536503,1.0,95.0,-38.8,43.1,49.99,64.2,238.3,False
2025-01-14T08:05:57.677421,2.0,77.0,40.9,36.2,49.99,52.0,239.8,False
2025-01-14T08:06:20.905904,0.0,38.6,-3.8,16.5,50.0,46.4,236.3,False
2025-01-14T08:06:21.038367,1.0,56.0,-2.3,23.5,50.0,48.8,238.4,False
2025-01-14T08:06:21.174773,2.0,39.6,82.5,37.9,50.0,37.1,239.9,False
2025-01-14T08:07:21.036690,1.0,95.0,-38.8,43.1,50.0,39.9,238.7,False
2025-01-14T08:07:21.166275,2.0,246.2,684.8,302.2,50.0,30.9,240.2,False
2025-01-14T08:07:21.304755,2.0,246.2,684.8,302.2,50.0,30.9,240.2,False
2025-01-14T08:07:21.461274,2.0,57.4,120.5,55.5,50.0,30.9,240.2,False
2025-01-14T08:08:44.914375,0.0,93.8,-14.4,39.7,49.98,46.6,237.1,False
2025-01-14T08:08:45.062116,1.0,94.3,-37.9,42.9,49.99,65.8,239.1,False
2025-01-14T08:08:45.213479,2.0,77.0,40.9,36.2,50.0,52.9,240.7,False
2025-01-14T08:09:08.914521,0.0,38.6,-70.3,33.8,50.01,44.8,237.1,False
2025-01-14T08:09:09.076430,1.0,95.0,-38.8,43.1,50.0,39.8,239.2,False
2025-01-14T08:09:09.231783,2.0,77.0,40.9,36.2,50.01,30.6,240.7,False
2025-01-14T08:09:20.912115,0.0,129.3,-80.2,64.4,49.99,45.5,237.0,False
2025-01-14T08:09:21.059659,1.0,95.0,-38.8,43.1,49.99,65.1,239.0,False
2025-01-14T08:09:21.193245,2.0,77.0,40.9,36.2,49.99,53.5,240.5,False
2025-01-14T08:09:44.911508,0.0,55.2,-5.3,23.5,50.02,45.7,237.1,False
2025-01-14T08:09:45.053952,1.0,95.0,-38.8,43.1,50.02,50.1,239.1,False
2025-01-14T08:09:45.208253,2.0,77.0,40.9,36.2,50.03,38.4,240.7,False
2025-01-14T08:10:45.236484,1.0,94.3,-37.9,42.9,50.02,39.0,239.1,False
2025-01-14T08:10:45.903218,2.0,37.8,6.1,15.9,50.02,28.7,240.7,False
2025-01-14T08:11:56.955998,0.0,3.0,-76.4,32.5,50.02,45.8,237.3,False
2025-01-14T08:11:57.103290,1.0,41.6,-66.6,33.1,50.02,55.6,239.5,False
2025-01-14T08:11:57.230531,2.0,37.1,-76.4,35.5,50.02,42.8,240.9,False
2025-01-14T08:11:57.372880,0.0,41.6,-85.5,40.0,50.03,45.2,237.3,False
2025-01-14T08:11:57.521360,1.0,95.0,-38.8,43.1,50.02,53.2,239.5,False
2025-01-14T08:11:57.654373,2.0,77.0,40.9,36.2,50.02,40.6,241.0,False
2025-01-14T08:11:57.777068,0.0,43.1,-3.8,18.2,50.02,45.3,237.3,False
2025-01-14T08:11:57.902225,1.0,95.0,-38.8,43.1,50.03,40.4,239.5,False
2025-01-14T08:11:58.022514,2.0,77.0,40.9,36.2,50.03,28.7,240.9,False
2025-01-14T08:14:56.901563,0.0,2.3,-0.8,1.0,50.02,46.1,237.4,False
2025-01-14T08:14:57.012885,1.0,1.5,-1.5,1.0,50.02,39.9,239.5,False
2025-01-14T08:14:57.110778,2.0,5.3,1.5,2.3,50.03,28.9,240.9,False
2025-01-14T08:15:45.267208,0.0,52.9,-9.1,22.7,50.0,45.4,237.3,False
2025-01-14T08:15:46.258782,1.0,95.0,-38.8,43.1,50.0,55.6,239.5,False
2025-01-14T08:15:47.093706,2.0,77.0,40.9,36.2,50.0,42.9,240.9,False
2025-01-14T08:16:20.924509,0.0,56.0,-12.9,23.9,49.97,45.6,237.1,False
2025-01-14T08:16:21.074170,1.0,95.0,-38.8,43.1,49.98,40.0,239.1,False
2025-01-14T08:16:21.242900,2.0,77.0,40.9,36.2,49.97,30.4,240.7,False
2025-01-14T08:16:56.916743,0.0,90.8,-9.1,38.6,49.98,45.7,237.0,False
2025-01-14T08:16:57.067744,1.0,95.0,-38.8,43.1,49.98,63.8,239.1,False
2025-01-14T08:16:57.193940,2.0,77.0,40.9,36.2,49.98,51.1,240.6,False
2025-01-14T08:17:08.920307,0.0,56.0,-6.1,23.6,49.99,44.5,236.8,False
2025-01-14T08:17:09.053370,1.0,95.0,-38.8,43.1,49.99,49.7,238.9,False
2025-01-14T08:17:09.199124,2.0,77.0,40.9,36.2,49.99,38.7,240.4,False
2025-01-14T08:17:20.950060,1.0,41.6,-3.0,17.4,50.01,38.8,238.9,False
2025-01-14T08:17:32.919438,0.0,90.0,-7.6,38.1,50.02,45.0,236.9,False
2025-01-14T08:17:33.044367,1.0,95.0,-38.8,43.1,50.01,61.3,239.0,False
2025-01-14T08:17:33.166613,2.0,77.0,40.9,36.2,50.02,49.5,240.5,False
2025-01-14T08:17:56.923143,0.0,47.6,-3.0,20.5,50.02,46.1,237.3,False
2025-01-14T08:17:57.053363,1.0,95.0,-38.8,43.1,50.02,48.1,239.4,False
2025-01-14T08:17:57.176037,2.0,77.0,40.9,36.2,50.01,36.8,240.9,False
2025-01-14T08:18:56.924867,0.0,45.4,-1.5,19.2,50.01,45.4,237.4,False
2025-01-14T08:18:57.060936,1.0,38.6,-0.0,16.1,50.01,39.2,239.4,False
2025-01-14T08:18:57.213175,2.0,42.4,0.8,17.6,50.01,30.2,241.0,False
2025-01-14T08:19:20.991847,1.0,95.0,-38.8,43.1,50.01,50.7,239.3,False
2025-01-14T08:19:21.139885,2.0,77.0,40.9,36.2,50.02,40.0,240.9,False
2025-01-14T08:19:56.988143,1.0,95.0,-38.8,43.1,50.02,39.4,239.3,False
2025-01-14T08:19:57.128376,2.0,77.0,40.9,36.2,50.03,29.2,240.9,False
2025-01-14T08:20:20.923677,0.0,84.7,-6.8,35.8,50.02,46.6,237.3,False
2025-01-14T08:20:21.058169,1.0,95.0,-38.8,43.1,50.02,63.7,239.3,False
2025-01-14T08:20:21.181642,2.0,77.0,40.9,36.2,50.02,51.7,240.8,False
2025-01-14T08:20:44.987000,0.0,56.0,-8.3,23.5,50.02,45.9,236.9,False
2025-01-14T08:20:45.142171,1.0,95.0,-38.8,43.1,50.02,49.5,238.9,False
2025-01-14T08:20:45.278310,2.0,77.0,40.9,36.2,50.01,38.4,240.4,False
2025-01-14T08:20:45.412664,0.0,37.1,-6.1,15.9,50.02,46.8,236.9,False
2025-01-14T08:20:45.570834,1.0,42.4,-0.8,17.8,50.02,38.1,239.0,False
2025-01-14T08:21:08.927197,0.0,87.7,-4.5,37.5,50.02,47.2,236.5,False
2025-01-14T08:21:09.076445,1.0,95.0,-38.8,43.1,50.02,62.1,238.5,False
2025-01-14T08:21:09.221710,2.0,77.0,40.9,36.2,50.02,52.3,240.1,False
2025-01-14T08:21:21.166761,0.0,54.5,-3.8,23.1,50.01,45.9,236.5,False
2025-01-14T08:21:21.913579,1.0,95.0,-38.8,43.1,50.02,48.6,238.5,False
2025-01-14T08:21:22.460286,2.0,77.0,40.9,36.2,50.02,38.0,240.1,False
2025-01-14T08:22:20.928230,0.0,74.9,-71.8,44.4,50.02,46.9,236.9,False
2025-01-14T08:22:21.056020,1.0,50.7,-58.2,32.8,50.02,38.4,239.0,False
2025-01-14T08:22:21.188829,2.0,52.9,-58.2,33.2,50.01,30.2,240.5,False
2025-01-14T08:22:56.931824,0.0,78.7,-77.9,46.5,50.02,46.1,237.0,False
2025-01-14T08:22:57.114197,1.0,95.0,-38.8,43.1,50.02,50.1,239.1,False
2025-01-14T08:22:57.257524,2.0,77.0,40.9,36.2,50.02,40.5,240.6,False
2025-01-14T08:23:20.926941,0.0,77.9,-79.4,46.6,50.02,46.7,236.8,False
2025-01-14T08:23:21.066220,1.0,95.0,-38.8,43.1,50.02,38.5,238.9,False
2025-01-14T08:23:21.186560,2.0,77.0,40.9,36.2,50.02,30.9,240.4,False
2025-01-14T08:23:56.933300,0.0,131.6,-83.9,65.9,50.04,47.5,236.8,False
2025-01-14T08:23:57.082905,1.0,95.0,-38.8,43.1,50.03,64.8,239.0,False
2025-01-14T08:23:57.240072,2.0,77.0,40.9,36.2,50.03,53.2,240.5,False
2025-01-14T08:24:08.931114,0.0,115.0,-108.2,66.6,50.04,46.1,236.8,False
2025-01-14T08:24:09.083446,1.0,95.0,-38.8,43.1,50.05,49.1,238.9,False
2025-01-14T08:24:09.213309,2.0,77.0,40.9,36.2,50.02,38.3,240.4,False
2025-01-14T08:24:20.985974,0.0,25.7,-97.6,42.7,50.04,46.5,236.7,False
2025-01-14T08:24:21.115856,1.0,95.0,-38.8,43.1,50.02,39.1,238.8,False
2025-01-14T08:24:21.250502,2.0,77.0,40.9,36.2,50.05,29.0,240.3,False
2025-01-14T08:24:21.386984,0.0,29.5,-71.8,32.5,50.04,47.9,236.5,False
2025-01-14T08:24:21.520163,1.0,95.0,-38.8,43.1,50.04,39.4,238.6,False
2025-01-14T08:24:21.648171,2.0,77.0,40.9,36.2,50.03,29.6,240.1,False
2025-01-14T08:24:32.933200,0.0,120.3,-76.4,60.3,50.02,46.3,236.5,False
2025-01-14T08:24:33.086101,1.0,95.0,-38.8,43.1,50.02,61.5,238.6,False
2025-01-14T08:24:33.218960,2.0,77.0,40.9,36.2,50.02,50.5,240.1,False
2025-01-14T08:24:56.933829,0.0,57.5,-3.0,24.5,50.04,45.2,236.7,False
2025-01-14T08:24:57.055458,1.0,95.0,-38.8,43.1,50.05,48.1,238.9,False
2025-01-14T08:24:57.176472,2.0,77.0,40.9,36.2,50.05,38.2,240.3,False
2025-01-14T08:25:44.999257,1.0,41.6,-3.0,17.4,50.04,38.8,238.4,False
2025-01-14T08:25:45.129114,2.0,39.3,3.0,16.4,50.02,30.3,240.0,False
2025-01-14T08:28:44.938936,0.0,38.6,-70.3,33.8,50.04,46.7,236.3,False
2025-01-14T08:28:45.122685,1.0,13.6,-62.8,26.9,50.05,40.0,238.5,False
2025-01-14T08:28:45.275265,2.0,21.9,-59.7,26.4,50.05,27.9,239.9,False
2025-01-14T08:30:44.960551,0.0,69.6,-77.1,44.3,49.99,46.1,236.0,False
2025-01-14T08:30:45.130251,1.0,95.0,-38.8,43.1,50.0,51.1,238.2,False
2025-01-14T08:30:45.278527,2.0,77.0,40.9,36.2,49.99,39.2,239.6,False
2025-01-14T08:31:20.964198,1.0,95.0,-38.8,43.1,50.0,39.4,238.3,False
2025-01-14T08:31:21.101490,2.0,77.0,40.9,36.2,50.02,27.9,239.7,False
2025-01-14T08:31:44.981341,0.0,93.0,-9.1,40.1,49.98,47.0,235.6,False
2025-01-14T08:31:45.658430,1.0,95.0,-38.8,43.1,49.99,65.0,237.9,False
2025-01-14T08:31:46.273103,2.0,77.0,40.9,36.2,49.98,52.4,239.3,False
2025-01-14T08:32:08.941730,0.0,94.5,-15.1,40.7,49.99,46.2,235.7,False
2025-01-14T08:32:09.096446,1.0,95.0,-38.8,43.1,49.99,38.8,237.8,False
2025-01-14T08:32:09.240982,2.0,77.0,40.9,36.2,50.0,29.6,239.3,False
2025-01-14T08:32:20.940007,0.0,88.5,-12.9,37.9,50.01,47.3,235.7,False
2025-01-14T08:32:21.071369,1.0,95.0,-38.8,43.1,50.0,64.9,237.9,False
2025-01-14T08:32:21.194939,2.0,77.0,40.9,36.2,50.0,51.1,239.2,False
2025-01-14T08:32:44.941631,0.0,52.9,-9.1,22.8,50.01,46.5,235.7,False
2025-01-14T08:32:45.064797,1.0,95.0,-38.8,43.1,50.0,48.8,237.9,False
2025-01-14T08:32:45.177761,2.0,77.0,40.9,36.2,50.01,36.7,239.2,False
2025-01-14T08:33:44.941718,0.0,73.4,-74.1,44.3,49.99,47.1,235.8,False
2025-01-14T08:33:45.072809,1.0,53.7,-59.0,33.6,49.99,38.4,238.0,False
2025-01-14T08:33:45.193262,2.0,51.4,-55.2,31.6,50.0,27.8,239.3,False
2025-01-14T08:34:20.942555,0.0,73.4,-78.7,45.9,50.0,46.4,235.6,False
2025-01-14T08:34:21.121206,1.0,95.0,-38.8,43.1,50.0,50.6,237.7,False
2025-01-14T08:34:21.268064,2.0,77.0,40.9,36.2,50.0,37.0,239.0,False
2025-01-14T08:34:44.974116,1.0,95.0,-38.8,43.1,50.02,38.7,238.2,False
2025-01-14T08:35:20.944401,0.0,90.8,-9.8,38.9,50.02,47.0,235.8,False
2025-01-14T08:35:21.105818,1.0,95.0,-38.8,43.1,50.02,64.0,238.0,False
2025-01-14T08:35:21.235069,2.0,57.4,120.5,55.5,50.0,50.3,239.3,False
2025-01-14T08:35:32.940119,0.0,53.7,-7.6,22.9,50.01,45.2,235.7,False
2025-01-14T08:35:33.084979,1.0,95.0,-38.8,43.1,50.01,38.2,237.8,False
2025-01-14T08:35:33.193277,2.0,77.0,40.9,36.2,50.02,28.0,239.3,False
2025-01-14T08:35:56.945476,0.0,83.2,-1.5,35.1,50.0,47.1,236.0,False
2025-01-14T08:35:57.058417,1.0,95.0,-38.8,43.1,50.01,60.7,238.1,False
2025-01-14T08:35:57.173934,2.0,77.0,40.9,36.2,50.0,48.4,239.5,False
2025-01-14T08:36:20.948856,0.0,60.5,6.1,25.7,50.01,44.7,235.9,False
2025-01-14T08:36:21.116528,1.0,95.0,-38.8,43.1,50.0,49.1,238.0,False
2025-01-14T08:36:21.260380,2.0,77.0,40.9,36.2,50.02,36.5,239.1,False
2025-01-14T08:37:21.033490,1.0,40.8,0.8,17.1,50.03,39.7,237.6,False
2025-01-14T08:37:45.026370,1.0,95.0,-38.8,43.1,50.02,48.9,238.1,False
2025-01-14T08:37:45.182560,2.0,77.0,40.9,36.2,50.03,39.3,239.5,False
2025-01-14T08:38:21.020863,1.0,95.0,-38.8,43.1,50.02,38.5,238.1,False
2025-01-14T08:38:21.164690,2.0,77.0,40.9,36.2,50.03,28.2,239.5,False
2025-01-14T08:38:44.949701,0.0,87.7,-11.3,37.3,50.03,46.4,236.1,False
2025-01-14T08:38:45.084299,1.0,95.0,-38.8,43.1,50.03,63.6,238.3,False
2025-01-14T08:38:45.214982,2.0,77.0,40.9,36.2,50.02,52.1,239.7,False
2025-01-14T08:39:08.949246,0.0,89.2,-12.1,38.1,50.04,46.2,236.1,False
2025-01-14T08:39:09.129743,1.0,95.0,-38.8,43.1,50.03,38.1,238.3,False
2025-01-14T08:39:09.720648,2.0,77.0,40.9,36.2,50.04,28.9,239.8,False
2025-01-14T08:39:20.990758,0.0,40.8,-74.1,35.3,50.03,46.0,235.6,False
2025-01-14T08:39:21.134579,1.0,12.9,-60.5,25.5,50.03,38.4,237.8,False
2025-01-14T08:39:21.273034,2.0,57.4,120.5,55.5,50.03,29.0,239.2,False
2025-01-14T08:39:21.415461,0.0,138.4,-82.4,67.9,50.03,47.2,236.0,False
2025-01-14T08:39:21.540904,1.0,95.0,-38.8,43.1,50.02,62.1,238.1,False
2025-01-14T08:39:21.668163,2.0,77.0,40.9,36.2,50.02,51.3,239.6,False
2025-01-14T08:39:44.950906,0.0,62.8,-5.3,26.5,50.04,46.6,235.8,False
2025-01-14T08:39:45.099106,1.0,95.0,-38.8,43.1,50.04,48.9,238.0,False
2025-01-14T08:39:45.237272,2.0,77.0,40.9,36.2,50.04,38.9,239.4,False
2025-01-14T08:40:44.954582,0.0,34.8,-4.5,15.1,50.03,46.2,236.0,False
2025-01-14T08:40:45.102172,1.0,43.1,-0.0,18.2,50.03,37.4,238.1,False
2025-01-14T08:41:09.029068,1.0,95.0,-38.8,43.1,50.03,48.2,238.4,False
2025-01-14T08:41:09.197505,2.0,77.0,40.9,36.2,50.02,38.8,239.8,False
2025-01-14T08:41:56.962863,0.0,83.9,-77.1,48.4,50.04,47.7,236.0,False
2025-01-14T08:41:57.121537,1.0,95.0,-38.8,43.1,50.04,44.6,238.3,False
2025-01-14T08:41:57.242351,2.0,77.0,40.9,36.2,50.04,34.4,239.7,False
2025-01-14T08:41:57.378346,0.0,84.7,-78.7,49.0,50.04,45.8,235.9,False
2025-01-14T08:41:57.492297,1.0,95.0,-38.8,43.1,50.03,37.0,238.2,False
2025-01-14T08:41:57.610529,2.0,77.0,40.9,36.2,50.04,28.9,239.6,False
2025-01-14T08:44:56.947506,0.0,0.8,-5.3,1.8,50.04,45.8,236.4,False
2025-01-14T08:44:57.109127,1.0,0.8,0.8,0.7,50.03,38.4,238.5,False
2025-01-14T08:44:57.233846,2.0,0.8,-0.8,0.2,50.03,28.8,240.0,False
2025-01-14T08:47:56.944226,0.0,1.5,-2.3,1.1,50.02,46.0,236.3,False
2025-01-14T08:47:57.069664,1.0,0.0,-0.0,0.0,50.02,38.1,238.4,False
2025-01-14T08:47:57.168831,2.0,3.8,-0.8,1.6,50.02,29.1,239.9,False
2025-01-14T08:49:08.960978,0.0,26.5,-56.0,26.2,50.0,46.0,236.3,False
2025-01-14T08:49:09.126475,1.0,95.0,-38.8,43.1,50.0,39.4,238.4,False
2025-01-14T08:49:09.255934,2.0,77.0,40.9,36.2,49.97,30.1,239.8,False
2025-01-14T08:50:44.964022,0.0,59.7,-56.0,35.1,50.06,46.2,236.0,False
2025-01-14T08:50:45.122705,1.0,95.0,-38.8,43.1,50.03,49.0,238.1,False
2025-01-14T08:50:45.259242,2.0,77.0,40.9,36.2,50.03,39.4,239.6,False
2025-01-14T08:51:08.960098,0.0,35.5,-3.8,15.3,50.02,47.3,235.8,False
2025-01-14T08:51:09.110075,1.0,94.3,-37.9,42.9,50.01,59.9,237.9,False
2025-01-14T08:51:09.223370,2.0,39.6,82.5,37.9,50.02,48.3,239.4,False
2025-01-14T08:51:21.043231,1.0,95.0,-38.8,43.1,50.04,50.6,237.9,False
2025-01-14T08:51:21.187708,2.0,77.0,40.9,36.2,50.03,40.3,239.3,False
2025-01-14T08:51:33.040868,1.0,94.3,-37.9,42.9,50.02,39.2,238.3,False
2025-01-14T08:51:33.169979,2.0,39.6,82.5,37.9,50.01,29.6,239.7,False
2025-01-14T08:51:44.965174,0.0,95.3,-9.1,40.4,50.03,46.7,236.3,False
2025-01-14T08:51:45.105815,1.0,95.0,-38.8,43.1,50.02,63.6,238.4,False
2025-01-14T08:51:45.234609,2.0,77.0,40.9,36.2,50.01,49.8,239.8,False
2025-01-14T08:51:56.967179,0.0,125.5,0.0,53.3,50.02,52.3,236.2,False
2025-01-14T08:51:57.092662,1.0,94.3,-37.9,42.9,50.02,84.0,238.3,False
2025-01-14T08:51:57.206670,2.0,68.4,143.7,66.3,50.02,71.9,239.7,False
2025-01-14T08:52:09.000121,0.0,128.6,-43.9,57.4,50.03,48.6,236.1,False
2025-01-14T08:52:09.117801,1.0,95.0,-38.8,43.1,50.03,70.5,238.2,False
2025-01-14T08:52:09.234561,2.0,77.0,40.9,36.2,50.03,58.2,239.6,False
2025-01-14T08:52:09.378400,0.0,31.8,-43.1,22.8,50.03,48.2,236.0,False
2025-01-14T08:52:09.497865,1.0,95.0,-38.8,43.1,50.05,70.0,238.1,False
2025-01-14T08:52:09.600107,2.0,77.0,40.9,36.2,50.05,57.6,239.6,False
2025-01-14T08:52:20.964976,0.0,126.3,-9.1,53.7,50.04,46.3,236.1,False
2025-01-14T08:52:21.097394,1.0,95.0,-38.8,43.1,50.04,39.7,238.2,False
2025-01-14T08:52:21.222300,2.0,77.0,40.9,36.2,50.04,30.4,239.6,False
2025-01-14T08:52:32.964193,0.0,51.4,-4.5,21.8,50.04,47.8,236.2,False
2025-01-14T08:52:33.073325,1.0,95.0,-38.8,43.1,50.05,65.8,238.3,False
2025-01-14T08:52:33.166360,2.0,77.0,40.9,36.2,50.05,55.2,239.8,False
2025-01-14T08:52:44.966877,0.0,128.6,-5.3,54.4,50.03,53.9,236.2,False
2025-01-14T08:52:45.085338,1.0,52.1,82.9,41.3,50.02,87.6,238.3,False
2025-01-14T08:52:45.199884,2.0,69.7,149.5,68.6,50.02,75.7,239.7,False
2025-01-14T08:52:45.318792,0.0,60.5,-1.5,25.1,50.02,50.3,235.7,False
2025-01-14T08:52:45.433576,1.0,95.0,-38.8,43.1,50.03,78.9,238.1,False
2025-01-14T08:52:45.534519,2.0,77.0,40.9,36.2,50.03,67.0,239.3,False
2025-01-14T08:52:56.968792,0.0,87.7,-0.8,37.9,50.04,47.0,236.5,False
2025-01-14T08:52:57.082829,1.0,94.3,-37.9,42.9,50.03,61.5,238.5,False
2025-01-14T08:52:57.211555,2.0,68.4,143.7,66.3,50.05,49.2,240.0,False
2025-01-14T08:53:45.047958,1.0,52.1,82.9,41.3,50.04,51.8,238.5,False
2025-01-14T08:53:45.197720,2.0,69.7,149.5,68.6,50.05,41.1,239.9,False
2025-01-14T08:53:56.970858,0.0,34.8,-7.6,15.1,50.07,47.3,236.4,False
2025-01-14T08:53:57.099952,1.0,41.6,-2.3,17.5,50.06,41.1,238.5,False
2025-01-14T08:53:57.217090,2.0,47.6,1.5,19.9,50.05,32.6,240.0,False
2025-01-14T08:54:20.970126,0.0,92.3,-12.1,39.3,50.07,48.6,236.5,False
2025-01-14T08:54:21.117101,1.0,95.0,-38.8,43.1,50.06,67.1,238.6,False
2025-01-14T08:54:21.260225,2.0,77.0,40.9,36.2,50.06,54.4,240.0,False
2025-01-14T08:54:33.022903,0.0,106.6,-6.8,45.7,50.07,55.3,236.1,False
2025-01-14T08:54:33.155186,1.0,94.3,-37.9,42.9,50.07,88.9,238.3,False
2025-01-14T08:54:33.274802,2.0,68.4,143.7,66.3,50.05,75.4,239.6,False
2025-01-14T08:54:33.392250,0.0,79.4,-4.5,34.0,50.04,50.4,236.3,False
2025-01-14T08:54:33.516126,1.0,95.0,-38.8,43.1,50.03,73.7,238.4,False
2025-01-14T08:54:33.625790,2.0,77.0,40.9,36.2,50.03,61.1,239.8,False
2025-01-14T08:54:56.971167,0.0,121.0,-11.3,51.5,50.08,47.0,236.4,False
2025-01-14T08:54:57.077274,1.0,94.3,-37.9,42.9,50.09,41.0,238.5,False
2025-01-14T08:54:57.176248,2.0,68.4,143.7,66.3,50.08,31.4,239.9,False
2025-01-14T08:55:08.973487,0.0,102.9,-12.1,43.9,50.08,48.8,236.4,False
2025-01-14T08:55:09.159206,1.0,95.0,-38.8,43.1,50.08,67.3,238.5,False
2025-01-14T08:55:09.311223,2.0,77.0,40.9,36.2,50.06,53.6,240.0,False
2025-01-14T08:55:33.022263,0.0,56.0,0.8,23.7,50.07,52.4,236.4,False
2025-01-14T08:55:33.150345,1.0,94.3,-37.9,42.9,50.05,80.5,238.4,False
2025-01-14T08:55:33.275867,2.0,57.4,120.5,55.5,50.08,67.1,239.8,False
2025-01-14T08:55:33.401564,1.0,95.0,-38.8,43.1,50.06,72.7,238.3,False
2025-01-14T08:55:33.508980,2.0,77.0,40.9,36.2,50.07,60.0,239.8,False
2025-01-14T08:55:56.977350,0.0,115.0,-8.3,48.8,50.06,48.5,236.2,False
2025-01-14T08:55:57.130556,1.0,94.3,-37.9,42.9,50.07,40.9,238.2,False
2025-01-14T08:55:57.261709,2.0,57.4,120.5,55.5,50.05,30.5,239.8,False
2025-01-14T08:57:08.978868,0.0,94.5,-12.1,40.2,50.07,49.5,236.4,False
2025-01-14T08:57:09.182804,1.0,95.0,-38.8,43.1,50.06,67.9,238.4,False
2025-01-14T08:57:09.347151,2.0,77.0,40.9,36.2,50.08,53.5,239.8,False
2025-01-14T08:57:20.976974,0.0,111.9,-28.0,48.8,50.09,47.5,236.4,False
2025-01-14T08:57:21.131024,1.0,95.0,-38.8,43.1,50.08,39.9,238.5,False
2025-01-14T08:57:21.272896,2.0,77.0,40.9,36.2,50.07,30.9,240.0,False
2025-01-14T08:57:32.979248,0.0,91.5,-23.4,39.9,50.07,48.8,236.5,False
2025-01-14T08:57:33.110319,1.0,95.0,-38.8,43.1,50.07,63.5,238.6,False
2025-01-14T08:57:33.236885,2.0,77.0,40.9,36.2,50.07,51.7,240.0,False
2025-01-14T08:57:45.025110,0.0,80.2,-6.1,34.3,50.07,52.4,236.2,False
2025-01-14T08:57:45.155587,1.0,94.3,-37.9,42.9,50.06,80.7,238.3,False
2025-01-14T08:57:45.270133,2.0,45.7,97.5,44.7,50.07,66.9,239.9,False
2025-01-14T08:57:45.389166,0.0,65.0,-6.1,27.6,50.07,48.4,236.1,False
2025-01-14T08:57:45.499294,1.0,95.0,-38.8,43.1,50.06,64.0,238.2,False
2025-01-14T08:57:45.629109,2.0,77.0,40.9,36.2,50.07,51.4,239.7,False
2025-01-14T08:58:08.979712,0.0,64.3,-4.5,27.5,50.08,47.4,236.3,False
2025-01-14T08:58:09.114890,1.0,94.3,-37.9,42.9,50.06,51.6,238.5,False
2025-01-14T08:58:09.245660,2.0,45.7,97.5,44.7,50.07,39.7,239.9,False
2025-01-14T08:58:09.374025,0.0,131.6,-6.8,56.0,50.05,53.0,236.2,False
2025-01-14T08:58:09.485531,1.0,95.0,-38.8,43.1,50.07,79.9,238.3,False
2025-01-14T08:58:09.593885,2.0,77.0,40.9,36.2,50.04,67.3,239.7,False
2025-01-14T08:58:32.978796,0.0,95.3,-3.8,40.6,50.06,47.5,236.3,False
2025-01-14T08:58:33.095741,1.0,95.0,-38.8,43.1,50.05,59.9,238.5,False
2025-01-14T08:58:33.218625,2.0,77.0,40.9,36.2,50.03,48.7,239.9,False
2025-01-14T08:59:09.005247,1.0,43.9,-1.5,18.5,50.03,49.1,238.6,False
2025-01-14T08:59:09.119532,2.0,45.4,5.3,19.1,50.02,38.1,240.0,False
2025-01-14T08:59:09.219535,0.0,43.9,-59.7,31.0,50.02,46.0,236.2,False
2025-01-14T08:59:09.336723,1.0,13.6,-47.6,20.6,50.02,49.7,238.3,False
2025-01-14T08:59:09.436746,2.0,12.9,-47.6,20.3,50.03,38.0,239.8,False
2025-01-14T08:59:09.549320,0.0,35.5,-59.0,29.4,50.03,46.0,236.1,False
2025-01-14T08:59:09.653288,1.0,95.0,-38.8,43.1,50.02,49.8,238.2,False
2025-01-14T08:59:09.750314,2.0,77.0,40.9,36.2,50.02,36.5,239.6,False
2025-01-14T08:59:33.037679,0.0,37.8,-3.0,16.2,50.02,45.8,236.2,False
2025-01-14T08:59:33.157494,1.0,95.0,-38.8,43.1,50.01,39.5,238.4,False
2025-01-14T08:59:33.249217,0.0,90.0,-4.5,38.3,50.03,47.6,236.1,False
2025-01-14T08:59:33.346343,1.0,95.0,-38.8,43.1,50.02,65.0,238.2,False
2025-01-14T08:59:33.439086,2.0,57.4,120.5,55.5,50.0,53.9,239.6,False
2025-01-14T08:59:56.984003,0.0,112.7,-50.7,52.2,49.99,46.5,236.0,False
2025-01-14T08:59:57.099797,1.0,95.0,-38.8,43.1,50.0,39.2,238.0,False
2025-01-14T08:59:57.194440,2.0,77.0,40.9,36.2,50.0,29.1,239.5,False
2025-01-14T08:59:57.301944,0.0,24.2,-42.4,20.7,50.01,46.2,236.0,False
2025-01-14T08:59:57.384052,1.0,95.0,-38.8,43.1,49.99,39.6,238.0,False
2025-01-14T09:00:09.007267,0.0,125.5,-14.4,53.3,49.99,47.6,236.2,False
2025-01-14T09:00:09.212121,1.0,94.3,-37.9,42.9,49.99,69.7,238.3,False
2025-01-14T09:00:09.424049,2.0,77.0,40.9,36.2,50.0,56.5,239.7,False
2025-01-14T09:00:21.054280,0.0,88.5,-7.6,37.6,50.0,45.2,236.2,False
2025-01-14T09:00:21.197320,1.0,95.0,-38.8,43.1,50.01,49.5,238.3,False
2025-01-14T09:00:21.334717,2.0,77.0,40.9,36.2,50.0,37.4,239.7,False
2025-01-14T09:00:21.479983,0.0,91.5,-6.1,39.0,49.99,49.0,236.0,False
2025-01-14T09:00:21.620680,1.0,95.0,-38.8,43.1,50.0,72.4,238.2,False
2025-01-14T09:00:21.798906,2.0,77.0,40.9,36.2,50.01,59.7,239.6,False
2025-01-14T09:00:32.989441,0.0,37.8,-3.8,16.1,49.99,46.8,236.1,False
2025-01-14T09:00:33.147737,1.0,95.0,-38.8,43.1,49.99,64.8,238.1,False
2025-01-14T09:00:45.319692,0.0,83.9,-10.6,35.6,49.98,48.0,235.8,False
2025-01-14T09:00:46.356966,1.0,94.3,-37.9,42.9,49.97,39.6,237.8,False
2025-01-14T09:00:47.163309,2.0,77.0,40.9,36.2,49.97,30.2,239.2,False
2025-01-14T09:00:56.994796,0.0,63.5,-99.8,50.1,49.97,47.3,235.7,False
2025-01-14T09:00:57.170293,1.0,18.2,-82.4,35.5,49.96,40.1,237.8,False
2025-01-14T09:00:57.314142,2.0,57.4,120.5,55.5,49.97,29.6,239.2,False
2025-01-14T09:01:32.991603,0.0,107.4,-109.7,65.1,49.94,46.8,235.8,False
2025-01-14T09:01:33.194153,1.0,95.0,-38.8,43.1,49.93,56.4,237.9,False
2025-01-14T09:01:33.337597,2.0,77.0,40.9,36.2,49.93,44.1,239.3,False
2025-01-14T09:01:44.989300,0.0,51.4,-6.1,21.9,49.93,46.4,235.8,False
2025-01-14T09:01:45.158490,1.0,95.0,-38.8,43.1,49.93,41.4,237.9,False
2025-01-14T09:01:45.325541,2.0,77.0,40.9,36.2,49.92,29.3,239.2,False
2025-01-14T09:04:44.975885,0.0,10.6,3.0,4.7,49.97,46.2,235.5,False
2025-01-14T09:04:45.150963,1.0,4.5,3.0,2.3,49.97,39.3,237.6,False
2025-01-14T09:04:45.360159,2.0,12.9,0.8,5.4,49.97,28.9,239.1,False
2025-01-14T09:06:56.983687,0.0,77.1,-6.8,32.3,50.02,45.3,236.1,False
2025-01-14T09:06:57.154207,1.0,95.0,-38.8,43.1,50.02,61.0,238.0,False
2025-01-14T09:06:57.313546,2.0,77.0,40.9,36.2,50.02,49.5,239.7,False
2025-01-14T09:07:08.980219,0.0,107.4,-102.1,62.8,50.03,44.9,236.2,False
2025-01-14T09:07:09.142160,1.0,95.0,-38.8,43.1,50.03,47.7,238.1,False
2025-01-14T09:07:09.280964,2.0,77.0,40.9,36.2,50.03,36.3,239.7,False
2025-01-14T09:07:33.046807,0.0,113.4,-107.4,66.1,50.03,46.9,236.2,False
2025-01-14T09:07:33.197264,1.0,95.0,-38.8,43.1,50.03,66.0,238.1,False
2025-01-14T09:07:33.351183,2.0,77.0,40.9,36.2,50.02,51.9,239.7,False
2025-01-14T09:07:33.493998,0.0,37.8,-4.5,16.4,50.03,45.5,236.4,False
2025-01-14T09:07:33.645413,1.0,95.0,-38.8,43.1,50.02,55.5,238.3,False
2025-01-14T09:07:56.980563,0.0,61.3,-85.5,44.3,50.01,46.4,236.3,False
2025-01-14T09:07:57.136127,1.0,41.6,-71.8,34.8,50.02,50.6,238.2,False
2025-01-14T09:07:57.286047,2.0,77.0,40.9,36.2,50.02,38.4,239.9,False
2025-01-14T09:08:08.982790,0.0,80.2,-90.0,50.6,50.03,46.9,236.6,False
2025-01-14T09:08:09.134458,1.0,95.0,-38.8,43.1,50.03,60.7,238.6,False
2025-01-14T09:08:09.274722,2.0,77.0,40.9,36.2,50.03,46.9,240.2,False
2025-01-14T09:08:20.979033,0.0,39.3,-3.8,16.6,50.03,45.8,236.6,False
2025-01-14T09:08:21.140161,1.0,95.0,-38.8,43.1,50.04,50.9,238.5,False
2025-01-14T09:08:21.290907,2.0,77.0,40.9,36.2,50.03,38.4,240.1,False
2025-01-14T09:08:33.035078,1.0,43.1,-2.3,18.1,50.03,40.0,238.4,False
2025-01-14T09:08:33.183996,2.0,37.8,6.1,16.0,50.02,28.7,240.0,False
2025-01-14T09:08:56.978410,0.0,212.5,-12.1,89.8,50.04,54.8,236.7,False
2025-01-14T09:08:57.132140,1.0,95.0,-38.8,43.1,50.03,89.7,238.7,False
2025-01-14T09:08:57.281994,2.0,68.4,143.7,66.3,50.04,79.5,240.3,False
2025-01-14T09:08:57.429716,0.0,58.2,-1.5,24.5,50.04,51.4,236.6,False
2025-01-14T09:08:57.573020,1.0,95.0,-38.8,43.1,50.03,79.9,238.6,False
2025-01-14T09:08:57.726994,2.0,68.4,143.7,66.3,50.03,68.3,240.2,False
2025-01-14T09:09:08.988670,0.0,85.5,-3.8,36.2,50.03,46.9,236.6,False
2025-01-14T09:09:09.134169,1.0,40.8,-4.5,17.3,50.03,50.7,238.8,False
2025-01-14T09:09:09.298662,2.0,40.8,5.3,17.2,50.02,37.9,240.2,False
2025-01-14T09:09:20.979271,0.0,38.6,-4.5,16.4,50.01,45.9,236.7,False
2025-01-14T09:09:21.122546,1.0,43.1,1.5,18.1,50.01,39.6,238.7,False
2025-01-14T09:09:21.253938,2.0,39.3,2.3,16.4,50.0,29.2,240.3,False
2025-01-14T09:09:32.977903,0.0,107.4,-9.8,45.5,50.01,47.5,236.8,False
2025-01-14T09:09:33.133249,1.0,95.0,-38.8,43.1,50.01,65.6,238.8,False
2025-01-14T09:09:33.264300,2.0,77.0,40.9,36.2,50.01,53.5,240.4,False
2025-01-14T09:09:33.401291,2.0,39.6,82.5,37.9,50.01,60.1,240.4,False
2025-01-14T09:09:44.980050,0.0,57.5,-6.1,24.1,50.01,46.4,236.5,False
2025-01-14T09:09:45.121067,1.0,95.0,-38.8,43.1,50.01,60.4,238.4,False
2025-01-14T09:09:45.260569,2.0,77.0,40.9,36.2,50.01,48.9,240.0,False
2025-01-14T09:10:09.046082,1.0,38.6,-1.5,16.3,50.02,50.3,238.7,False
2025-01-14T09:10:09.188143,2.0,39.6,82.5,37.9,50.02,39.2,240.3,False
2025-01-14T09:10:32.977938,0.0,121.8,-6.8,51.8,50.03,50.3,236.6,False
2025-01-14T09:10:33.135756,1.0,95.0,-38.8,43.1,50.01,78.4,238.5,False
2025-01-14T09:10:33.282551,2.0,77.0,40.9,36.2,50.03,67.6,240.2,False
2025-01-14T09:10:56.978642,0.0,90.8,-3.0,38.5,50.01,44.8,236.6,False
2025-01-14T09:10:57.128097,1.0,95.0,-38.8,43.1,50.02,50.0,238.5,False
2025-01-14T09:10:57.269225,2.0,77.0,40.9,36.2,50.01,38.9,240.2,False
2025-01-14T09:11:09.036110,1.0,41.6,-1.5,17.5,50.02,39.6,238.6,False
2025-01-14T09:11:21.046296,0.0,97.6,-9.1,41.4,50.03,45.7,236.6,False
2025-01-14T09:11:21.380432,1.0,95.0,-38.8,43.1,50.03,62.7,238.6,False
2025-01-14T09:11:21.516322,2.0,77.0,40.9,36.2,50.02,52.6,240.1,False
2025-01-14T09:11:45.036474,1.0,94.3,-37.9,42.9,50.02,72.0,238.7,False
2025-01-14T09:11:45.187089,0.0,70.3,-104.4,53.4,50.02,47.5,236.8,False
2025-01-14T09:12:09.070052,1.0,95.0,-38.8,43.1,50.03,39.1,238.4,False
2025-01-14T09:12:09.246302,2.0,77.0,40.9,36.2,50.04,29.2,239.9,False
2025-01-14T09:12:09.430491,0.0,90.0,-7.6,38.3,50.02,45.7,236.3,False
2025-01-14T09:12:09.587151,1.0,95.0,-38.8,43.1,50.03,63.0,238.3,False
2025-01-14T09:12:09.745323,2.0,77.0,40.9,36.2,50.03,50.2,239.9,False
2025-01-14T09:12:32.972479,0.0,54.5,-3.0,23.2,50.01,45.3,236.5,False
2025-01-14T09:12:33.103546,1.0,95.0,-38.8,43.1,50.01,50.4,238.4,False
2025-01-14T09:12:33.235806,2.0,77.0,40.9,36.2,50.01,38.7,240.0,False
2025-01-14T09:12:33.333553,1.0,95.0,-38.8,43.1,50.02,59.6,238.5,False
2025-01-14T09:12:45.004355,1.0,95.0,-38.8,43.1,50.01,50.5,238.5,False
2025-01-14T09:12:45.130643,2.0,37.1,4.5,15.6,50.01,39.3,240.1,False
2025-01-14T09:13:09.058036,1.0,94.3,-37.9,42.9,50.02,39.0,238.8,False
2025-01-14T09:13:09.214308,2.0,41.6,6.8,17.6,50.01,29.3,240.4,False
2025-01-14T09:13:09.379847,1.0,95.0,-38.8,43.1,50.02,50.1,238.8,False
2025-01-14T09:13:09.540449,2.0,77.0,40.9,36.2,50.0,38.9,240.4,False
2025-01-14T09:13:32.976958,0.0,120.3,-6.1,50.8,50.02,50.9,237.0,False
2025-01-14T09:13:33.116458,1.0,94.3,-37.9,42.9,50.03,78.4,238.9,False
2025-01-14T09:13:33.252039,2.0,68.4,143.7,66.3,50.02,67.5,240.5,False
2025-01-14T09:13:44.977017,0.0,35.5,-4.5,15.0,50.02,48.7,236.9,False
2025-01-14T09:13:45.117384,1.0,95.0,-38.8,43.1,50.02,70.3,238.8,False
2025-01-14T09:13:45.256291,2.0,77.0,40.9,36.2,50.03,59.9,240.4,False
2025-01-14T09:13:57.000835,0.0,125.5,-10.6,52.8,50.02,46.2,236.4,False
2025-01-14T09:13:57.130626,1.0,94.3,-37.9,42.9,50.02,39.6,238.3,False
2025-01-14T09:13:57.258990,2.0,68.4,143.7,66.3,50.02,31.4,239.9,False
2025-01-14T09:14:08.979781,0.0,90.8,-8.3,38.5,50.03,48.0,236.5,False
2025-01-14T09:14:09.148421,1.0,95.0,-38.8,43.1,50.04,64.8,238.5,False
2025-01-14T09:14:09.294137,2.0,77.0,40.9,36.2,50.03,55.0,240.1,False
2025-01-14T09:14:20.979096,0.0,126.3,-1.5,53.5,50.03,55.3,236.4,False
2025-01-14T09:14:21.121739,1.0,94.3,-37.9,42.9,50.02,88.2,238.4,False
2025-01-14T09:14:21.264285,2.0,68.4,143.7,66.3,50.03,79.5,240.0,False
2025-01-14T09:14:32.978615,0.0,85.5,-2.3,36.3,50.04,45.8,236.7,False
2025-01-14T09:14:33.112375,1.0,95.0,-38.8,43.1,50.04,49.7,238.7,False
2025-01-14T09:14:33.246144,2.0,77.0,40.9,36.2,50.03,39.8,240.3,False
2025-01-14T09:14:44.978036,0.0,89.2,-6.1,37.9,50.03,49.6,236.6,False
2025-01-14T09:14:45.111846,1.0,95.0,-38.8,43.1,50.02,72.8,238.5,False
2025-01-14T09:14:45.258481,2.0,77.0,40.9,36.2,50.03,62.9,240.2,False
2025-01-14T09:15:08.982155,0.0,44.6,0.8,19.2,50.03,47.9,237.0,False
2025-01-14T09:15:09.205074,1.0,95.0,-38.8,43.1,50.02,60.3,239.0,False
2025-01-14T09:15:09.449440,2.0,77.0,40.9,36.2,50.02,49.7,240.6,False
2025-01-14T09:15:32.977768,0.0,45.4,-5.3,19.1,50.03,45.7,236.7,False
2025-01-14T09:15:33.125975,1.0,94.3,-37.9,42.9,50.03,49.1,238.7,False
2025-01-14T09:15:33.275009,2.0,68.4,143.7,66.3,50.02,38.7,240.3,False
2025-01-14T09:16:08.979363,0.0,122.5,-9.1,52.2,50.01,50.8,236.5,False
2025-01-14T09:16:09.160785,1.0,95.0,-38.8,43.1,50.01,79.1,238.5,False
2025-01-14T09:16:09.312749,2.0,77.0,40.9,36.2,50.01,67.7,240.0,False
2025-01-14T09:16:21.015262,1.0,95.0,-38.8,43.1,50.01,70.6,238.8,False
2025-01-14T09:16:33.027610,0.0,89.2,-9.8,37.8,50.02,46.2,236.8,False
2025-01-14T09:16:33.154205,1.0,96.8,-0.0,40.5,50.02,49.3,238.7,False
2025-01-14T09:16:33.274711,2.0,77.0,40.9,36.2,50.03,38.8,240.3,False
2025-01-14T09:16:33.395889,0.0,87.7,-3.8,37.1,50.01,48.6,236.7,False
2025-01-14T09:16:33.515507,1.0,95.0,-38.8,43.1,50.01,69.5,238.6,False
2025-01-14T09:16:33.637579,2.0,77.0,40.9,36.2,50.02,58.7,240.3,False
2025-01-14T09:16:33.766902,0.0,162.6,-79.4,76.5,50.02,46.7,236.8,False
2025-01-14T09:16:33.896029,1.0,95.0,-38.8,43.1,50.03,38.3,238.7,False
2025-01-14T09:16:34.010517,2.0,77.0,40.9,36.2,50.02,29.2,240.3,False
2025-01-14T09:16:45.079334,1.0,95.0,-38.8,43.1,50.01,62.4,238.7,False
2025-01-14T09:16:45.220894,2.0,77.0,40.9,36.2,50.02,51.1,240.3,False
2025-01-14T09:16:45.361364,0.0,45.4,-66.6,34.1,50.01,45.3,236.8,False
2025-01-14T09:16:45.495735,1.0,95.0,-38.8,43.1,50.02,38.5,238.7,False
2025-01-14T09:16:45.646471,2.0,77.0,40.9,36.2,50.01,29.5,240.3,False
2025-01-14T09:16:56.977667,0.0,32.5,-56.7,27.5,50.01,45.8,236.7,False
2025-01-14T09:16:57.109713,1.0,9.8,-49.2,21.0,50.01,39.3,238.6,False
2025-01-14T09:16:57.238553,2.0,37.8,-52.9,27.0,50.01,29.0,240.2,False
2025-01-14T09:19:56.978314,0.0,32.5,-57.5,27.8,50.01,45.1,236.7,False
2025-01-14T09:19:57.166464,1.0,95.0,-38.8,43.1,50.0,38.1,238.7,False
2025-01-14T09:19:57.290462,2.0,77.0,40.9,36.2,50.01,29.1,240.3,False
2025-01-14T09:22:56.960084,0.0,3.0,0.8,1.4,50.02,45.8,236.6,False
2025-01-14T09:22:57.085615,1.0,3.0,-3.8,1.9,50.02,38.1,238.5,False
2025-01-14T09:22:57.218681,2.0,1.5,-3.0,1.7,50.03,28.0,240.0,False
2025-01-14T09:23:45.049170,1.0,94.3,-37.9,42.9,50.02,48.7,238.5,False
2025-01-14T09:23:45.178342,1.0,95.0,-38.8,43.1,50.02,48.7,238.5,False
2025-01-14T09:23:45.317861,2.0,39.6,82.5,37.9,50.02,37.1,240.1,False
2025-01-14T09:23:56.973223,0.0,31.8,-77.9,35.7,50.01,49.2,236.7,False
2025-01-14T09:24:08.975823,0.0,8.3,-82.4,35.3,50.01,46.9,236.6,False
2025-01-14T09:24:09.112977,1.0,95.0,-38.8,43.1,50.01,59.4,238.4,False
2025-01-14T09:24:09.242736,2.0,246.2,684.8,302.2,50.01,47.0,240.0,False
2025-01-14T09:24:09.380816,2.0,39.6,82.5,37.9,50.01,47.0,240.0,False
2025-01-14T09:24:09.513981,2.0,246.2,684.8,302.2,50.01,47.0,240.0,False
2025-01-14T09:24:21.005433,1.0,95.0,-38.8,43.1,50.03,48.7,238.6,False
2025-01-14T09:24:21.143269,2.0,77.0,40.9,36.2,50.02,38.4,240.2,False
2025-01-14T09:24:32.974843,0.0,43.9,-6.1,18.5,50.02,46.5,236.5,False
2025-01-14T09:24:33.115193,1.0,94.3,-37.9,42.9,50.02,39.2,238.4,False
2025-01-14T09:24:45.286939,0.0,95.3,-6.8,40.5,50.03,47.9,236.4,False
2025-01-14T09:24:46.221731,1.0,95.0,-38.8,43.1,50.01,63.8,238.3,False
2025-01-14T09:24:46.827490,2.0,77.0,40.9,36.2,50.03,52.8,239.8,False
2025-01-14T09:24:56.974759,0.0,59.0,-2.3,25.2,50.02,46.7,236.6,False
2025-01-14T09:24:57.099056,1.0,95.0,-38.8,43.1,50.02,49.8,238.5,False
2025-01-14T09:24:57.214170,2.0,77.0,40.9,36.2,50.02,39.1,240.0,False
2025-01-14T09:25:21.039901,0.0,35.5,-1.5,15.2,50.03,46.2,236.8,False
2025-01-14T09:25:21.187499,1.0,41.6,-1.5,17.5,50.02,39.3,238.7,False
2025-01-14T09:25:21.317283,2.0,40.8,4.5,17.2,50.03,29.9,240.2,False
2025-01-14T09:25:21.460151,0.0,88.5,-8.3,37.6,50.03,48.0,236.7,False
2025-01-14T09:25:21.601219,1.0,95.0,-38.8,43.1,50.03,64.1,238.7,False
2025-01-14T09:25:21.741493,2.0,77.0,40.9,36.2,50.03,52.6,240.2,False
2025-01-14T09:25:44.980332,0.0,71.1,-3.0,30.1,50.03,51.3,236.7,False
2025-01-14T09:25:45.131832,1.0,94.3,-37.9,42.9,50.03,79.3,238.7,False
2025-01-14T09:25:45.265177,2.0,42.7,84.8,39.6,50.02,68.3,240.2,False
2025-01-14T09:26:08.980216,0.0,90.8,-6.1,38.4,50.03,47.2,236.6,False
2025-01-14T09:26:09.119616,1.0,95.0,-38.8,43.1,50.03,59.7,238.6,False
2025-01-14T09:26:09.261003,2.0,77.0,40.9,36.2,50.02,48.1,240.1,False
2025-01-14T09:26:45.022297,1.0,94.3,-37.9,42.9,50.02,48.9,238.8,False
2025-01-14T09:26:45.150924,2.0,42.7,84.8,39.6,50.04,38.2,240.3,False
2025-01-14T09:27:08.982034,0.0,36.3,2.3,15.2,50.02,46.9,236.5,False
2025-01-14T09:27:09.122395,2.0,37.1,-2.3,15.4,50.02,29.9,240.1,False
2025-01-14T09:27:20.979037,0.0,92.3,-10.6,39.3,50.04,48.4,236.6,False
2025-01-14T09:27:21.120361,1.0,95.0,-38.8,43.1,50.03,66.3,238.6,False
2025-01-14T09:27:21.254611,2.0,77.0,40.9,36.2,50.04,53.6,240.1,False
2025-01-14T09:27:32.978934,0.0,43.9,3.8,18.6,50.05,49.1,236.6,False
2025-01-14T09:27:33.122068,1.0,94.3,-37.9,42.9,50.04,72.6,238.5,False
2025-01-14T09:27:33.260717,2.0,39.6,82.5,37.9,50.03,61.3,240.1,False
2025-01-14T09:27:44.982671,0.0,62.0,-70.3,39.7,50.03,48.1,236.6,False
2025-01-14T09:27:45.127409,1.0,95.0,-38.8,43.1,50.03,69.6,238.6,False
2025-01-14T09:27:45.275657,2.0,77.0,40.9,36.2,50.05,57.9,240.1,False
2025-01-14T09:27:56.982664,0.0,39.3,-66.6,32.5,50.03,46.0,236.9,False
2025-01-14T09:27:57.120778,1.0,94.3,-37.9,42.9,50.03,49.2,238.8,False
2025-01-14T09:27:57.257098,2.0,39.6,82.5,37.9,50.02,38.3,240.4,False
2025-01-14T09:28:09.012084,1.0,40.8,-1.5,17.1,50.03,38.8,238.8,False
2025-01-14T09:28:09.134821,0.0,91.5,-13.6,39.0,50.04,47.2,236.9,False
2025-01-14T09:28:09.259398,1.0,95.0,-38.8,43.1,50.04,63.5,238.9,False
2025-01-14T09:28:09.396054,2.0,77.0,40.9,36.2,50.03,50.9,240.5,False
2025-01-14T09:28:33.025484,0.0,53.7,-12.1,23.0,50.03,47.6,236.7,False
2025-01-14T09:28:33.165905,1.0,95.0,-38.8,43.1,50.04,52.2,238.7,False
2025-01-14T09:28:33.303720,2.0,77.0,40.9,36.2,50.05,39.7,240.2,False
2025-01-14T09:28:33.423723,0.0,122.5,-3.8,51.9,50.06,51.0,236.6,False
2025-01-14T09:28:33.543477,1.0,95.0,-38.8,43.1,50.05,77.0,238.5,False
2025-01-14T09:28:33.676165,2.0,77.0,40.9,36.2,50.05,66.9,240.2,False
2025-01-14T09:28:33.814065,0.0,36.3,-1.5,15.1,50.05,48.9,236.4,False
2025-01-14T09:28:33.951024,1.0,95.0,-38.8,43.1,50.05,69.6,238.3,False
2025-01-14T09:28:34.080032,2.0,77.0,40.9,36.2,50.03,58.8,239.9,False
2025-01-14T09:28:44.982173,0.0,82.4,-3.0,34.9,50.04,46.8,236.3,False
2025-01-14T09:28:45.115649,1.0,92.3,-2.3,38.7,50.05,50.7,238.2,False
2025-01-14T09:28:45.265886,2.0,96.1,2.3,40.1,50.03,38.7,239.8,False
2025-01-14T09:29:08.983973,0.0,42.4,1.5,18.1,50.03,46.2,236.6,False
2025-01-14T09:29:09.149825,1.0,40.1,-1.5,17.0,50.03,39.6,238.6,False
2025-01-14T09:29:09.299151,0.0,38.6,-2.3,16.4,50.04,47.1,236.5,False
2025-01-14T09:29:09.438051,1.0,95.0,-38.8,43.1,50.06,52.4,238.5,False
2025-01-14T09:29:32.982176,0.0,10.6,-71.8,30.8,50.04,47.6,236.6,False
2025-01-14T09:29:33.117431,1.0,95.0,-38.8,43.1,50.04,59.5,238.6,False
2025-01-14T09:29:33.254495,2.0,15.1,-59.7,25.7,50.04,46.7,240.1,False
2025-01-14T09:29:33.381589,0.0,7.6,-70.3,29.9,50.04,45.6,236.6,False
2025-01-14T09:29:33.511107,1.0,95.0,-38.8,43.1,50.04,48.9,238.6,False
2025-01-14T09:29:33.636724,2.0,77.0,40.9,36.2,50.03,37.9,240.1,False
2025-01-14T09:30:09.244261,0.0,64.3,-8.3,27.7,50.03,48.2,236.4,False
2025-01-14T09:30:10.520173,1.0,94.3,-37.9,42.9,50.02,67.1,238.3,False
2025-01-14T09:30:11.659687,2.0,39.6,82.5,37.9,50.03,52.2,239.8,False
2025-01-14T09:30:21.043826,0.0,66.6,-101.3,51.6,50.03,48.2,236.5,False
2025-01-14T09:30:21.230754,1.0,95.0,-38.8,43.1,50.02,65.2,238.4,False
2025-01-14T09:30:21.381980,2.0,77.0,40.9,36.2,50.02,52.9,240.0,False
2025-01-14T09:30:21.529764,0.0,32.5,-91.5,41.1,50.01,47.0,236.5,False
2025-01-14T09:30:21.677103,1.0,94.3,-37.9,42.9,50.0,40.2,238.4,False
2025-01-14T09:30:21.833365,2.0,77.0,40.9,36.2,50.02,29.5,240.0,False
2025-01-14T09:30:32.984528,0.0,73.4,-6.1,31.2,50.01,48.8,236.7,False
2025-01-14T09:30:33.129615,1.0,95.0,-38.8,43.1,50.01,72.7,238.6,False
2025-01-14T09:30:33.268840,2.0,45.7,97.5,44.7,50.02,59.3,240.2,False
2025-01-14T09:30:45.062020,0.0,87.7,-6.8,37.0,50.01,46.0,236.4,False
2025-01-14T09:30:45.267549,1.0,95.0,-38.8,43.1,50.0,52.6,238.4,False
2025-01-14T09:30:45.422779,2.0,77.0,40.9,36.2,50.0,37.9,239.9,False
2025-01-14T09:30:45.586072,0.0,95.3,-3.8,40.5,49.97,50.5,236.3,False
2025-01-14T09:30:45.751711,1.0,95.0,-38.8,43.1,50.0,74.7,238.3,False
2025-01-14T09:30:45.922850,2.0,77.0,40.9,36.2,49.99,60.0,239.8,False
2025-01-14T09:30:56.985741,0.0,40.8,-0.0,17.6,49.99,48.2,236.6,False
2025-01-14T09:30:57.134278,1.0,95.0,-38.8,43.1,49.99,66.4,238.5,False
2025-01-14T09:30:57.273133,2.0,77.0,40.9,36.2,49.98,51.2,240.0,False
2025-01-14T09:31:09.039336,0.0,53.7,-72.6,38.6,50.0,47.9,236.8,False
2025-01-14T09:31:09.176934,1.0,30.3,-55.2,26.6,49.98,64.4,238.7,False
2025-01-14T09:31:09.317372,2.0,45.7,97.5,44.7,50.0,49.6,240.2,False
2025-01-14T09:31:09.448266,0.0,1.5,-68.1,28.7,49.99,46.5,236.9,False
2025-01-14T09:31:09.597374,1.0,95.0,-38.8,43.1,49.99,52.2,238.8,False
2025-01-14T09:31:09.744758,2.0,77.0,40.9,36.2,49.99,39.2,240.3,False
2025-01-14T09:31:20.985989,0.0,125.5,-3.8,53.4,49.99,52.0,236.6,False
2025-01-14T09:31:21.142561,1.0,94.3,-37.9,42.9,50.01,80.0,238.6,False
2025-01-14T09:31:21.278890,2.0,68.4,143.7,66.3,49.99,67.4,240.0,False
2025-01-14T09:31:32.987905,0.0,81.7,-4.5,34.5,50.0,47.9,236.5,False
2025-01-14T09:31:33.131089,1.0,95.0,-38.8,43.1,50.0,59.3,238.4,False
2025-01-14T09:31:33.269746,2.0,77.0,40.9,36.2,49.99,47.4,239.9,False
2025-01-14T09:32:08.989136,0.0,43.1,-3.8,18.3,50.0,46.3,236.4,False
2025-01-14T09:32:09.137604,1.0,94.3,-37.9,42.9,50.0,49.0,238.3,False
2025-01-14T09:32:09.274959,2.0,39.6,82.5,37.9,49.99,38.2,239.8,False
2025-01-14T09:32:32.990103,0.0,54.5,-3.0,23.0,50.02,46.6,236.6,False
2025-01-14T09:32:33.156093,1.0,95.0,-38.8,43.1,50.03,61.4,238.6,False
2025-01-14T09:32:33.293961,2.0,77.0,40.9,36.2,50.02,49.0,240.0,False
2025-01-14T09:32:57.051098,0.0,93.8,-3.8,40.0,50.02,46.6,237.0,False
2025-01-14T09:32:57.204562,1.0,95.0,-38.8,43.1,50.02,38.7,239.0,False
2025-01-14T09:32:57.351110,2.0,77.0,40.9,36.2,50.02,29.1,240.4,False
2025-01-14T09:32:57.488437,0.0,127.8,-9.8,54.5,50.0,48.5,236.6,False
2025-01-14T09:32:57.637689,1.0,95.0,-38.8,43.1,50.01,72.6,238.7,False
2025-01-14T09:32:57.774999,2.0,77.0,40.9,36.2,50.02,61.1,240.1,False
2025-01-14T09:33:08.992646,0.0,65.8,-86.2,45.4,50.0,48.8,236.3,False
2025-01-14T09:33:09.121680,1.0,95.0,-38.8,43.1,50.0,72.2,238.4,False
2025-01-14T09:33:09.250754,2.0,77.0,40.9,36.2,50.03,59.0,239.8,False
2025-01-14T09:33:21.034957,1.0,66.6,71.8,41.0,50.03,50.2,238.5,False
2025-01-14T09:33:21.184903,0.0,96.8,-7.6,41.1,50.02,48.1,236.5,False
2025-01-14T09:33:21.325943,1.0,95.0,-38.8,43.1,50.03,70.7,238.5,False
2025-01-14T09:33:21.469819,2.0,77.0,40.9,36.2,50.01,58.8,240.0,False
2025-01-14T09:33:32.992332,0.0,36.3,-2.3,15.6,50.02,46.3,236.7,False
2025-01-14T09:33:33.138891,1.0,95.0,-38.8,43.1,50.03,61.3,238.7,False
2025-01-14T09:33:44.989262,0.0,94.5,-6.8,40.1,50.01,46.4,236.8,False
2025-01-14T09:33:45.133866,1.0,102.9,-4.5,43.2,50.02,38.7,238.8,False
2025-01-14T09:33:45.280058,2.0,77.0,40.9,36.2,50.02,29.3,240.3,False
2025-01-14T09:33:56.993279,0.0,38.6,-72.6,34.6,50.03,46.8,236.6,False
2025-01-14T09:33:57.124178,1.0,13.6,-60.5,25.8,50.02,39.4,238.6,False
2025-01-14T09:33:57.250987,2.0,68.4,143.7,66.3,50.03,29.3,240.2,False
2025-01-14T09:36:56.993095,0.0,51.4,-73.4,37.9,50.02,47.2,236.6,False
2025-01-14T09:36:57.142052,1.0,95.0,-38.8,43.1,50.02,38.2,238.6,False
2025-01-14T09:36:57.280061,2.0,77.0,40.9,36.2,50.02,27.4,240.1,False
2025-01-14T09:39:56.977985,0.0,13.6,3.0,6.0,50.03,46.0,236.9,False
2025-01-14T09:39:57.121781,1.0,3.0,-2.3,1.3,50.03,38.9,239.0,False
2025-01-14T09:39:57.242017,2.0,1.5,2.3,1.5,50.03,29.0,240.6,False
2025-01-14T09:42:56.976238,0.0,1.5,-2.3,1.2,50.02,46.0,237.0,False
2025-01-14T09:42:57.114132,1.0,2.3,0.8,1.0,50.02,37.3,239.0,False
2025-01-14T09:42:57.240979,2.0,6.1,-3.0,2.8,50.02,27.6,240.6,False
2025-01-14T09:45:56.991226,0.0,37.1,-69.6,33.1,49.99,46.0,236.8,False
2025-01-14T09:45:57.162614,1.0,95.0,-38.8,43.1,49.97,40.2,238.7,False
2025-01-14T09:45:57.281243,2.0,77.0,40.9,36.2,49.98,28.8,240.3,False
2025-01-14T09:48:56.995220,0.0,31.0,-59.0,28.3,50.01,45.8,236.7,False
2025-01-14T09:48:57.217312,1.0,95.0,-38.8,43.1,50.01,38.1,238.6,False
2025-01-14T09:48:57.389492,2.0,77.0,40.9,36.2,50.02,25.2,240.2,False
2025-01-14T09:51:56.993668,0.0,34.0,-61.3,29.6,50.03,46.0,236.7,False
2025-01-14T09:51:57.180282,1.0,95.0,-38.8,43.1,50.04,38.9,238.7,False
2025-01-14T09:51:57.319321,2.0,77.0,40.9,36.2,50.03,27.8,240.1,False
2025-01-14T09:54:56.985357,0.0,39.3,-68.8,33.3,50.03,45.9,236.8,False
2025-01-14T09:54:57.149843,1.0,95.0,-38.8,43.1,50.03,36.3,238.8,False
2025-01-14T09:54:57.245131,2.0,77.0,40.9,36.2,50.02,27.3,240.3,False
2025-01-14T09:55:32.988560,0.0,37.1,-5.3,15.5,50.02,45.1,237.2,False
2025-01-14T09:55:33.163231,1.0,94.3,-37.9,42.9,50.04,45.7,239.1,False
2025-01-14T09:55:33.302714,1.0,95.0,-38.8,43.1,50.04,45.7,239.1,False
2025-01-14T09:55:33.430304,2.0,39.6,82.5,37.9,50.02,34.4,240.6,False
2025-01-14T09:55:45.063859,1.0,94.3,-37.9,42.9,50.02,37.6,238.9,False
2025-01-14T09:55:45.208529,2.0,77.0,40.9,36.2,50.01,26.1,240.4,False
2025-01-14T09:58:44.977888,0.0,1.5,1.5,0.9,50.04,46.7,236.9,False
2025-01-14T09:58:45.173479,1.0,2.3,-1.5,1.0,50.02,38.2,238.7,False
2025-01-14T09:58:45.323026,2.0,2.3,0.0,0.9,50.03,26.9,240.3,False
2025-01-14T09:58:57.013077,2.0,246.2,684.8,302.2,50.01,13.8,240.0,False
2025-01-14T09:58:57.163190,2.0,246.2,684.8,302.2,50.01,26.3,240.6,False
2025-01-14T09:59:09.011694,2.0,77.0,40.9,36.2,50.02,43.3,239.7,False
2025-01-14T09:59:09.137999,0.0,38.6,0.8,15.9,50.01,45.9,236.2,False
2025-01-14T09:59:09.271202,2.0,77.0,40.9,36.2,50.0,28.2,239.6,False
2025-01-14T10:00:45.028143,0.0,37.1,-13.6,15.5,50.03,44.8,237.3,False
2025-01-14T10:00:45.233535,1.0,95.0,-38.8,43.1,50.03,47.3,239.2,False
2025-01-14T10:00:45.433623,2.0,246.2,684.8,302.2,50.04,18.8,240.2,False
2025-01-14T10:00:45.624684,0.0,33.3,-56.7,27.8,50.04,45.2,237.3,False
2025-01-14T10:00:45.844002,1.0,95.0,-38.8,43.1,50.04,48.0,239.2,False
2025-01-14T10:00:46.055540,2.0,246.2,684.8,302.2,50.03,18.2,240.3,False
2025-01-14T10:00:56.994249,0.0,69.6,-61.3,39.2,50.02,45.1,237.2,False
2025-01-14T10:00:57.157587,1.0,95.0,-38.8,43.1,50.02,57.7,239.2,False
2025-01-14T10:00:57.301483,2.0,77.0,40.9,36.2,50.01,22.5,240.1,False
2025-01-14T10:01:20.991961,0.0,37.8,-2.3,16.1,50.02,46.4,237.3,False
2025-01-14T10:01:21.136118,1.0,95.0,-38.8,43.1,50.01,49.7,239.2,False
2025-01-14T10:01:21.283051,2.0,77.0,40.9,36.2,50.02,18.3,240.2,False
2025-01-14T10:01:33.059044,1.0,44.6,-0.8,18.6,50.0,39.1,238.9,False
2025-01-14T10:01:33.208251,2.0,39.6,82.5,37.9,50.02,15.0,239.8,False
2025-01-14T10:01:44.996078,0.0,98.3,-10.6,42.1,49.99,47.5,236.6,False
2025-01-14T10:01:45.181885,1.0,95.0,-38.8,43.1,49.99,64.2,238.6,False
2025-01-14T10:01:45.341010,2.0,77.0,40.9,36.2,49.99,26.2,239.6,False
2025-01-14T10:01:57.032127,1.0,94.3,-37.9,42.9,49.98,72.3,238.3,False
2025-01-14T10:01:57.172033,2.0,39.6,82.5,37.9,49.98,31.1,239.2,False
2025-01-14T10:02:09.066137,0.0,60.5,-2.3,25.8,49.98,45.8,236.5,False
2025-01-14T10:02:09.237014,1.0,95.0,-38.8,43.1,49.98,59.0,238.4,False
2025-01-14T10:02:09.414357,2.0,77.0,40.9,36.2,49.98,24.9,239.4,False
2025-01-14T10:02:09.568377,1.0,94.3,-37.9,42.9,49.98,48.8,238.3,False
2025-01-14T10:02:09.736239,2.0,39.6,82.5,37.9,49.98,19.5,239.4,False
2025-01-14T10:02:21.059783,1.0,41.6,-3.0,17.6,50.0,39.8,238.6,False
2025-01-14T10:02:21.198958,2.0,40.8,6.8,17.6,50.0,15.3,239.5,False
2025-01-14T10:02:21.370210,0.0,90.8,-8.3,38.5,50.0,46.8,236.7,False
2025-01-14T10:02:21.527788,1.0,95.0,-38.8,43.1,50.0,62.7,238.6,False
2025-01-14T10:02:21.689672,2.0,77.0,40.9,36.2,50.0,25.7,239.6,False
2025-01-14T10:02:44.996845,0.0,132.4,-6.8,56.0,49.97,52.5,236.8,False
2025-01-14T10:02:45.145553,1.0,94.3,-37.9,42.9,49.97,85.9,238.7,False
2025-01-14T10:02:45.297654,2.0,80.1,177.4,81.0,49.98,38.4,239.7,False
2025-01-14T10:02:45.457422,0.0,59.0,-6.1,25.1,49.98,48.5,236.8,False
2025-01-14T10:02:45.620759,1.0,95.0,-38.8,43.1,49.99,75.5,238.7,False
2025-01-14T10:02:45.768469,2.0,77.0,40.9,36.2,49.98,32.6,239.7,False
2025-01-14T10:02:56.996302,0.0,94.5,-0.0,40.1,49.99,45.9,237.0,False
2025-01-14T10:02:57.139325,1.0,94.3,-37.9,42.9,49.98,58.9,238.8,False
2025-01-14T10:02:57.269136,2.0,80.1,177.4,81.0,49.98,24.2,239.9,False
2025-01-14T10:03:45.034609,1.0,41.6,-0.0,17.5,49.97,50.1,239.0,False
2025-01-14T10:03:45.198329,2.0,36.3,3.0,15.5,49.96,20.0,240.1,False
2025-01-14T10:03:56.998012,0.0,43.1,-10.6,18.3,49.95,47.3,236.6,False
2025-01-14T10:03:57.172467,1.0,43.9,-1.5,18.3,49.95,39.2,238.6,False
2025-01-14T10:03:57.323235,2.0,40.1,3.8,16.1,49.94,16.3,239.7,False
2025-01-14T10:04:20.995066,0.0,89.2,-2.3,38.1,49.95,47.0,236.2,False
2025-01-14T10:04:21.175456,1.0,95.0,-38.8,43.1,49.95,62.5,238.3,False
2025-01-14T10:04:21.328284,2.0,77.0,40.9,36.2,49.95,27.5,239.3,False
2025-01-14T10:04:33.061676,0.0,131.6,-12.1,55.6,49.96,53.8,236.5,False
2025-01-14T10:04:33.209675,1.0,94.3,-37.9,42.9,49.96,87.2,238.5,False
2025-01-14T10:04:33.347354,2.0,80.1,177.4,81.0,49.98,40.4,239.6,False
2025-01-14T10:04:33.485072,0.0,95.3,-9.1,40.6,49.96,47.6,236.6,False
2025-01-14T10:04:33.636977,1.0,95.0,-38.8,43.1,49.97,69.8,238.6,False
2025-01-14T10:04:33.790208,2.0,77.0,40.9,36.2,49.95,31.2,239.7,False
2025-01-14T10:04:44.998901,0.0,87.7,0.8,37.2,49.95,46.0,236.7,False
2025-01-14T10:04:45.194530,1.0,94.3,-37.9,42.9,49.95,49.0,238.7,False
2025-01-14T10:04:45.358112,2.0,80.1,177.4,81.0,49.95,20.6,239.8,False
2025-01-14T10:04:57.052299,0.0,97.6,-5.3,41.4,49.96,49.0,236.6,False
2025-01-14T10:04:57.204498,1.0,95.0,-38.8,43.1,49.97,70.9,238.6,False
2025-01-14T10:04:57.356991,2.0,77.0,40.9,36.2,49.95,31.5,239.6,False
2025-01-14T10:04:57.495868,0.0,36.3,-8.3,15.6,49.95,46.5,236.6,False
2025-01-14T10:04:57.645725,1.0,95.0,-38.8,43.1,49.95,38.9,238.5,False
2025-01-14T10:04:57.794883,2.0,77.0,40.9,36.2,49.95,16.7,239.7,False
2025-01-14T10:05:09.003292,0.0,91.5,-6.8,38.9,49.94,46.2,236.5,False
2025-01-14T10:05:09.193092,1.0,95.0,-38.8,43.1,49.95,62.5,238.5,False
2025-01-14T10:05:09.358455,2.0,77.0,40.9,36.2,49.94,27.6,239.6,False
2025-01-14T10:05:33.001479,0.0,68.8,-9.1,29.2,49.96,50.5,236.6,False
2025-01-14T10:05:33.157734,1.0,94.3,-37.9,42.9,49.97,78.2,238.6,False
2025-01-14T10:05:33.301467,2.0,42.7,84.8,39.6,49.96,34.3,239.6,False
2025-01-14T10:05:45.012238,0.0,41.6,-3.8,17.6,49.98,47.3,236.5,False
2025-01-14T10:05:45.220402,1.0,95.0,-38.8,43.1,49.98,69.9,238.5,False
2025-01-14T10:05:57.000467,0.0,117.2,-9.1,49.9,49.97,46.1,236.7,False
2025-01-14T10:05:57.158924,1.0,94.3,-37.9,42.9,49.97,39.0,238.7,False
2025-01-14T10:05:57.295734,2.0,77.0,40.9,36.2,49.98,29.6,240.3,False
2025-01-14T10:06:09.084453,1.0,95.0,-38.8,43.1,49.96,48.6,238.6,False
2025-01-14T10:06:09.224991,2.0,77.0,40.9,36.2,49.98,39.3,240.2,False
2025-01-14T10:06:33.002365,0.0,37.8,-4.5,16.1,49.98,45.2,236.6,False
2025-01-14T10:06:33.154437,1.0,94.3,-37.9,42.9,49.99,56.5,238.7,False
2025-01-14T10:06:33.297275,2.0,39.6,82.5,37.9,49.98,46.6,240.2,False
2025-01-14T10:06:33.439540,1.0,95.0,-38.8,43.1,49.99,48.4,238.5,False
2025-01-14T10:06:57.006483,0.0,35.5,-3.0,15.2,49.98,45.9,236.6,False
2025-01-14T10:06:57.153323,1.0,94.3,-37.9,42.9,49.97,38.3,238.6,False
2025-01-14T10:06:57.302432,2.0,77.0,40.9,36.2,49.98,29.9,240.2,False
2025-01-14T10:07:09.005129,0.0,93.8,-5.3,39.7,49.99,45.5,236.6,False
2025-01-14T10:07:09.140866,1.0,95.0,-38.8,43.1,49.99,60.8,238.6,False
2025-01-14T10:07:09.275467,2.0,77.0,40.9,36.2,49.99,50.1,240.2,False
2025-01-14T10:07:21.007051,0.0,93.0,-5.3,39.4,49.99,44.7,236.6,False
2025-01-14T10:07:21.148839,1.0,95.0,-38.8,43.1,49.98,37.8,238.6,False
2025-01-14T10:07:21.321418,2.0,77.0,40.9,36.2,49.99,29.2,240.2,False
2025-01-14T10:07:33.005628,0.0,61.3,-3.8,25.8,50.0,45.5,236.8,False
2025-01-14T10:07:33.148503,1.0,95.0,-38.8,43.1,50.0,55.2,238.8,False
2025-01-14T10:07:33.289529,2.0,77.0,40.9,36.2,49.99,46.5,240.4,False
2025-01-14T10:07:45.010776,0.0,154.3,-7.6,65.5,50.0,50.9,236.6,False
2025-01-14T10:07:45.169818,1.0,94.3,-37.9,42.9,50.0,82.7,238.6,False
2025-01-14T10:07:45.331304,2.0,45.7,97.5,44.7,50.0,73.1,240.2,False
2025-01-14T10:07:57.005892,0.0,52.2,-28.7,25.2,50.01,44.5,236.8,False
2025-01-14T10:07:57.134410,1.0,95.0,-38.8,43.1,50.01,59.6,238.7,False
2025-01-14T10:07:57.248972,2.0,77.0,40.9,36.2,50.0,48.3,240.3,False
2025-01-14T10:08:09.006145,0.0,41.6,21.9,19.9,49.98,45.0,236.4,False
2025-01-14T10:08:09.139935,1.0,94.3,-37.9,42.9,49.98,47.0,238.4,False
2025-01-14T10:08:09.301266,2.0,39.6,82.5,37.9,49.98,37.4,239.9,False
2025-01-14T10:08:09.449427,0.0,126.3,-6.8,53.7,49.97,49.0,236.3,False
2025-01-14T10:08:09.596397,1.0,95.0,-38.8,43.1,49.98,75.9,238.3,False
2025-01-14T10:08:09.738157,2.0,77.0,40.9,36.2,49.98,64.5,239.8,False
2025-01-14T10:08:33.006667,0.0,79.4,1.5,33.7,49.99,46.5,236.4,False
2025-01-14T10:08:33.161161,1.0,95.0,-38.8,43.1,50.0,58.6,238.4,False
2025-01-14T10:08:33.289483,2.0,77.0,40.9,36.2,50.0,46.3,239.9,False
2025-01-14T10:08:57.006420,0.0,27.2,-30.3,17.6,50.0,45.3,236.7,False
2025-01-14T10:09:09.012118,0.0,68.1,-60.5,38.5,49.99,44.1,236.7,False
2025-01-14T10:09:09.159715,1.0,53.7,-47.6,30.1,50.0,47.4,238.6,False
2025-01-14T10:09:09.307412,2.0,45.7,97.5,44.7,50.01,36.2,240.2,False
2025-01-14T10:09:33.072043,0.0,15.9,-82.4,35.2,50.01,45.3,236.9,False
2025-01-14T10:09:33.271895,1.0,95.0,-38.8,43.1,50.01,37.2,238.8,False
2025-01-14T10:09:33.416458,2.0,77.0,40.9,36.2,50.01,27.4,240.3,False
2025-01-14T10:09:33.560763,0.0,100.6,-10.6,42.9,50.02,45.7,236.7,False
2025-01-14T10:09:33.701864,1.0,94.3,-37.9,42.9,50.01,62.5,238.6,False
2025-01-14T10:09:33.826828,2.0,57.4,120.5,55.5,50.01,50.8,240.1,False
2025-01-14T10:09:57.007028,0.0,99.1,-12.9,41.9,50.01,45.0,236.2,False
2025-01-14T10:09:57.141639,1.0,95.0,-38.8,43.1,50.0,37.4,238.1,False
2025-01-14T10:09:57.270370,2.0,77.0,40.9,36.2,50.01,27.6,239.7,False
2025-01-14T10:09:57.374090,0.0,126.3,-3.8,53.4,50.0,45.5,236.3,False
2025-01-14T10:09:57.478451,1.0,95.0,-38.8,43.1,50.0,64.8,238.2,False
2025-01-14T10:09:57.599804,2.0,77.0,40.9,36.2,50.0,54.5,239.8,False
2025-01-14T10:10:21.011613,0.0,104.4,-3.8,44.6,50.03,51.4,236.0,False
2025-01-14T10:10:21.159084,1.0,52.1,82.9,41.3,50.02,82.5,238.0,False
2025-01-14T10:10:21.299088,2.0,68.4,143.7,66.3,50.02,70.4,239.5,False
2025-01-14T10:10:33.014050,0.0,135.4,0.8,57.6,50.02,44.9,236.3,False
2025-01-14T10:10:33.146339,1.0,95.0,-38.8,43.1,50.02,60.4,238.2,False
2025-01-14T10:10:33.269686,2.0,77.0,40.9,36.2,50.02,47.6,239.7,False
2025-01-14T10:10:45.038364,2.0,246.2,684.8,302.2,50.0,25.7,239.3,False
2025-01-14T10:10:45.180465,0.0,56.0,-6.1,23.8,50.01,44.3,236.4,False
2025-01-14T10:10:45.321111,1.0,94.3,-37.9,42.9,50.01,48.3,238.2,False
2025-01-14T10:10:45.450586,2.0,42.7,84.8,39.6,50.0,19.2,239.3,False
2025-01-14T10:10:57.062069,0.0,35.5,-3.0,15.2,50.0,45.0,236.5,False
2025-01-14T10:10:57.198832,1.0,52.1,82.9,41.3,50.0,38.8,238.4,False
2025-01-14T10:10:57.325493,2.0,57.4,120.5,55.5,50.0,15.4,239.4,False
2025-01-14T10:10:57.464626,0.0,124.8,-1.5,53.0,50.01,44.3,236.3,False
2025-01-14T10:10:57.606394,1.0,95.0,-38.8,43.1,50.01,65.2,238.2,False
2025-01-14T10:10:57.765806,2.0,77.0,40.9,36.2,50.01,28.0,239.3,False
2025-01-14T10:11:21.059889,1.0,94.3,-37.9,42.9,50.01,76.8,238.2,False
2025-01-14T10:11:21.198368,2.0,39.6,82.5,37.9,50.0,33.8,239.3,False
2025-01-14T10:11:33.011265,0.0,121.0,-8.3,51.3,50.0,44.6,236.3,False
2025-01-14T10:11:33.158377,1.0,95.0,-38.8,43.1,50.0,49.1,238.2,False
2025-01-14T10:11:33.286092,2.0,77.0,40.9,36.2,50.0,19.7,239.2,False
2025-01-14T10:11:45.014848,0.0,28.0,-42.4,21.5,50.0,44.7,236.3,False
2025-01-14T10:11:45.150729,2.0,68.4,143.7,66.3,49.99,20.1,239.2,False
2025-01-14T10:11:57.066925,0.0,7.6,-35.5,15.6,50.0,45.7,236.1,False
2025-01-14T10:11:57.192367,1.0,94.3,-37.9,42.9,50.0,38.7,237.9,False
2025-01-14T10:11:57.340658,2.0,77.0,40.9,36.2,49.99,15.1,239.0,False
2025-01-14T10:11:57.478857,0.0,13.6,-40.8,18.2,50.0,46.8,236.1,False
2025-01-14T10:11:57.618296,2.0,77.0,40.9,36.2,50.0,15.2,239.0,False
2025-01-14T10:11:57.757626,0.0,45.4,-42.4,26.5,50.0,45.1,235.9,False
2025-01-14T10:11:57.880274,1.0,95.0,-38.8,43.1,50.0,48.2,237.8,False
2025-01-14T10:11:57.993670,2.0,77.0,40.9,36.2,49.99,20.5,238.9,False
2025-01-14T10:12:21.013838,0.0,95.3,-9.8,40.2,49.99,47.3,236.3,False
2025-01-14T10:12:21.141268,1.0,94.3,-37.9,42.9,49.99,70.2,238.3,False
2025-01-14T10:12:21.253253,2.0,68.4,143.7,66.3,50.0,30.8,239.3,False
2025-01-14T10:12:33.046655,1.0,95.0,-38.8,43.1,50.0,62.5,238.2,False
2025-01-14T10:12:45.017338,0.0,94.5,-4.5,40.0,50.01,45.7,236.2,False
2025-01-14T10:12:45.143045,1.0,94.3,-37.9,42.9,50.01,38.6,238.1,False
2025-01-14T10:12:45.268347,2.0,77.0,40.9,36.2,50.01,16.0,239.2,False
2025-01-14T10:12:57.016179,0.0,122.5,-9.8,51.9,50.0,47.3,236.4,False
2025-01-14T10:12:57.138415,1.0,95.0,-38.8,43.1,50.0,69.6,238.3,False
2025-01-14T10:12:57.263447,2.0,77.0,40.9,36.2,50.0,30.5,239.4,False
2025-01-14T10:13:09.017571,0.0,102.9,-6.8,43.6,50.0,52.5,236.4,False
2025-01-14T10:13:09.161736,1.0,94.3,-37.9,42.9,50.0,87.0,238.3,False
2025-01-14T10:13:09.294185,2.0,57.4,120.5,55.5,50.01,39.7,239.4,False
2025-01-14T10:13:21.017025,0.0,58.2,-3.8,24.7,50.02,45.4,236.6,False
2025-01-14T10:13:21.143560,1.0,95.0,-38.8,43.1,50.02,47.2,238.4,False
2025-01-14T10:13:21.256355,2.0,77.0,40.9,36.2,50.02,19.1,239.5,False
2025-01-14T10:13:33.017066,0.0,56.0,-97.6,47.7,50.03,44.9,236.7,False
2025-01-14T10:13:33.135416,1.0,94.3,-37.9,42.9,50.02,48.1,238.6,False
2025-01-14T10:13:33.262340,2.0,39.6,82.5,37.9,50.02,18.8,239.7,False
2025-01-14T10:13:33.377718,0.0,59.7,-99.8,49.4,50.02,45.4,236.6,False
2025-01-14T10:13:33.508192,1.0,95.0,-38.8,43.1,50.02,47.4,238.5,False
2025-01-14T10:13:33.634393,2.0,77.0,40.9,36.2,50.03,19.2,239.6,False
2025-01-14T10:13:45.018063,0.0,120.3,-4.5,51.0,50.03,47.8,236.5,False
2025-01-14T10:13:45.135751,1.0,94.3,-37.9,42.9,50.02,73.7,238.4,False
2025-01-14T10:13:45.258166,2.0,69.7,149.5,68.6,50.02,33.0,239.5,False
2025-01-14T10:13:57.016777,0.0,87.0,-6.1,36.9,50.02,44.2,236.5,False
2025-01-14T10:13:57.178729,1.0,95.0,-38.8,43.1,50.02,55.4,238.5,False
2025-01-14T10:13:57.298271,2.0,77.0,40.9,36.2,50.03,23.2,239.6,False
2025-01-14T10:14:21.074521,1.0,94.3,-37.9,42.9,50.03,47.8,238.2,False
2025-01-14T10:14:21.193734,2.0,57.4,120.5,55.5,50.02,18.9,239.3,False
2025-01-14T10:14:57.019003,0.0,93.0,-3.8,39.4,50.03,46.1,236.3,False
2025-01-14T10:14:57.158108,1.0,95.0,-38.8,43.1,50.03,68.2,238.2,False
2025-01-14T10:14:57.287240,2.0,77.0,40.9,36.2,50.03,29.3,239.3,False
2025-01-14T10:14:57.416179,0.0,53.7,-32.5,26.9,50.03,44.4,236.6,False
2025-01-14T10:14:57.539771,1.0,95.0,-38.8,43.1,50.03,59.2,238.5,False
2025-01-14T10:14:57.661778,2.0,77.0,40.9,36.2,50.04,25.0,239.5,False
2025-01-14T10:15:21.070479,0.0,74.9,25.0,33.4,50.05,45.8,236.6,False
2025-01-14T10:15:21.195729,1.0,93.8,18.2,40.1,50.05,37.4,238.6,False
2025-01-14T10:15:21.322491,2.0,68.4,143.7,66.3,50.05,14.5,239.7,False
2025-01-14T10:15:21.449255,0.0,23.4,-41.6,20.2,50.04,44.8,236.6,False
2025-01-14T10:15:21.581003,2.0,69.7,149.5,68.6,50.04,14.6,239.6,False
2025-01-14T10:15:33.023660,0.0,146.0,-52.9,65.6,50.05,45.1,236.7,False
2025-01-14T10:15:33.180056,1.0,95.0,-38.8,43.1,50.04,66.2,238.6,False
2025-01-14T10:15:33.332790,2.0,77.0,40.9,36.2,50.04,28.3,239.7,False
2025-01-14T10:15:33.474387,0.0,85.5,-4.5,36.1,50.05,44.7,236.6,False
2025-01-14T10:15:33.615099,1.0,95.0,-38.8,43.1,50.04,47.1,238.5,False
2025-01-14T10:15:33.754864,2.0,77.0,40.9,36.2,50.05,18.6,239.5,False
2025-01-14T10:15:45.033933,0.0,98.3,0.0,41.8,50.04,45.3,236.3,False
2025-01-14T10:15:45.176405,1.0,95.0,-38.8,43.1,50.04,65.5,238.3,False
2025-01-14T10:15:45.327559,2.0,246.2,684.8,302.2,50.03,53.9,239.8,False
2025-01-14T10:15:57.022008,0.0,46.1,-1.5,19.5,50.02,44.7,236.2,False
2025-01-14T10:15:57.209588,1.0,95.0,-38.8,43.1,50.03,60.4,238.1,False
2025-01-14T10:15:57.330822,2.0,37.1,1.5,15.4,50.01,48.2,239.7,False
2025-01-14T10:16:09.038270,0.0,45.4,-0.0,19.3,50.02,46.0,236.2,False
2025-01-14T10:16:09.200900,1.0,58.2,-1.5,24.5,50.01,47.2,238.2,False
2025-01-14T10:16:09.371459,2.0,64.3,1.5,26.9,50.02,35.2,239.8,False
2025-01-14T10:16:21.035897,0.0,46.1,-9.1,19.8,50.02,45.6,236.1,False
2025-01-14T10:16:21.199232,1.0,44.6,-3.8,18.7,50.02,37.8,238.0,False
2025-01-14T10:16:21.350042,2.0,39.3,3.0,16.4,50.01,27.5,239.5,False
2025-01-14T10:16:33.028217,0.0,122.5,-4.5,52.0,50.01,45.9,236.1,False
2025-01-14T10:16:33.186422,1.0,95.0,-38.8,43.1,50.01,65.4,238.0,False
2025-01-14T10:16:33.326308,2.0,77.0,40.9,36.2,50.02,54.3,239.6,False
2025-01-14T10:16:45.026015,0.0,41.6,-4.5,17.6,50.01,46.9,236.2,False
2025-01-14T10:16:45.151403,1.0,38.7,62.5,31.0,50.02,71.4,238.2,False
2025-01-14T10:16:45.273511,2.0,45.7,97.5,44.7,50.01,59.7,239.7,False
2025-01-14T10:16:57.026946,0.0,129.3,-3.8,55.2,50.02,44.8,236.6,False
2025-01-14T10:16:57.166900,1.0,95.0,-38.8,43.1,50.03,46.4,238.5,False
2025-01-14T10:16:57.266050,2.0,77.0,40.9,36.2,50.03,34.8,240.2,False
2025-01-14T10:17:09.027823,0.0,22.7,-44.6,20.6,50.02,43.9,236.2,False
2025-01-14T10:17:09.186712,1.0,38.7,62.5,31.0,50.01,46.5,238.2,False
2025-01-14T10:17:09.335302,2.0,45.7,97.5,44.7,50.02,35.5,239.8,False
2025-01-14T10:17:21.027032,0.0,12.1,-37.1,16.9,50.03,45.3,235.8,False
2025-01-14T10:17:21.177340,1.0,95.0,-38.8,43.1,50.03,37.0,237.8,False
2025-01-14T10:17:21.312693,2.0,77.0,40.9,36.2,50.02,27.3,239.4,False
2025-01-14T10:17:45.028099,0.0,140.7,-13.6,59.5,50.02,45.2,236.3,False
2025-01-14T10:17:45.149439,1.0,94.3,-37.9,42.9,50.02,66.0,238.2,False
2025-01-14T10:17:45.273373,2.0,68.4,143.7,66.3,50.03,53.8,239.8,False
2025-01-14T10:18:09.086054,0.0,93.0,-3.8,39.5,50.02,44.4,236.4,False
2025-01-14T10:18:09.234229,1.0,95.0,-38.8,43.1,50.02,35.9,238.3,False
2025-01-14T10:18:09.373241,2.0,77.0,40.9,36.2,50.03,25.4,239.8,False
2025-01-14T10:18:09.523062,0.0,40.8,-72.6,35.4,50.03,44.8,236.5,False
2025-01-14T10:18:09.691552,1.0,94.3,-37.9,42.9,50.02,35.4,238.4,False
2025-01-14T10:18:09.857572,2.0,68.4,143.7,66.3,50.03,25.5,240.0,False
2025-01-14T10:18:33.029461,0.0,83.9,59.7,43.6,50.03,49.3,236.4,False
2025-01-14T10:18:33.164143,1.0,52.1,82.9,41.3,50.03,79.3,238.3,False
2025-01-14T10:18:33.297033,2.0,77.0,40.9,36.2,50.03,69.1,239.8,False
2025-01-14T10:18:45.110552,0.0,1.5,-74.1,31.4,50.03,45.7,236.3,False
2025-01-14T10:18:45.231554,1.0,95.0,-38.8,43.1,50.03,69.2,238.3,False
2025-01-14T10:18:45.358803,2.0,246.2,684.8,302.2,50.03,58.1,239.8,False
2025-01-14T10:18:45.486637,2.0,246.2,684.8,302.2,50.03,58.1,239.8,False
2025-01-14T10:18:45.633871,2.0,77.0,40.9,36.2,50.03,58.1,239.8,False
2025-01-14T10:18:45.774299,0.0,44.6,-14.4,19.9,50.04,43.8,236.5,False
2025-01-14T10:18:45.924462,1.0,95.0,-38.8,43.1,50.03,44.4,238.4,False
2025-01-14T10:18:46.082591,2.0,43.1,-11.3,18.6,50.04,32.4,239.9,False
2025-01-14T10:19:09.028341,0.0,136.1,-18.2,58.1,50.04,46.0,236.5,False
2025-01-14T10:19:09.180787,1.0,95.0,-38.8,43.1,50.04,69.5,238.4,False
2025-01-14T10:19:09.337399,2.0,77.0,40.9,36.2,50.04,57.5,240.0,False
2025-01-14T10:19:33.040886,0.0,90.8,-1.5,38.2,50.05,44.2,236.3,False
2025-01-14T10:19:33.220381,1.0,95.0,-38.8,43.1,50.04,54.5,238.2,False
2025-01-14T10:19:33.323207,2.0,77.0,40.9,36.2,50.05,42.8,239.7,False
2025-01-14T10:19:45.063223,1.0,52.1,82.9,41.3,50.02,47.7,238.5,False
2025-01-14T10:19:45.182438,2.0,39.3,1.5,16.5,50.03,35.7,240.0,False
2025-01-14T10:20:21.029167,0.0,90.8,3.8,38.7,50.01,46.3,236.2,False
2025-01-14T10:20:21.199198,1.0,95.0,-38.8,43.1,50.02,66.3,238.1,False
2025-01-14T10:20:21.334300,2.0,77.0,40.9,36.2,50.02,56.2,239.7,False
2025-01-14T10:20:33.074414,0.0,119.5,-46.9,54.4,50.01,45.5,236.5,False
2025-01-14T10:20:33.211398,1.0,95.0,-38.8,43.1,50.01,36.0,238.4,False
2025-01-14T10:20:33.342604,2.0,77.0,40.9,36.2,50.01,27.4,240.0,False
2025-01-14T10:20:33.477700,0.0,23.4,-40.8,20.1,50.0,45.9,236.4,False
2025-01-14T10:20:33.606026,2.0,77.0,40.9,36.2,50.01,26.9,239.9,False
2025-01-14T10:20:45.067134,2.0,246.2,684.8,302.2,50.0,14.8,239.6,False
2025-01-14T10:20:57.034382,0.0,34.8,-68.8,32.8,49.99,45.9,236.8,False
2025-01-14T10:20:57.223667,1.0,14.4,-56.7,24.7,50.0,37.7,238.7,False
2025-01-14T10:20:57.340045,2.0,77.0,40.9,36.2,49.99,15.1,239.7,False
2025-01-14T10:21:09.043099,0.0,94.5,-6.8,40.2,50.01,51.2,236.6,False
2025-01-14T10:21:09.188090,1.0,95.0,-38.8,43.1,50.01,83.2,238.6,False
2025-01-14T10:21:09.340110,2.0,77.0,40.9,36.2,50.01,38.0,239.5,False
2025-01-14T10:21:33.032784,0.0,125.5,-6.1,53.3,50.02,45.3,236.7,False
2025-01-14T10:21:33.167276,1.0,95.0,-38.8,43.1,50.0,47.7,238.6,False
2025-01-14T10:21:33.291163,2.0,77.0,40.9,36.2,50.01,18.9,239.5,False
2025-01-14T10:21:33.423690,1.0,41.6,-0.8,17.4,50.03,37.9,238.6,False
2025-01-14T10:21:57.059881,1.0,95.0,-38.8,43.1,50.01,66.9,238.3,False
2025-01-14T10:22:09.032520,0.0,40.8,-0.8,16.9,50.03,48.4,236.8,False
2025-01-14T10:22:09.153656,2.0,77.0,40.9,36.2,50.03,32.1,239.6,False
2025-01-14T10:22:33.086405,0.0,120.3,-5.3,50.7,50.03,45.8,236.5,False
2025-01-14T10:22:33.202971,1.0,95.0,-38.8,43.1,50.02,46.8,238.5,False
2025-01-14T10:22:33.331810,2.0,77.0,40.9,36.2,50.04,18.5,239.5,False
2025-01-14T10:22:33.458045,0.0,40.1,-5.3,16.9,50.03,46.6,236.3,False
2025-01-14T10:22:33.586674,1.0,42.4,-2.3,17.7,50.04,36.9,238.2,False
2025-01-14T10:22:33.713455,2.0,246.2,684.8,302.2,50.04,14.6,239.3,False
2025-01-14T10:23:09.034953,0.0,96.8,-7.6,41.0,50.03,46.5,236.7,False
2025-01-14T10:23:09.160804,1.0,95.0,-38.8,43.1,50.03,67.0,238.7,False
2025-01-14T10:23:09.295607,2.0,77.0,40.9,36.2,50.03,28.8,239.7,False
2025-01-14T10:23:21.036812,0.0,94.5,-3.0,40.1,50.03,45.0,236.9,False
2025-01-14T10:23:21.171384,1.0,95.0,-38.8,43.1,50.03,47.0,238.8,False
2025-01-14T10:23:21.291527,2.0,77.0,40.9,36.2,50.03,17.9,239.8,False
2025-01-14T10:23:33.081036,0.0,77.9,-79.4,46.8,50.03,46.5,236.7,False
2025-01-14T10:23:33.196048,1.0,55.2,-58.2,33.5,50.03,36.9,238.6,False
2025-01-14T10:23:33.340284,2.0,133.1,-60.5,60.7,50.03,14.5,239.7,False
2025-01-14T10:23:33.478853,0.0,40.1,-68.8,33.8,50.03,46.9,236.6,False
2025-01-14T10:23:33.609843,1.0,95.0,-38.8,43.1,50.03,35.9,238.5,False
2025-01-14T10:23:33.748658,2.0,77.0,40.9,36.2,50.03,14.4,239.6,False
2025-01-14T10:23:45.036373,0.0,91.5,-7.6,38.9,50.03,45.5,236.5,False
2025-01-14T10:23:45.182679,1.0,94.3,-37.9,42.9,50.02,59.8,238.5,False
2025-01-14T10:23:45.329438,2.0,68.4,143.7,66.3,50.03,25.7,239.5,False
2025-01-14T10:23:57.038037,0.0,132.4,-5.3,56.2,50.03,53.0,236.3,False
2025-01-14T10:23:57.179129,1.0,52.1,82.9,41.3,50.03,84.7,238.2,False
2025-01-14T10:23:57.322480,2.0,69.7,149.5,68.6,50.03,39.1,239.3,False
2025-01-14T10:24:09.094843,0.0,59.7,-3.0,25.3,50.04,49.3,236.3,False
2025-01-14T10:24:09.217101,1.0,95.0,-38.8,43.1,50.04,75.3,238.2,False
2025-01-14T10:24:09.382478,2.0,77.0,40.9,36.2,50.03,33.6,239.3,False
2025-01-14T10:24:09.537209,0.0,158.1,-104.4,80.5,50.03,45.5,236.5,False
2025-01-14T10:24:09.683859,1.0,94.3,-37.9,42.9,50.04,55.3,238.4,False
2025-01-14T10:24:09.818017,2.0,69.7,149.5,68.6,50.04,23.4,239.5,False
2025-01-14T10:24:21.047240,0.0,28.7,-99.8,43.8,50.03,46.5,236.6,False
2025-01-14T10:24:21.198772,1.0,95.0,-38.8,43.1,50.02,46.6,238.5,False
2025-01-14T10:24:21.352014,2.0,77.0,40.9,36.2,50.03,19.2,239.6,False
2025-01-14T10:24:21.491741,0.0,59.7,-100.6,49.5,50.04,45.9,236.6,False
2025-01-14T10:24:21.615806,1.0,95.0,-38.8,43.1,50.03,47.1,238.6,False
2025-01-14T10:24:21.746664,2.0,77.0,40.9,36.2,50.03,19.2,239.7,False
2025-01-14T10:24:45.106874,0.0,189.8,-99.1,91.3,50.04,49.4,236.2,False
2025-01-14T10:24:45.248445,1.0,95.0,-38.8,43.1,50.04,72.5,238.1,False
2025-01-14T10:24:45.380860,2.0,77.0,40.9,36.2,50.04,33.3,239.2,False
2025-01-14T10:24:45.516817,0.0,36.3,-42.4,23.8,50.03,49.0,236.3,False
2025-01-14T10:24:45.659829,1.0,95.0,-38.8,43.1,50.03,72.5,238.2,False
2025-01-14T10:24:45.799559,2.0,77.0,40.9,36.2,50.03,33.5,239.3,False
2025-01-14T10:24:57.038821,0.0,54.5,42.4,29.2,50.02,44.9,236.5,False
2025-01-14T10:24:57.149130,1.0,52.1,82.9,41.3,50.03,54.1,238.4,False
2025-01-14T10:24:57.250372,2.0,68.4,143.7,66.3,50.03,23.2,239.4,False
2025-01-14T10:25:09.041986,0.0,38.6,-2.3,16.5,50.03,44.1,236.6,False
2025-01-14T10:25:09.171259,1.0,38.6,2.3,16.3,50.03,44.1,238.6,False
2025-01-14T10:25:21.041735,0.0,43.1,-73.4,35.9,50.04,44.8,236.6,False
2025-01-14T10:25:21.172592,1.0,17.4,-59.0,25.7,50.03,44.4,238.5,False
2025-01-14T10:25:21.281308,2.0,99.8,-62.0,49.0,50.04,19.4,239.6,False
2025-01-14T10:25:33.042699,0.0,147.5,-80.9,71.0,50.03,47.4,236.7,False
2025-01-14T10:25:33.159984,1.0,95.0,-38.8,43.1,50.04,67.1,238.7,False
2025-01-14T10:25:33.272524,2.0,77.0,40.9,36.2,50.03,30.2,239.8,False
2025-01-14T10:25:45.062498,2.0,77.0,40.9,36.2,50.03,57.9,240.3,False
2025-01-14T10:25:45.202364,0.0,73.4,-99.8,52.4,50.02,46.7,236.6,False
2025-01-14T10:25:45.316387,1.0,95.0,-38.8,43.1,50.02,65.6,238.7,False
2025-01-14T10:25:45.422521,2.0,43.1,-83.2,39.1,50.03,57.4,240.4,False
2025-01-14T10:25:57.044196,0.0,24.2,-95.3,41.6,50.01,44.6,236.5,False
2025-01-14T10:25:57.156768,2.0,77.0,40.9,36.2,50.01,35.5,240.3,False
2025-01-14T10:25:57.272710,1.0,38.6,-3.8,16.2,50.02,35.1,238.5,False
2025-01-14T10:25:57.389705,2.0,77.0,40.9,36.2,50.02,26.9,240.2,False
2025-01-14T10:26:21.044309,0.0,90.8,-6.1,38.7,50.03,45.6,236.3,False
2025-01-14T10:26:21.195031,1.0,95.0,-38.8,43.1,50.04,58.6,238.3,False
2025-01-14T10:26:21.324457,2.0,77.0,40.9,36.2,50.04,49.6,240.0,False
2025-01-14T10:26:33.046176,0.0,130.1,-2.3,55.3,50.04,52.5,236.1,False
2025-01-14T10:26:33.166864,1.0,94.3,-37.9,42.9,50.04,83.8,238.1,False
2025-01-14T10:26:33.287144,2.0,68.4,143.7,66.3,50.04,75.6,239.8,False
2025-01-14T10:26:45.044048,0.0,116.5,-0.8,49.7,50.03,46.9,236.4,False
2025-01-14T10:26:45.169202,1.0,95.0,-38.8,43.1,50.03,55.8,238.5,False
2025-01-14T10:26:45.281489,2.0,77.0,40.9,36.2,50.03,46.2,240.2,False
2025-01-14T10:26:57.045589,0.0,36.3,-3.0,15.3,50.03,45.9,236.3,False
2025-01-14T10:26:57.157354,2.0,68.4,143.7,66.3,50.03,38.1,240.0,False
2025-01-14T10:26:57.258328,1.0,94.3,-37.9,42.9,50.03,37.6,238.2,False
2025-01-14T10:26:57.348804,2.0,40.8,3.0,17.1,50.03,28.7,239.9,False
2025-01-14T10:27:21.045194,0.0,20.4,-37.1,18.0,50.03,47.0,236.3,False
2025-01-14T10:27:21.157168,1.0,31.8,-32.5,19.1,50.03,47.5,238.3,False
2025-01-14T10:27:21.270380,2.0,28.0,-37.8,19.7,50.03,36.8,240.0,False
2025-01-14T10:27:33.046558,0.0,140.7,-44.6,62.7,50.04,50.4,236.1,False
2025-01-14T10:27:33.160404,1.0,95.0,-38.8,43.1,50.04,76.9,238.1,False
2025-01-14T10:27:33.260410,2.0,77.0,40.9,36.2,50.03,68.2,239.8,False
2025-01-14T10:27:57.043208,0.0,123.3,-3.8,52.0,50.03,46.2,236.7,False
2025-01-14T10:27:57.168501,1.0,95.0,-38.8,43.1,50.03,37.6,238.8,False
2025-01-14T10:27:57.270768,2.0,77.0,40.9,36.2,50.03,28.0,240.3,False
2025-01-14T10:28:21.094609,0.0,22.7,-57.5,25.8,50.04,47.9,236.5,False
2025-01-14T10:28:21.213251,1.0,10.6,-49.2,20.7,50.05,38.7,238.5,False
2025-01-14T10:28:21.310258,2.0,12.1,-50.7,21.4,50.04,29.2,240.1,False
2025-01-14T10:28:21.438437,0.0,114.2,-65.0,55.4,50.04,46.1,236.6,False
2025-01-14T10:28:21.542177,1.0,95.0,-38.8,43.1,50.04,62.8,238.6,False
2025-01-14T10:28:21.646610,2.0,77.0,40.9,36.2,50.03,50.8,240.2,False
2025-01-14T10:28:33.047750,0.0,46.9,-0.8,19.8,50.03,48.1,236.6,False
2025-01-14T10:28:33.173074,1.0,94.3,-37.9,42.9,50.04,70.0,238.5,False
2025-01-14T10:28:33.289660,2.0,39.6,82.5,37.9,50.05,58.2,240.1,False
2025-01-14T10:28:45.047986,0.0,105.1,-4.5,44.6,50.04,46.1,236.7,False
2025-01-14T10:28:45.168601,1.0,95.0,-38.8,43.1,50.03,47.9,238.8,False
2025-01-14T10:28:45.282587,2.0,77.0,40.9,36.2,50.03,37.6,240.3,False
2025-01-14T10:28:57.073180,1.0,94.3,-37.9,42.9,50.04,37.7,238.8,False
2025-01-14T10:28:57.181002,2.0,39.6,82.5,37.9,50.05,27.4,240.3,False
2025-01-14T10:29:09.052987,0.0,96.1,-6.8,40.8,50.04,45.5,236.7,False
2025-01-14T10:29:09.205299,1.0,95.0,-38.8,43.1,50.05,60.5,238.7,False
2025-01-14T10:29:09.349774,2.0,77.0,40.9,36.2,50.04,48.0,240.2,False
2025-01-14T10:29:21.049533,0.0,50.7,-6.1,21.2,50.04,47.4,236.3,False
2025-01-14T10:29:21.187963,1.0,95.0,-38.8,43.1,50.04,47.8,238.3,False
2025-01-14T10:29:21.313705,2.0,77.0,40.9,36.2,50.05,36.7,239.8,False
2025-01-14T10:29:33.046247,0.0,119.5,-4.5,50.7,50.05,51.1,236.3,False
2025-01-14T10:29:33.144030,1.0,95.0,-38.8,43.1,50.04,76.9,238.2,False
2025-01-14T10:29:33.250705,2.0,77.0,40.9,36.2,50.03,66.1,239.7,False
2025-01-14T10:29:45.052925,0.0,127.8,-4.5,54.3,50.04,46.4,236.5,False
2025-01-14T10:29:45.176377,1.0,95.0,-38.8,43.1,50.03,47.8,238.4,False
2025-01-14T10:29:45.289493,2.0,77.0,40.9,36.2,50.03,35.9,240.0,False
2025-01-14T10:30:09.051045,0.0,90.0,-6.8,38.0,50.04,48.7,236.7,False
2025-01-14T10:30:09.212361,1.0,95.0,-38.8,43.1,50.04,69.7,238.7,False
2025-01-14T10:30:09.362272,2.0,77.0,40.9,36.2,50.05,58.6,240.2,False
2025-01-14T10:30:33.050593,0.0,80.9,-4.5,34.2,50.04,47.1,236.5,False
2025-01-14T10:30:33.166185,1.0,95.0,-38.8,43.1,50.05,49.2,238.5,False
2025-01-14T10:30:33.296473,2.0,77.0,40.9,36.2,50.03,37.4,240.1,False
2025-01-14T10:30:45.074281,2.0,246.2,684.8,302.2,50.04,20.6,239.6,False
2025-01-14T10:30:57.052387,0.0,93.0,-7.6,39.6,50.02,49.7,236.4,False
2025-01-14T10:30:57.220339,1.0,95.0,-38.8,43.1,50.03,74.7,238.4,False
2025-01-14T10:30:57.335984,2.0,77.0,40.9,36.2,50.01,32.3,239.4,False
2025-01-14T10:31:21.054242,0.0,94.5,-10.6,40.0,50.01,46.6,236.1,False
2025-01-14T10:31:21.176784,1.0,95.0,-38.8,43.1,50.01,50.6,238.2,False
2025-01-14T10:31:21.288629,2.0,77.0,40.9,36.2,50.01,20.5,239.1,False
2025-01-14T10:31:33.112408,1.0,39.3,-3.8,16.6,49.99,42.2,238.3,False
2025-01-14T10:31:33.240980,2.0,246.2,684.8,302.2,49.99,16.2,239.0,False
2025-01-14T10:31:45.055170,0.0,91.5,-12.9,38.8,50.0,47.6,236.4,False
2025-01-14T10:31:45.202132,1.0,95.0,-38.8,43.1,50.01,65.4,238.5,False
2025-01-14T10:31:45.351412,2.0,77.0,40.9,36.2,50.01,27.0,239.4,False
2025-01-14T10:31:57.053945,0.0,96.1,-3.8,40.9,50.0,51.6,236.2,False
2025-01-14T10:31:57.172361,1.0,94.3,-37.9,42.9,50.01,82.3,238.3,False
2025-01-14T10:32:09.102344,2.0,39.6,82.5,37.9,50.02,38.9,238.9,False
2025-01-14T10:32:09.228170,0.0,60.5,-3.0,25.7,50.01,50.0,236.1,False
2025-01-14T10:32:09.359433,1.0,95.0,-38.8,43.1,50.0,77.4,238.1,False
2025-01-14T10:32:09.489004,2.0,77.0,40.9,36.2,49.99,33.1,239.0,False
2025-01-14T10:32:21.060984,0.0,87.0,-6.1,37.1,50.0,46.3,236.1,False
2025-01-14T10:32:21.200731,1.0,94.3,-37.9,42.9,50.01,49.7,238.2,False
2025-01-14T10:32:21.350757,2.0,39.6,82.5,37.9,50.0,19.5,239.0,False
2025-01-14T10:32:21.478847,0.0,89.2,-6.1,37.9,50.01,47.6,236.1,False
2025-01-14T10:32:21.618000,1.0,95.0,-38.8,43.1,50.01,69.4,238.2,False
2025-01-14T10:32:21.760218,2.0,77.0,40.9,36.2,50.01,29.8,239.0,False
2025-01-14T10:32:33.055421,0.0,56.7,-83.9,43.1,50.0,46.6,236.1,False
2025-01-14T10:32:33.172363,1.0,95.0,-38.8,43.1,50.01,39.4,238.2,False
2025-01-14T10:32:33.284635,2.0,77.0,40.9,36.2,50.01,14.9,239.2,False
2025-01-14T10:32:45.084661,0.0,81.7,-89.2,51.2,50.01,46.5,236.2,False
2025-01-14T10:32:45.206904,1.0,95.0,-38.8,43.1,49.99,50.3,238.2,False
2025-01-14T10:32:45.318193,2.0,77.0,40.9,36.2,50.01,20.4,239.2,False
2025-01-14T10:32:57.057431,0.0,125.5,-8.3,53.1,50.01,49.2,236.4,False
2025-01-14T10:32:57.175636,1.0,94.3,-37.9,42.9,50.02,75.7,238.4,False
2025-01-14T10:32:57.289827,2.0,68.4,143.7,66.3,50.03,32.9,239.3,False
2025-01-14T10:33:21.057080,0.0,37.1,-5.3,16.0,50.04,46.9,236.5,False
2025-01-14T10:33:21.197190,1.0,95.0,-38.8,43.1,50.04,67.2,238.5,False
2025-01-14T10:33:21.341260,2.0,77.0,40.9,36.2,50.04,29.1,239.5,False
2025-01-14T10:33:33.059376,0.0,121.0,-6.1,51.3,50.04,46.1,236.6,False
2025-01-14T10:33:33.218064,1.0,94.3,-37.9,42.9,50.03,39.0,238.5,False
2025-01-14T10:33:33.355731,2.0,68.4,143.7,66.3,50.04,15.1,239.6,False
2025-01-14T10:33:45.059964,0.0,86.2,-12.1,36.8,50.02,46.0,236.5,False
2025-01-14T10:33:45.189599,1.0,95.0,-38.8,43.1,50.02,63.7,238.6,False
2025-01-14T10:33:45.316565,2.0,77.0,40.9,36.2,50.02,27.0,239.6,False
2025-01-14T10:33:57.061585,0.0,43.1,1.5,18.5,50.02,48.2,236.2,False
2025-01-14T10:33:57.242390,1.0,38.7,62.5,31.0,50.03,71.8,238.2,False
2025-01-14T10:34:09.129618,0.0,139.9,-79.4,68.3,50.02,45.6,236.4,False
2025-01-14T10:34:09.310009,1.0,95.0,-38.8,43.1,50.03,48.4,238.3,False
2025-01-14T10:34:09.461425,2.0,77.0,40.9,36.2,50.01,19.3,239.4,False
2025-01-14T10:34:09.615540,0.0,43.9,-70.3,35.1,50.03,45.7,236.4,False
2025-01-14T10:34:09.776584,1.0,95.0,-38.8,43.1,50.02,48.5,238.3,False
2025-01-14T10:34:09.930161,2.0,77.0,40.9,36.2,50.02,20.0,239.3,False
2025-01-14T10:34:21.073662,0.0,88.5,-12.1,38.1,50.03,48.5,236.1,False
2025-01-14T10:34:21.247583,1.0,94.3,-37.9,42.9,50.02,72.3,238.1,False
2025-01-14T10:34:21.403141,2.0,57.4,120.5,55.5,50.04,31.0,239.1,False
2025-01-14T10:34:33.103128,1.0,95.0,-38.8,43.1,50.02,64.3,238.2,False
2025-01-14T10:34:45.062752,0.0,59.0,-5.3,25.3,50.01,46.5,236.3,False
2025-01-14T10:34:45.229379,1.0,94.3,-37.9,42.9,50.02,50.5,238.4,False
2025-01-14T10:34:45.372722,2.0,77.0,40.9,36.2,50.01,20.0,239.4,False
2025-01-14T10:34:57.063941,0.0,127.1,-11.3,54.0,50.01,51.0,236.3,False
2025-01-14T10:34:57.203791,1.0,95.0,-38.8,43.1,50.0,80.2,238.3,False
2025-01-14T10:34:57.334179,2.0,77.0,40.9,36.2,50.01,35.0,239.3,False
2025-01-14T10:35:09.080406,0.0,37.1,-40.1,23.3,50.01,50.2,236.4,False
2025-01-14T10:35:09.249283,1.0,95.0,-38.8,43.1,50.02,79.6,238.4,False
2025-01-14T10:35:09.433391,2.0,77.0,40.9,36.2,50.01,33.9,239.4,False
2025-01-14T10:35:21.064660,0.0,84.7,26.5,37.5,50.03,46.0,236.1,False
2025-01-14T10:35:21.196102,1.0,38.7,62.5,31.0,50.03,50.4,238.2,False
2025-01-14T10:35:21.332107,2.0,57.4,120.5,55.5,50.02,21.2,239.2,False
2025-01-14T10:35:33.063182,0.0,37.8,-55.2,28.8,50.04,45.8,236.4,False
2025-01-14T10:35:33.227272,1.0,17.4,-46.1,21.0,50.04,48.9,238.5,False
2025-01-14T10:35:33.372738,2.0,64.3,-44.6,33.2,50.02,18.5,239.4,False
2025-01-14T10:35:45.128258,0.0,153.5,-67.3,71.0,50.02,50.1,236.4,False
2025-01-14T10:35:45.275901,1.0,95.0,-38.8,43.1,50.02,77.6,238.5,False
2025-01-14T10:35:45.417170,2.0,77.0,40.9,36.2,50.02,34.3,239.5,False
2025-01-14T10:35:45.551729,2.0,77.0,40.9,36.2,50.01,64.6,240.0,False
2025-01-14T10:35:45.687950,1.0,95.0,-38.8,43.1,50.02,69.2,238.6,False
2025-01-14T10:35:57.064475,0.0,81.7,-5.3,34.4,50.02,46.6,236.3,False
2025-01-14T10:35:57.191832,1.0,93.8,-9.1,39.4,50.03,49.5,238.3,False
2025-01-14T10:35:57.312314,2.0,99.1,6.8,41.3,50.02,36.4,239.9,False
2025-01-14T10:36:21.064506,0.0,93.0,-0.8,39.8,50.03,47.8,235.8,False
2025-01-14T10:36:21.214199,1.0,95.0,-38.8,43.1,50.02,70.1,237.8,False
2025-01-14T10:36:21.377976,2.0,77.0,40.9,36.2,50.03,57.2,239.5,False
2025-01-14T10:36:33.066850,0.0,93.8,-1.5,40.4,50.05,45.0,236.6,False
2025-01-14T10:36:33.221415,1.0,95.0,-38.8,43.1,50.04,47.1,238.7,False
2025-01-14T10:36:33.361285,2.0,77.0,40.9,36.2,50.04,35.4,240.2,False
2025-01-14T10:36:57.065957,0.0,35.5,-8.3,15.1,50.02,46.5,236.2,False
2025-01-14T10:36:57.201224,1.0,40.1,-3.0,16.7,50.03,37.4,238.2,False
2025-01-14T10:36:57.331819,2.0,39.3,0.8,16.3,50.02,27.5,239.7,False
2025-01-14T10:37:09.065269,0.0,102.9,-7.6,43.7,50.03,45.7,236.2,False
2025-01-14T10:37:09.219901,1.0,95.0,-38.8,43.1,50.02,61.0,238.3,False
2025-01-14T10:37:09.362312,2.0,77.0,40.9,36.2,50.02,49.1,239.7,False
2025-01-14T10:37:21.067531,0.0,59.7,1.5,25.6,50.03,46.2,236.5,False
2025-01-14T10:37:21.203852,1.0,95.0,-38.8,43.1,50.03,47.4,238.6,False
2025-01-14T10:37:21.356316,2.0,77.0,40.9,36.2,50.02,36.1,240.1,False
2025-01-14T10:37:33.120847,0.0,126.3,-6.8,53.5,50.03,49.4,236.5,False
2025-01-14T10:37:33.265827,1.0,95.0,-38.8,43.1,50.03,76.4,238.6,False
2025-01-14T10:37:33.389851,2.0,77.0,40.9,36.2,50.03,64.3,240.0,False
2025-01-14T10:37:33.506076,0.0,44.6,-0.0,18.9,50.03,47.5,236.5,False
2025-01-14T10:37:33.636845,1.0,95.0,-38.8,43.1,50.03,69.0,238.6,False
2025-01-14T10:37:33.770714,2.0,77.0,40.9,36.2,50.03,55.8,240.1,False
2025-01-14T10:37:45.072301,0.0,87.0,-5.3,36.9,50.03,45.3,236.5,False
2025-01-14T10:37:45.203785,1.0,96.1,-3.8,40.3,50.03,48.3,238.6,False
2025-01-14T10:37:45.341606,2.0,94.5,6.1,39.5,50.03,35.3,240.1,False
2025-01-14T10:37:57.069372,0.0,36.3,-6.1,15.4,50.02,46.1,236.4,False
2025-01-14T10:37:57.184786,1.0,42.4,-1.5,17.7,50.01,38.0,238.4,False
2025-01-14T10:38:09.165839,1.0,95.0,-38.8,43.1,50.02,49.9,238.4,False
2025-01-14T10:38:09.302496,2.0,77.0,40.9,36.2,50.03,37.7,240.0,False
2025-01-14T10:38:33.068198,0.0,126.3,-7.6,53.4,50.04,49.4,236.5,False
2025-01-14T10:38:33.203902,1.0,94.3,-37.9,42.9,50.03,76.7,238.6,False
2025-01-14T10:38:33.334644,2.0,68.4,143.7,66.3,50.04,64.5,240.1,False
2025-01-14T10:38:45.070308,0.0,40.8,-5.3,17.1,50.03,47.4,236.2,False
2025-01-14T10:38:45.222993,1.0,95.0,-38.8,43.1,50.03,68.7,238.3,False
2025-01-14T10:38:57.072959,0.0,117.2,-6.1,50.0,50.01,46.3,236.6,False
2025-01-14T10:38:57.243253,1.0,94.3,-37.9,42.9,50.02,38.3,238.7,False
2025-01-14T10:38:57.367949,2.0,77.0,40.9,36.2,50.03,26.3,240.2,False
2025-01-14T10:39:09.124565,0.0,25.0,-59.7,27.4,50.03,49.3,236.6,False
2025-01-14T10:39:09.270637,1.0,9.1,-44.6,19.1,50.03,38.5,238.7,False
2025-01-14T10:39:09.419769,2.0,68.4,143.7,66.3,50.02,26.9,240.2,False
2025-01-14T10:39:09.560444,0.0,115.0,-69.6,57.1,50.03,46.1,236.5,False
2025-01-14T10:39:09.703782,1.0,95.0,-38.8,43.1,50.03,62.4,238.6,False
2025-01-14T10:39:09.858559,2.0,77.0,40.9,36.2,50.02,49.1,240.1,False
2025-01-14T10:39:21.073552,0.0,82.4,-9.1,35.4,50.02,47.3,236.8,False
2025-01-14T10:39:21.230993,1.0,95.0,-38.8,43.1,50.02,37.8,238.8,False
2025-01-14T10:39:21.384003,2.0,77.0,40.9,36.2,50.02,27.8,240.3,False
2025-01-14T10:39:45.364544,0.0,61.3,-67.3,38.4,50.02,47.3,236.5,False
2025-01-14T10:39:46.205432,1.0,71.1,117.1,57.8,50.02,69.4,238.6,False
2025-01-14T10:39:46.952053,2.0,77.0,40.9,36.2,50.04,58.9,240.2,False
2025-01-14T10:39:57.074392,0.0,11.3,-59.0,25.2,50.03,45.9,236.7,False
2025-01-14T10:39:57.229499,1.0,95.0,-38.8,43.1,50.04,61.7,238.9,False
2025-01-14T10:39:57.398480,2.0,246.2,684.8,302.2,50.03,49.6,240.3,False
2025-01-14T10:39:57.554708,2.0,246.2,684.8,302.2,50.03,49.6,240.3,False
2025-01-14T10:39:57.707815,2.0,77.0,40.9,36.2,50.03,49.6,240.3,False
2025-01-14T10:40:09.071004,0.0,45.4,12.1,19.8,50.03,45.5,236.6,False
2025-01-14T10:40:09.235302,1.0,95.0,-38.8,43.1,50.02,47.8,238.7,False
2025-01-14T10:40:09.388987,2.0,54.5,16.6,23.7,50.02,35.4,240.2,False
2025-01-14T10:40:33.072719,0.0,134.6,-3.8,56.8,50.04,47.6,236.8,False
2025-01-14T10:40:33.220414,1.0,95.0,-38.8,43.1,50.04,73.6,238.8,False
2025-01-14T10:40:33.353175,2.0,77.0,40.9,36.2,50.04,60.9,240.3,False
2025-01-14T10:40:45.097334,2.0,246.2,684.8,302.2,50.03,32.0,239.6,False
2025-01-14T10:40:45.250712,0.0,95.3,0.8,40.4,50.03,45.5,236.6,False
2025-01-14T10:40:45.384472,1.0,95.0,-38.8,43.1,50.03,49.0,238.6,False
2025-01-14T10:40:45.538426,2.0,77.0,40.9,36.2,50.03,19.2,239.6,False
2025-01-14T10:41:09.132046,1.0,71.1,117.1,57.8,50.04,38.4,238.8,False
2025-01-14T10:41:09.267547,2.0,246.2,684.8,302.2,50.01,14.3,239.7,False
2025-01-14T10:41:09.394831,0.0,111.9,16.6,48.0,50.03,47.3,236.5,False
2025-01-14T10:41:09.528304,1.0,95.0,-38.8,43.1,50.04,66.5,238.5,False
2025-01-14T10:41:09.653945,2.0,77.0,40.9,36.2,50.01,28.1,239.5,False
2025-01-14T10:41:21.094070,2.0,39.6,82.5,37.9,50.01,27.9,239.5,False
2025-01-14T10:41:21.232292,0.0,92.3,-1.5,39.0,50.02,45.6,236.5,False
2025-01-14T10:41:21.367045,1.0,95.0,-38.8,43.1,50.02,49.3,238.5,False
2025-01-14T10:41:21.502644,2.0,77.0,40.9,36.2,50.02,18.7,239.5,False
2025-01-14T10:41:33.077001,0.0,90.8,-8.3,38.6,50.03,47.6,236.4,False
2025-01-14T10:41:33.254772,1.0,95.0,-38.8,43.1,50.03,71.3,238.5,False
2025-01-14T10:41:33.460552,2.0,77.0,40.9,36.2,50.03,29.1,239.5,False
2025-01-14T10:41:57.130906,0.0,156.6,-108.9,80.9,50.03,45.7,236.6,False
2025-01-14T10:41:57.287801,1.0,95.0,-38.8,43.1,50.04,49.7,238.7,False
2025-01-14T10:41:57.419775,2.0,77.0,40.9,36.2,50.05,19.2,239.7,False
2025-01-14T10:41:57.553254,0.0,57.5,-96.1,47.6,50.05,46.6,236.5,False
2025-01-14T10:41:57.703100,1.0,95.0,-38.8,43.1,50.05,49.8,238.5,False
2025-01-14T10:41:57.840529,2.0,77.0,40.9,36.2,50.05,20.3,239.6,False
2025-01-14T10:42:21.078546,0.0,42.4,-58.2,30.6,50.04,47.6,236.7,False
2025-01-14T10:42:21.224763,2.0,77.0,40.9,36.2,50.04,29.3,239.7,False
2025-01-14T10:42:33.080605,0.0,15.1,-62.0,27.2,50.04,46.0,236.5,False
2025-01-14T10:42:33.218665,1.0,94.3,-37.9,42.9,50.04,61.6,238.6,False
2025-01-14T10:42:33.347604,2.0,77.0,40.9,36.2,50.05,25.9,239.5,False
2025-01-14T10:42:45.084248,0.0,53.7,3.0,23.2,50.04,45.0,237.2,False
2025-01-14T10:42:45.225209,1.0,95.0,-38.8,43.1,50.04,48.5,239.2,False
2025-01-14T10:42:45.370162,2.0,77.0,40.9,36.2,50.03,19.1,240.1,False
2025-01-14T10:42:57.139798,1.0,94.3,-37.9,42.9,50.04,37.9,239.0,False
2025-01-14T10:42:57.276260,2.0,39.6,82.5,37.9,50.03,14.7,240.0,False
2025-01-14T10:42:57.421160,0.0,120.3,-14.4,51.1,50.03,46.7,237.1,False
2025-01-14T10:42:57.557080,1.0,95.0,-38.8,43.1,50.03,68.8,239.1,False
2025-01-14T10:42:57.686674,2.0,77.0,40.9,36.2,50.04,28.8,240.1,False
2025-01-14T10:43:09.078114,0.0,84.7,-11.3,36.1,50.04,45.3,237.1,False
2025-01-14T10:43:09.213011,1.0,95.0,-38.8,43.1,50.04,47.6,239.1,False
2025-01-14T10:43:09.354519,2.0,77.0,40.9,36.2,50.04,19.3,240.1,False
2025-01-14T10:43:21.129752,0.0,90.8,-10.6,38.6,50.06,46.8,237.1,False
2025-01-14T10:43:21.270371,1.0,95.0,-38.8,43.1,50.06,68.0,239.2,False
2025-01-14T10:43:21.417616,2.0,77.0,40.9,36.2,50.07,28.4,240.1,False
2025-01-14T10:43:21.541842,0.0,88.5,-6.8,37.5,50.07,45.4,237.1,False
2025-01-14T10:43:21.678378,1.0,95.0,-38.8,43.1,50.05,48.6,239.2,False
2025-01-14T10:43:21.819878,2.0,77.0,40.9,36.2,50.05,18.2,240.1,False
2025-01-14T10:43:57.077189,0.0,37.8,-6.8,16.2,50.04,46.3,237.1,False
2025-01-14T10:43:57.201767,1.0,42.4,2.3,17.7,50.05,38.5,239.1,False
2025-01-14T10:43:57.320321,0.0,124.0,-13.6,52.7,50.04,46.9,237.1,False
2025-01-14T10:43:57.411631,1.0,95.0,-38.8,43.1,50.04,67.7,239.1,False
2025-01-14T10:43:57.533051,2.0,77.0,40.9,36.2,50.04,27.9,240.1,False
2025-01-14T10:44:21.082197,0.0,95.3,-1.5,40.6,50.03,51.5,236.8,False
2025-01-14T10:44:21.218659,1.0,94.3,-37.9,42.9,50.03,83.9,238.8,False
2025-01-14T10:44:21.383822,2.0,68.4,143.7,66.3,50.03,37.0,239.7,False
2025-01-14T10:44:33.081565,0.0,121.8,-6.1,51.6,50.03,45.3,236.9,False
2025-01-14T10:44:33.236716,1.0,95.0,-38.8,43.1,50.02,60.2,238.9,False
2025-01-14T10:44:33.377623,2.0,77.0,40.9,36.2,50.03,24.4,239.8,False
2025-01-14T10:44:45.085189,0.0,41.6,-2.3,17.7,50.03,46.1,237.0,False
2025-01-14T10:44:45.245104,1.0,94.3,-37.9,42.9,50.04,37.4,238.9,False
2025-01-14T10:44:45.394889,2.0,68.4,143.7,66.3,50.04,14.7,240.0,False
2025-01-14T10:45:09.081552,0.0,97.6,-3.8,41.3,50.04,46.1,237.0,False
2025-01-14T10:45:09.245684,1.0,95.0,-38.8,43.1,50.04,67.2,238.9,False
2025-01-14T10:45:09.389815,2.0,77.0,40.9,36.2,50.04,27.8,239.9,False
2025-01-14T10:45:33.083136,0.0,35.5,-4.5,15.5,50.05,45.3,237.6,False
2025-01-14T10:45:33.219022,1.0,95.0,-38.8,43.1,50.04,48.7,239.4,False
2025-01-14T10:45:33.370101,2.0,77.0,40.9,36.2,50.04,18.6,240.5,False
2025-01-14T10:45:45.085389,0.0,36.3,-69.6,33.2,50.03,46.5,236.8,False
2025-01-14T10:45:45.243791,1.0,18.2,-59.0,26.0,50.03,49.7,239.0,False
2025-01-14T10:45:45.396394,2.0,17.4,-59.0,25.7,50.02,36.2,240.5,False
2025-01-14T10:45:57.083060,0.0,162.6,-74.9,75.8,50.02,48.6,236.7,False
2025-01-14T10:45:57.239987,1.0,95.0,-38.8,43.1,50.02,75.4,238.7,False
2025-01-14T10:45:57.363907,2.0,77.0,40.9,36.2,50.03,62.6,240.3,False
2025-01-14T10:46:21.134109,0.0,38.6,-0.8,16.4,50.02,45.8,236.8,False
2025-01-14T10:46:21.290763,1.0,95.0,-38.8,43.1,50.01,48.3,238.9,False
2025-01-14T10:46:21.430988,2.0,77.0,40.9,36.2,50.02,35.9,240.4,False
2025-01-14T10:46:21.565420,1.0,41.6,-2.3,17.4,50.01,38.7,238.7,False
2025-01-14T10:46:21.698393,2.0,41.6,4.5,17.4,50.0,27.1,240.3,False
2025-01-14T10:46:45.088689,0.0,124.0,-9.8,52.8,49.99,48.0,236.5,False
2025-01-14T10:46:45.237071,1.0,95.0,-38.8,43.1,49.99,69.7,238.6,False
2025-01-14T10:46:45.391103,2.0,77.0,40.9,36.2,49.98,55.6,240.1,False
2025-01-14T10:46:57.126089,0.0,53.7,43.1,29.1,50.0,52.6,236.4,False
2025-01-14T10:46:57.273383,1.0,52.1,82.9,41.3,49.99,84.5,238.5,False
2025-01-14T10:46:57.410700,2.0,42.7,84.8,39.6,50.0,73.5,240.1,False
2025-01-14T10:46:57.544540,0.0,49.2,41.6,27.3,50.0,48.3,236.3,False
2025-01-14T10:46:57.694230,1.0,52.1,82.9,41.3,50.0,70.2,238.4,False
2025-01-14T10:46:57.837806,2.0,77.0,40.9,36.2,50.0,56.5,239.9,False
2025-01-14T10:47:21.364534,0.0,89.2,-4.5,38.1,49.99,46.1,236.6,False
2025-01-14T10:47:22.021723,1.0,95.0,-38.8,43.1,50.0,47.6,238.7,False
2025-01-14T10:47:22.165280,2.0,42.7,84.8,39.6,50.0,34.7,240.3,False
2025-01-14T10:47:33.094405,0.0,30.3,-43.9,22.7,50.0,45.3,236.7,False
2025-01-14T10:47:33.230986,1.0,10.6,-34.0,15.0,50.01,47.7,238.8,False
2025-01-14T10:47:33.399673,2.0,7.6,-35.5,15.2,50.0,35.7,240.3,False
2025-01-14T10:47:45.093933,0.0,116.5,-51.4,53.9,50.0,46.8,236.6,False
2025-01-14T10:47:45.230685,1.0,95.0,-38.8,43.1,49.99,69.3,238.7,False
2025-01-14T10:47:45.369029,2.0,77.0,40.9,36.2,50.0,56.0,240.3,False
2025-01-14T10:47:57.115018,1.0,95.0,-38.8,43.1,50.01,61.7,238.7,False
2025-01-14T10:48:09.097932,0.0,56.7,-1.5,24.2,50.02,46.6,236.8,False
2025-01-14T10:48:09.229937,1.0,61.3,-3.0,25.8,50.02,48.4,239.0,False
2025-01-14T10:48:09.368006,2.0,77.0,40.9,36.2,50.02,35.3,240.4,False
2025-01-14T10:48:21.098345,0.0,43.1,-19.7,20.1,50.02,46.1,236.9,False
2025-01-14T10:48:21.217945,1.0,46.1,-12.9,20.1,50.02,38.3,239.0,False
2025-01-14T10:48:21.371301,2.0,38.6,-8.3,16.5,50.02,27.0,240.5,False
2025-01-14T10:48:33.101794,0.0,133.9,-23.4,57.7,50.02,46.3,236.7,False
2025-01-14T10:48:33.256185,1.0,95.0,-38.8,43.1,50.02,66.6,238.7,False
2025-01-14T10:48:33.408340,2.0,77.0,40.9,36.2,50.02,53.2,240.3,False
2025-01-14T10:48:33.553000,0.0,89.2,-3.0,37.9,50.01,45.1,236.8,False
2025-01-14T10:48:33.688466,1.0,95.0,-38.8,43.1,50.02,48.4,238.8,False
2025-01-14T10:48:33.832032,2.0,77.0,40.9,36.2,50.02,33.9,240.4,False
2025-01-14T10:48:33.974272,0.0,90.0,-5.3,38.1,50.02,45.6,236.8,False
2025-01-14T10:48:34.108595,1.0,95.0,-38.8,43.1,50.02,67.0,238.9,False
2025-01-14T10:48:34.242461,2.0,77.0,40.9,36.2,50.01,53.9,240.4,False
2025-01-14T10:48:45.106147,0.0,37.1,-4.5,16.1,50.0,47.6,236.5,False
2025-01-14T10:48:45.235302,1.0,38.7,62.5,31.0,49.99,74.8,238.5,False
2025-01-14T10:48:57.103313,0.0,125.5,-9.8,53.3,49.99,46.6,236.5,False
2025-01-14T10:48:57.241271,1.0,95.0,-38.8,43.1,49.98,51.8,238.5,False
2025-01-14T10:48:57.382077,2.0,77.0,40.9,36.2,49.99,36.7,240.2,False
2025-01-14T10:49:09.190223,1.0,38.7,62.5,31.0,50.0,42.1,238.5,False
2025-01-14T10:49:09.336200,2.0,43.9,3.0,18.3,49.99,28.0,240.0,False
2025-01-14T10:49:21.106527,0.0,28.7,-45.4,22.7,49.99,46.8,236.4,False
2025-01-14T10:49:21.250055,1.0,11.3,-34.0,15.1,50.0,40.5,238.5,False
2025-01-14T10:49:21.394292,2.0,12.1,-38.6,16.8,49.99,28.2,240.0,False
2025-01-14T10:49:33.109056,0.0,142.2,-57.5,64.7,49.99,48.2,236.5,False
2025-01-14T10:49:33.240770,1.0,95.0,-38.8,43.1,49.99,71.1,238.6,False
2025-01-14T10:49:33.368665,2.0,77.0,40.9,36.2,49.98,56.2,240.1,False
2025-01-14T10:49:45.148710,0.0,30.3,-46.1,23.4,50.0,48.5,236.6,False
2025-01-14T10:49:45.302841,2.0,77.0,40.9,36.2,50.01,56.9,240.2,False
2025-01-14T10:49:45.439129,0.0,54.5,-43.9,29.9,50.01,49.0,236.4,False
2025-01-14T10:49:45.578802,1.0,94.3,-37.9,42.9,50.0,74.7,238.5,False
2025-01-14T10:49:45.722691,2.0,77.0,40.9,36.2,50.0,60.8,239.9,False
2025-01-14T10:50:09.114101,0.0,93.8,-7.6,39.9,50.0,46.5,236.5,False
2025-01-14T10:50:09.337243,1.0,95.0,-38.8,43.1,50.01,38.4,238.6,False
2025-01-14T10:50:09.505791,2.0,77.0,40.9,36.2,50.0,27.6,240.2,False
2025-01-14T10:50:33.113032,0.0,36.3,-0.8,15.4,50.02,47.8,236.6,False
2025-01-14T10:50:33.242572,1.0,95.0,-38.8,43.1,50.02,69.2,238.6,False
2025-01-14T10:50:33.379329,2.0,77.0,40.9,36.2,50.02,56.1,240.2,False
2025-01-14T10:50:45.114515,0.0,54.5,2.3,23.0,50.02,46.4,236.6,False
2025-01-14T10:50:45.258891,1.0,95.0,-38.8,43.1,50.01,58.9,238.6,False
2025-01-14T10:50:45.419044,2.0,246.2,684.8,302.2,50.01,23.1,239.6,False
2025-01-14T10:50:57.152547,1.0,94.3,-37.9,42.9,50.01,50.0,238.9,False
2025-01-14T10:50:57.292647,2.0,77.0,40.9,36.2,50.03,19.0,239.8,False
2025-01-14T10:51:33.118820,0.0,80.2,-5.3,34.0,50.03,49.4,236.5,False
2025-01-14T10:51:33.252934,1.0,95.0,-38.8,43.1,50.03,77.3,238.6,False
2025-01-14T10:51:33.389967,2.0,77.0,40.9,36.2,50.02,33.1,239.6,False
2025-01-14T10:51:45.122666,0.0,35.5,-5.3,15.5,50.02,46.8,237.0,False
2025-01-14T10:51:45.261070,1.0,95.0,-38.8,43.1,50.02,38.8,238.9,False
2025-01-14T10:51:45.390585,2.0,77.0,40.9,36.2,50.02,15.0,240.0,False
2025-01-14T10:52:21.121728,0.0,87.7,-3.8,37.2,50.02,52.8,236.8,False
2025-01-14T10:52:21.258209,1.0,95.0,-38.8,43.1,50.02,85.7,238.8,False
2025-01-14T10:52:21.387453,2.0,77.0,40.9,36.2,50.01,38.2,239.9,False
2025-01-14T10:52:33.122036,0.0,93.0,-6.1,39.3,50.01,45.7,236.6,False
2025-01-14T10:52:33.262848,1.0,95.0,-38.8,43.1,50.01,49.3,238.6,False
2025-01-14T10:52:33.397123,2.0,77.0,40.9,36.2,50.01,19.4,239.6,False
2025-01-14T10:53:09.125514,0.0,68.1,-6.8,29.0,50.01,48.6,236.4,False
2025-01-14T10:53:09.262436,1.0,95.0,-38.8,43.1,50.0,73.8,238.4,False
2025-01-14T10:53:09.394875,2.0,77.0,40.9,36.2,50.0,30.3,239.4,False
2025-01-14T10:53:33.159904,2.0,77.0,40.9,36.2,50.02,23.0,239.6,False
2025-01-14T10:53:33.290027,0.0,46.1,-7.6,19.8,50.03,46.4,236.6,False
2025-01-14T10:53:33.413174,1.0,95.0,-38.8,43.1,50.02,50.3,238.6,False
2025-01-14T10:53:33.533323,0.0,36.3,-6.8,15.7,50.02,46.4,236.7,False
2025-01-14T10:53:33.653144,1.0,43.1,-0.0,18.1,50.02,39.7,238.7,False
2025-01-14T10:53:33.800688,2.0,246.2,684.8,302.2,50.02,14.4,239.8,False
2025-01-14T10:53:57.154961,2.0,77.0,40.9,36.2,50.03,28.6,240.0,False
2025-01-14T10:54:09.197035,0.0,37.8,-6.8,16.4,50.04,50.1,236.8,False
2025-01-14T10:54:09.341229,1.0,95.0,-38.8,43.1,50.03,77.9,238.7,False
2025-01-14T10:54:09.476051,0.0,87.7,-0.0,37.1,50.03,47.2,236.8,False
2025-01-14T10:54:09.614505,1.0,95.0,-38.8,43.1,50.03,60.3,238.7,False
2025-01-14T10:54:09.749223,2.0,77.0,40.9,36.2,50.03,23.8,239.8,False
2025-01-14T10:54:09.882063,0.0,21.2,-28.0,15.1,50.03,46.4,237.0,False
2025-01-14T10:54:33.156030,1.0,43.1,-1.5,18.1,50.02,39.8,238.5,False
2025-01-14T10:54:57.136372,0.0,110.4,6.8,46.5,50.04,46.0,236.9,False
2025-01-14T10:54:57.297757,1.0,95.0,-38.8,43.1,50.03,65.7,238.8,False
2025-01-14T10:55:09.162938,2.0,77.0,40.9,36.2,50.03,28.4,239.8,False
2025-01-14T10:55:09.302435,0.0,96.8,-6.8,41.0,50.04,51.5,236.9,False
2025-01-14T10:55:09.470296,1.0,94.3,-37.9,42.9,50.04,83.4,238.8,False
2025-01-14T10:55:09.618722,2.0,57.4,120.5,55.5,50.04,37.0,239.9,False
2025-01-14T10:55:33.132967,0.0,103.6,-5.3,43.8,50.04,47.7,236.9,False
2025-01-14T10:55:33.273208,1.0,95.0,-38.8,43.1,50.03,47.1,238.8,False
2025-01-14T10:55:33.391823,2.0,77.0,40.9,36.2,50.04,20.0,239.9,False
2025-01-14T10:55:45.138063,0.0,66.6,-6.1,28.2,50.03,47.1,236.9,False
2025-01-14T10:55:45.287094,1.0,95.0,-38.8,43.1,50.03,62.9,238.8,False
2025-01-14T10:55:45.437248,2.0,57.4,120.5,55.5,50.03,49.3,240.5,False
2025-01-14T10:55:57.136996,0.0,42.4,3.8,18.2,50.03,48.6,236.6,False
2025-01-14T10:55:57.316648,1.0,38.7,62.5,31.0,50.05,68.7,238.5,False
2025-01-14T10:55:57.450675,2.0,77.0,40.9,36.2,50.04,56.5,240.3,False
2025-01-14T10:56:09.139074,0.0,63.5,-3.0,27.0,50.05,46.5,236.7,False
2025-01-14T10:56:09.294041,1.0,95.0,-38.8,43.1,50.06,56.5,238.6,False
2025-01-14T10:56:09.443143,2.0,77.0,40.9,36.2,50.04,44.4,240.3,False
2025-01-14T10:56:33.156184,2.0,37.8,-0.0,15.7,50.01,36.9,240.1,False
2025-01-14T10:56:57.146176,0.0,131.6,2.3,55.6,50.01,47.4,236.5,False
2025-01-14T10:56:57.295748,1.0,95.0,-38.8,43.1,50.0,71.7,238.4,False
2025-01-14T10:56:57.439681,2.0,77.0,40.9,36.2,50.01,60.6,240.2,False
2025-01-14T10:57:21.144090,0.0,166.4,-3.8,70.3,49.99,45.8,236.5,False
2025-01-14T10:57:21.278828,1.0,95.0,-38.8,43.1,50.03,38.1,238.4,False
2025-01-14T10:57:21.402669,2.0,77.0,40.9,36.2,50.01,26.7,240.1,False
2025-01-14T10:57:45.145815,0.0,74.9,53.7,39.0,50.01,52.9,236.4,False
2025-01-14T10:57:45.276353,1.0,52.1,82.9,41.3,50.01,85.6,238.2,False
2025-01-14T10:57:45.408864,2.0,77.0,40.9,36.2,50.02,73.2,240.0,False
2025-01-14T10:57:57.146947,0.0,55.2,31.0,26.8,50.02,47.0,236.8,False
2025-01-14T10:57:57.288163,1.0,94.3,-37.9,42.9,50.02,49.0,238.8,False
2025-01-14T10:57:57.433067,2.0,77.0,40.9,36.2,50.03,35.3,240.4,False
2025-01-14T10:58:21.145800,0.0,81.7,2.3,34.7,50.0,47.3,236.6,False
2025-01-14T10:58:21.293197,1.0,95.0,-38.8,43.1,50.01,68.5,238.5,False
2025-01-14T10:58:21.425507,2.0,77.0,40.9,36.2,50.01,56.8,240.2,False
2025-01-14T10:58:45.152055,0.0,56.7,0.8,23.8,50.0,45.3,236.3,False
2025-01-14T10:58:45.289651,1.0,95.0,-38.8,43.1,50.01,57.8,238.4,False
2025-01-14T10:58:45.437333,2.0,77.0,40.9,36.2,50.03,45.5,240.0,False
2025-01-14T10:58:57.154331,0.0,40.8,-4.5,17.7,50.01,46.2,236.5,False
2025-01-14T10:58:57.278042,1.0,38.7,62.5,31.0,50.02,38.0,238.4,False
2025-01-14T10:58:57.401668,2.0,38.6,6.8,16.4,50.02,26.3,240.0,False
2025-01-14T10:59:33.148833,0.0,125.5,-8.3,53.3,50.02,49.3,236.6,False
2025-01-14T10:59:33.276294,1.0,95.0,-38.8,43.1,50.01,76.5,238.6,False
2025-01-14T10:59:33.401609,2.0,77.0,40.9,36.2,50.02,63.4,240.2,False
2025-01-14T10:59:45.152162,0.0,89.2,-0.8,37.7,50.01,47.1,236.6,False
2025-01-14T10:59:45.291359,1.0,95.0,-38.8,43.1,50.0,59.7,238.5,False
2025-01-14T10:59:45.426191,2.0,77.0,40.9,36.2,50.01,45.2,240.1,False
2025-01-14T10:59:57.167788,2.0,39.3,4.5,16.4,50.01,35.9,239.8,False
2025-01-14T10:59:57.293995,1.0,52.1,82.9,41.3,49.99,40.3,238.7,False
2025-01-14T11:00:21.525933,0.0,80.9,-14.4,34.6,50.0,47.0,236.9,False
2025-01-14T11:00:22.607095,1.0,95.0,-38.8,43.1,50.02,65.0,238.8,False
2025-01-14T11:00:23.615704,2.0,77.0,40.9,36.2,49.99,49.8,240.4,False
2025-01-14T11:00:33.160087,0.0,127.1,1.5,54.0,49.99,52.3,236.6,False
2025-01-14T11:00:33.341996,1.0,94.3,-37.9,42.9,50.01,86.6,238.5,False
2025-01-14T11:00:33.505987,2.0,68.4,143.7,66.3,50.0,73.7,240.0,False
2025-01-14T11:00:45.166666,0.0,97.6,2.3,41.5,50.01,47.8,236.8,False
2025-01-14T11:00:45.327228,1.0,95.0,-38.8,43.1,50.02,71.0,238.7,False
2025-01-14T11:00:45.472209,2.0,246.2,684.8,302.2,50.0,28.7,239.7,False
2025-01-14T11:00:57.194903,1.0,94.3,-37.9,42.9,49.97,41.4,238.5,False
2025-01-14T11:01:09.261887,0.0,34.8,-87.0,39.5,49.98,48.9,236.4,False
2025-01-14T11:01:09.397772,1.0,52.1,82.9,41.3,49.97,64.6,238.3,False
2025-01-14T11:01:09.543664,2.0,246.2,684.8,302.2,49.98,26.0,239.4,False
2025-01-14T11:01:33.158787,0.0,35.5,-6.8,15.1,49.96,47.5,236.4,False
2025-01-14T11:01:33.288953,1.0,95.0,-38.8,43.1,49.97,61.7,238.4,False
2025-01-14T11:01:33.414794,2.0,39.6,82.5,37.9,49.96,24.8,239.4,False
2025-01-14T11:01:57.161298,0.0,37.1,-8.3,16.0,49.97,46.7,236.2,False
2025-01-14T11:01:57.316978,1.0,95.0,-38.8,43.1,49.96,51.5,238.2,False
2025-01-14T11:01:57.456683,2.0,77.0,40.9,36.2,49.98,20.3,239.2,False
2025-01-14T11:02:21.207440,1.0,52.1,82.9,41.3,49.97,40.2,238.0,False
2025-01-14T11:02:33.159982,0.0,123.3,-10.6,52.3,49.98,48.6,236.2,False
2025-01-14T11:02:33.283026,1.0,95.0,-38.8,43.1,49.98,70.9,238.0,False
2025-01-14T11:02:33.406052,2.0,77.0,40.9,36.2,49.98,29.7,239.1,False
2025-01-14T11:02:45.160998,0.0,121.8,-15.1,51.4,49.96,47.1,235.5,False
2025-01-14T11:02:45.293133,1.0,95.0,-38.8,43.1,49.95,40.4,237.5,False
2025-01-14T11:02:45.419703,2.0,77.0,40.9,36.2,49.96,15.8,238.5,False
2025-01-14T11:02:57.160591,0.0,90.0,-9.1,38.3,49.95,47.3,235.7,False
2025-01-14T11:02:57.288805,1.0,95.0,-38.8,43.1,49.95,63.6,237.6,False
2025-01-14T11:02:57.432398,2.0,77.0,40.9,36.2,49.97,26.0,238.7,False
2025-01-14T11:03:09.163147,0.0,127.8,-12.9,54.5,49.97,53.3,235.8,False
2025-01-14T11:03:09.296628,1.0,94.3,-37.9,42.9,49.94,88.0,237.7,False
2025-01-14T11:03:09.435235,2.0,69.7,149.5,68.6,49.96,39.1,238.8,False
2025-01-14T11:03:21.165864,0.0,97.6,-8.3,41.7,49.97,47.2,235.9,False
2025-01-14T11:03:21.293650,1.0,95.0,-38.8,43.1,49.96,68.7,237.9,False
2025-01-14T11:03:21.428372,2.0,77.0,40.9,36.2,49.96,29.2,239.0,False
2025-01-14T11:03:33.162566,0.0,87.7,-6.8,37.2,49.94,46.2,235.8,False
2025-01-14T11:03:33.296363,1.0,94.3,-37.9,42.9,49.94,50.0,237.9,False
2025-01-14T11:03:33.424795,2.0,68.4,143.7,66.3,49.96,20.4,238.9,False
2025-01-14T11:03:45.167943,0.0,97.6,-5.3,41.6,49.96,48.3,235.7,False
2025-01-14T11:03:45.289011,1.0,95.0,-38.8,43.1,49.96,71.4,237.6,False
2025-01-14T11:03:45.417987,2.0,77.0,40.9,36.2,49.95,30.5,238.6,False
2025-01-14T11:04:09.165525,0.0,62.0,3.0,26.2,49.96,47.2,235.4,False
2025-01-14T11:04:09.338796,1.0,95.0,-38.8,43.1,49.98,61.8,237.5,False
2025-01-14T11:04:09.488927,2.0,77.0,40.9,36.2,49.97,24.4,238.4,False
2025-01-14T11:04:21.206852,1.0,43.9,-0.0,18.5,49.97,52.6,237.6,False
2025-01-14T11:04:33.232978,1.0,43.1,-1.5,18.1,49.95,40.8,237.5,False
2025-01-14T11:04:33.362505,2.0,39.6,82.5,37.9,49.95,16.1,238.4,False
2025-01-14T11:04:45.167225,0.0,43.1,-6.8,18.1,49.95,48.2,235.9,False
2025-01-14T11:04:45.302481,1.0,95.0,-38.8,43.1,49.95,50.7,237.9,False
2025-01-14T11:04:45.422322,2.0,77.0,40.9,36.2,49.96,20.5,238.8,False
2025-01-14T11:04:57.170525,0.0,123.3,-12.1,52.4,49.96,50.2,236.0,False
2025-01-14T11:04:57.304812,1.0,94.3,-37.9,42.9,49.95,78.5,238.0,False
2025-01-14T11:04:57.421275,2.0,68.4,143.7,66.3,49.96,33.3,239.0,False
2025-01-14T11:05:21.219672,0.0,125.5,-12.9,53.3,49.97,48.3,235.8,False
2025-01-14T11:05:21.349380,1.0,95.0,-38.8,43.1,49.96,52.0,237.6,False
2025-01-14T11:05:21.473778,2.0,77.0,40.9,36.2,49.97,20.8,238.8,False
2025-01-14T11:05:21.598983,0.0,82.4,-9.1,35.1,49.97,49.0,235.8,False
2025-01-14T11:05:21.729174,1.0,95.0,-38.8,43.1,49.97,72.5,237.9,False
2025-01-14T11:05:21.862070,2.0,77.0,40.9,36.2,49.97,30.0,238.8,False
2025-01-14T11:05:22.002483,0.0,90.0,-9.8,38.4,49.96,47.2,235.8,False
2025-01-14T11:05:33.227999,1.0,95.0,-38.8,43.1,49.98,39.7,237.8,False
2025-01-14T11:05:33.348890,2.0,77.0,40.9,36.2,49.96,15.6,238.8,False
2025-01-14T11:05:45.178947,0.0,92.3,-7.6,39.5,49.96,46.4,235.5,False
2025-01-14T11:05:45.303803,1.0,95.0,-38.8,43.1,49.95,62.7,237.5,False
2025-01-14T11:05:45.446788,2.0,69.7,149.5,68.6,49.97,49.7,239.1,False
2025-01-14T11:06:09.201906,2.0,77.0,40.9,36.2,49.97,56.9,239.5,False
2025-01-14T11:06:45.177827,0.0,74.1,-5.3,31.6,49.97,47.5,236.0,False
2025-01-14T11:06:45.314669,1.0,95.0,-38.8,43.1,49.98,47.9,238.0,False
2025-01-14T11:06:45.453298,2.0,77.0,40.9,36.2,49.98,37.0,239.6,False
2025-01-14T11:06:57.213649,0.0,49.9,-69.6,36.2,49.96,45.8,235.9,False
2025-01-14T11:06:57.331216,1.0,94.3,-37.9,42.9,49.96,50.0,238.0,False
2025-01-14T11:06:57.451805,2.0,68.4,143.7,66.3,49.96,37.1,239.5,False
2025-01-14T11:06:57.569776,0.0,73.4,-80.2,45.9,49.97,47.0,236.1,False
2025-01-14T11:06:57.688203,1.0,95.0,-38.8,43.1,49.97,60.1,238.1,False
2025-01-14T11:06:57.811575,2.0,77.0,40.9,36.2,49.96,46.2,239.7,False
2025-01-14T11:07:33.174500,0.0,37.1,-5.3,15.8,49.97,45.9,236.0,False
2025-01-14T11:07:33.315209,1.0,95.0,-38.8,43.1,49.97,50.9,238.0,False
2025-01-14T11:07:45.212481,1.0,45.4,-4.5,19.0,49.98,39.2,237.6,False
2025-01-14T11:08:09.179868,0.0,120.3,-18.9,50.6,49.98,46.5,236.6,False
2025-01-14T11:08:09.305239,1.0,95.0,-38.8,43.1,49.98,69.9,238.6,False
2025-01-14T11:08:09.434174,2.0,68.4,143.7,66.3,49.98,56.9,240.2,False
2025-01-14T11:08:21.191659,2.0,77.0,40.9,36.2,49.99,50.2,240.0,False
2025-01-14T11:08:33.181425,0.0,77.9,-15.9,33.0,50.0,48.4,235.8,False
2025-01-14T11:08:33.304975,1.0,95.0,-38.8,43.1,50.0,44.7,237.8,False
2025-01-14T11:08:33.415339,2.0,68.4,143.7,66.3,49.99,33.1,239.4,False
2025-01-14T11:08:57.228599,0.0,98.3,-11.3,41.7,50.0,47.8,236.0,False
2025-01-14T11:08:57.338771,1.0,95.0,-38.8,43.1,50.0,69.3,238.0,False
2025-01-14T11:08:57.440529,2.0,77.0,40.9,36.2,50.01,54.7,239.5,False
2025-01-14T11:08:57.550025,0.0,87.7,-9.1,37.4,50.01,46.5,236.0,False
2025-01-14T11:08:57.685191,1.0,95.0,-38.8,43.1,50.01,49.8,238.0,False
2025-01-14T11:08:57.819568,2.0,77.0,40.9,36.2,50.01,36.4,239.5,False
2025-01-14T11:09:09.184493,0.0,93.0,-9.1,39.7,50.01,48.3,235.9,False
2025-01-14T11:09:09.330588,1.0,95.0,-38.8,43.1,50.02,71.4,237.8,False
2025-01-14T11:09:09.453326,2.0,77.0,40.9,36.2,50.01,57.3,239.4,False
2025-01-14T11:09:33.238605,0.0,59.0,-8.3,25.0,50.0,46.7,235.6,False
2025-01-14T11:09:33.361054,1.0,95.0,-38.8,43.1,50.0,58.4,237.6,False
2025-01-14T11:09:33.481728,2.0,77.0,40.9,36.2,50.0,44.6,239.1,False
2025-01-14T11:09:33.611942,1.0,39.3,-3.0,16.7,50.01,49.6,237.8,False
2025-01-14T11:09:33.731094,2.0,39.3,5.3,16.6,50.01,34.8,239.3,False
2025-01-14T11:09:57.204258,1.0,44.6,-1.5,18.8,50.0,38.9,237.8,False
2025-01-14T11:10:09.266615,1.0,95.0,-38.8,43.1,50.0,49.0,238.0,False
2025-01-14T11:10:09.399293,2.0,77.0,40.9,36.2,50.0,35.8,239.5,False
2025-01-14T11:10:33.190685,0.0,119.5,-8.3,50.6,50.03,48.3,236.1,False
2025-01-14T11:10:33.382269,1.0,94.3,-37.9,42.9,50.02,74.5,238.1,False
2025-01-14T11:10:33.541887,2.0,68.4,143.7,66.3,50.02,61.8,239.8,False
2025-01-14T11:10:45.252775,1.0,95.0,-38.8,43.1,50.02,67.0,238.2,False
2025-01-14T11:10:45.382490,2.0,246.2,684.8,302.2,50.02,28.2,239.5,False
2025-01-14T11:10:45.515064,0.0,31.0,-56.7,27.0,50.02,47.5,236.2,False
2025-01-14T11:10:45.648197,1.0,94.3,-37.9,42.9,50.03,68.0,238.2,False
2025-01-14T11:10:45.773187,2.0,77.0,40.9,36.2,50.02,27.4,239.3,False
2025-01-14T11:10:57.185225,0.0,90.0,44.6,42.5,50.02,47.5,236.2,False
2025-01-14T11:10:57.311156,1.0,115.7,40.8,51.5,50.02,39.5,238.2,False
2025-01-14T11:10:57.467012,2.0,68.4,143.7,66.3,50.02,14.1,239.3,False
2025-01-14T11:11:09.187771,0.0,97.6,-12.1,41.7,50.03,47.0,236.1,False
2025-01-14T11:11:09.345818,1.0,95.0,-38.8,43.1,50.02,64.7,238.1,False
2025-01-14T11:11:09.482770,2.0,77.0,40.9,36.2,50.02,24.8,239.2,False
2025-01-14T11:11:21.187182,0.0,102.9,-15.1,43.8,50.02,47.5,235.9,False
2025-01-14T11:11:21.333999,1.0,95.0,-38.8,43.1,50.01,38.8,237.8,False
2025-01-14T11:11:21.474723,2.0,77.0,40.9,36.2,50.02,14.4,239.0,False
2025-01-14T11:11:33.190128,0.0,119.5,-6.8,51.0,50.01,47.7,235.6,False
2025-01-14T11:11:33.342300,1.0,95.0,-38.8,43.1,50.01,66.8,237.6,False
2025-01-14T11:11:33.492269,2.0,77.0,40.9,36.2,50.02,27.8,238.7,False
2025-01-14T11:11:45.195360,0.0,99.8,-12.9,42.2,50.02,52.3,236.0,False
2025-01-14T11:11:45.333059,1.0,94.3,-37.9,42.9,50.01,84.6,238.0,False
2025-01-14T11:11:45.471222,2.0,68.4,143.7,66.3,50.02,36.1,239.1,False
2025-01-14T11:12:09.191861,0.0,52.9,-3.8,22.5,50.02,47.0,236.5,False
2025-01-14T11:12:09.343010,1.0,95.0,-38.8,43.1,50.03,50.8,238.5,False
2025-01-14T11:12:09.500474,2.0,77.0,40.9,36.2,50.02,18.9,239.7,False
2025-01-14T11:12:33.255163,1.0,95.0,-38.8,43.1,50.02,59.3,238.6,False
2025-01-14T11:12:33.394551,2.0,77.0,40.9,36.2,50.02,23.2,239.8,False
2025-01-14T11:13:09.254986,1.0,95.0,-38.8,43.1,50.03,40.3,238.4,False
2025-01-14T11:13:09.396602,2.0,77.0,40.9,36.2,50.03,14.8,239.5,False
2025-01-14T11:13:33.191734,0.0,100.6,-4.5,42.7,50.04,53.8,236.0,False
2025-01-14T11:13:33.315710,1.0,95.0,-38.8,43.1,50.03,86.9,237.8,False
2025-01-14T11:13:33.460079,2.0,77.0,40.9,36.2,50.03,37.6,239.1,False
2025-01-14T11:13:45.238951,0.0,89.2,-3.8,38.4,50.03,48.1,236.5,False
2025-01-14T11:13:45.374181,1.0,95.0,-38.8,43.1,50.04,71.5,238.4,False
2025-01-14T11:13:45.513736,2.0,77.0,40.9,36.2,50.03,29.4,239.6,False
2025-01-14T11:13:45.652958,0.0,87.7,-2.3,37.1,50.04,52.8,236.5,False
2025-01-14T11:13:45.799223,1.0,95.0,-38.8,43.1,50.05,86.1,238.5,False
2025-01-14T11:13:45.935010,2.0,77.0,40.9,36.2,50.04,38.6,239.7,False
2025-01-14T11:13:46.080163,0.0,124.0,-6.8,52.7,50.04,46.5,236.7,False
2025-01-14T11:13:46.217347,1.0,95.0,-38.8,43.1,50.03,61.9,238.6,False
2025-01-14T11:13:46.349068,2.0,77.0,40.9,36.2,50.04,25.1,239.9,False
2025-01-14T11:13:57.194719,0.0,74.1,-4.5,31.5,50.04,47.4,236.8,False
2025-01-14T11:13:57.311495,1.0,94.3,-37.9,42.9,50.05,46.5,238.7,False
2025-01-14T11:13:57.421184,2.0,68.4,143.7,66.3,50.04,19.2,239.9,False
2025-01-14T11:14:09.194039,0.0,99.1,-6.8,42.3,50.03,48.8,236.4,False
2025-01-14T11:14:09.315247,1.0,95.0,-38.8,43.1,50.04,70.0,238.3,False
2025-01-14T11:14:09.456583,2.0,77.0,40.9,36.2,50.04,29.0,239.5,False
2025-01-14T11:14:21.195067,0.0,65.8,-0.0,27.9,50.03,47.5,236.5,False
2025-01-14T11:14:21.338296,1.0,95.0,-38.8,43.1,50.03,57.7,238.4,False
2025-01-14T11:14:21.481466,2.0,77.0,40.9,36.2,50.03,22.8,239.6,False
2025-01-14T11:14:33.197482,0.0,164.1,-9.1,69.7,50.03,53.1,236.4,False
2025-01-14T11:14:33.333825,1.0,95.0,-38.8,43.1,50.03,86.0,238.3,False
2025-01-14T11:14:33.480078,2.0,77.0,40.9,36.2,50.03,37.1,239.4,False
2025-01-14T11:14:33.622562,0.0,90.8,-0.8,38.4,50.04,49.5,236.3,False
2025-01-14T11:14:33.765247,1.0,95.0,-38.8,43.1,50.04,73.7,238.2,False
2025-01-14T11:14:33.903033,2.0,77.0,40.9,36.2,50.03,29.8,239.4,False
2025-01-14T11:14:45.197980,0.0,58.2,-7.6,24.7,50.06,48.4,236.2,False
2025-01-14T11:14:45.343060,1.0,61.3,-0.8,25.7,50.06,60.9,238.2,False
2025-01-14T11:14:45.493975,2.0,246.2,684.8,302.2,50.06,23.5,239.3,False
2025-01-14T11:14:57.273595,1.0,43.1,-0.0,18.2,50.05,51.3,238.4,False
2025-01-14T11:14:57.427062,2.0,37.1,5.3,15.9,50.05,19.7,239.5,False
2025-01-14T11:15:21.200096,0.0,3.8,-39.3,16.8,50.04,47.7,236.4,False
2025-01-14T11:15:21.347290,1.0,38.7,62.5,31.0,50.03,61.1,238.3,False
2025-01-14T11:15:33.212687,2.0,39.3,-22.7,18.9,50.03,24.8,239.4,False
2025-01-14T11:15:33.350619,0.0,16.6,-66.6,28.9,50.04,48.8,236.5,False
2025-01-14T11:15:33.462206,1.0,95.0,-38.8,43.1,50.03,52.1,238.4,False
2025-01-14T11:15:33.588968,2.0,77.0,40.9,36.2,50.03,20.2,239.5,False
2025-01-14T11:15:45.473263,0.0,27.2,-40.1,20.5,50.02,48.8,236.4,False
2025-01-14T11:15:46.245594,1.0,95.0,-38.8,43.1,50.03,52.5,238.4,False
2025-01-14T11:15:46.916812,0.0,16.6,-36.3,16.9,50.02,47.7,236.4,False
2025-01-14T11:15:47.732712,1.0,95.0,-38.8,43.1,50.02,51.1,238.4,False
2025-01-14T11:15:48.258573,2.0,77.0,40.9,36.2,50.02,37.0,240.1,False
2025-01-14T11:15:57.276339,1.0,95.0,-38.8,43.1,50.01,40.1,238.2,False
2025-01-14T11:15:57.407462,2.0,37.1,5.3,15.6,50.02,28.1,239.8,False
2025-01-14T11:15:57.537652,0.0,119.5,-12.9,51.0,50.02,48.3,236.1,False
2025-01-14T11:15:57.684907,1.0,95.0,-38.8,43.1,50.02,70.6,238.1,False
2025-01-14T11:15:57.811905,2.0,77.0,40.9,36.2,50.02,57.8,239.6,False
2025-01-14T11:16:09.203053,0.0,83.2,-5.3,35.4,50.02,47.0,236.1,False
2025-01-14T11:16:09.353795,1.0,95.0,-38.8,43.1,50.01,50.9,238.1,False
2025-01-14T11:16:09.501080,2.0,77.0,40.9,36.2,50.01,36.5,239.6,False
2025-01-14T11:16:21.202739,0.0,88.5,-6.1,37.9,50.0,49.2,235.8,False
2025-01-14T11:16:21.330142,1.0,95.0,-38.8,43.1,49.99,73.3,237.9,False
2025-01-14T11:16:21.486902,2.0,77.0,40.9,36.2,50.01,60.3,239.4,False
2025-01-14T11:16:33.204112,0.0,36.3,-3.0,15.5,50.01,47.8,235.9,False
2025-01-14T11:16:33.351836,1.0,95.0,-38.8,43.1,50.01,65.1,237.9,False
2025-01-14T11:16:33.493491,2.0,77.0,40.9,36.2,50.01,52.3,239.6,False
2025-01-14T11:16:45.204979,0.0,88.5,-8.3,38.0,50.01,46.8,236.3,False
2025-01-14T11:16:45.329858,1.0,38.7,62.5,31.0,50.01,39.8,238.3,False
2025-01-14T11:16:45.468133,2.0,99.1,16.6,42.0,50.01,27.7,240.0,False
2025-01-14T11:17:09.207178,0.0,96.1,-8.3,40.8,50.02,53.2,236.1,False
2025-01-14T11:17:09.359827,1.0,95.0,-38.8,43.1,50.02,86.4,238.1,False
2025-01-14T11:17:09.512647,2.0,77.0,40.9,36.2,50.0,74.5,239.7,False
2025-01-14T11:17:33.205458,0.0,110.4,-4.5,46.9,50.02,47.9,236.0,False
2025-01-14T11:17:33.321682,1.0,95.0,-38.8,43.1,50.03,49.3,238.0,False
2025-01-14T11:17:33.461666,2.0,77.0,40.9,36.2,50.03,37.1,239.6,False
2025-01-14T11:17:33.592041,0.0,26.5,-28.0,16.5,50.03,46.8,236.1,False
2025-01-14T11:17:57.208899,0.0,51.4,-32.5,25.6,50.04,46.7,236.3,False
2025-01-14T11:17:57.352151,1.0,95.0,-38.8,43.1,50.04,57.9,238.3,False
2025-01-14T11:17:57.488957,2.0,77.0,40.9,36.2,50.04,45.3,239.8,False
2025-01-14T11:18:33.208203,0.0,40.8,-3.0,17.1,50.01,46.8,235.6,False
2025-01-14T11:18:33.350797,1.0,95.0,-38.8,43.1,50.01,39.2,237.8,False
2025-01-14T11:18:33.484968,2.0,77.0,40.9,36.2,50.02,29.3,239.3,False
2025-01-14T11:18:57.210674,0.0,130.8,-3.0,55.8,50.0,53.3,236.0,False
2025-01-14T11:18:57.346317,1.0,95.0,-38.8,43.1,50.01,86.5,237.9,False
2025-01-14T11:18:57.485072,2.0,77.0,40.9,36.2,50.0,74.5,239.6,False
2025-01-14T11:19:21.213341,0.0,121.8,-6.8,51.9,50.0,47.7,236.1,False
2025-01-14T11:19:21.368175,1.0,95.0,-38.8,43.1,50.0,40.1,238.1,False
2025-01-14T11:19:21.511342,2.0,77.0,40.9,36.2,49.99,27.6,239.7,False
2025-01-14T11:19:33.212927,0.0,31.0,-59.7,28.4,50.0,46.9,236.0,False
2025-01-14T11:19:33.357437,1.0,11.3,-44.6,19.2,50.0,38.8,237.9,False
2025-01-14T11:19:33.516532,2.0,11.3,-49.2,20.9,49.99,28.7,239.6,False
2025-01-14T11:19:45.209809,0.0,96.1,-5.3,40.8,50.02,52.2,236.0,False
2025-01-14T11:19:45.333801,1.0,95.0,-38.8,43.1,50.01,84.9,238.0,False
2025-01-14T11:19:45.455904,2.0,77.0,40.9,36.2,50.01,74.0,239.7,False
2025-01-14T11:19:57.211278,0.0,90.8,1.5,38.7,50.01,48.8,236.3,False
2025-01-14T11:19:57.310640,1.0,95.0,-38.8,43.1,50.02,71.6,238.2,False
2025-01-14T11:19:57.401021,2.0,77.0,40.9,36.2,50.01,57.7,239.8,False
2025-01-14T11:20:09.218041,0.0,61.3,-4.5,25.9,50.0,47.1,236.2,False
2025-01-14T11:20:09.364307,1.0,60.5,-1.5,25.4,50.0,60.4,238.2,False
2025-01-14T11:20:09.511365,2.0,61.3,-1.5,25.5,50.0,47.1,239.7,False
2025-01-14T11:20:21.215194,0.0,36.3,-1.5,15.6,50.01,46.5,236.4,False
2025-01-14T11:20:21.357580,1.0,45.4,1.5,19.1,50.01,50.2,238.4,False
2025-01-14T11:20:21.492279,2.0,40.1,7.6,17.0,50.01,37.3,239.9,False
2025-01-14T11:20:45.218949,0.0,47.6,-3.0,20.4,50.0,48.1,236.2,False
2025-01-14T11:20:45.358442,1.0,95.0,-38.8,43.1,50.0,62.0,238.2,False
2025-01-14T11:20:45.487370,2.0,246.2,684.8,302.2,50.0,25.5,239.3,False
2025-01-14T11:20:57.214019,0.0,40.8,-3.0,17.2,50.01,46.7,236.1,False
2025-01-14T11:20:57.368500,1.0,95.0,-38.8,43.1,50.01,50.4,238.1,False
2025-01-14T11:20:57.468295,2.0,246.2,684.8,302.2,50.02,19.7,239.1,False
2025-01-14T11:21:21.263510,1.0,43.9,-1.5,18.4,50.03,40.0,238.2,False
2025-01-14T11:21:21.400053,2.0,36.3,7.6,15.5,50.02,14.6,239.2,False
2025-01-14T11:21:33.215120,0.0,59.7,-4.5,25.4,50.01,49.8,236.0,False
2025-01-14T11:21:33.327761,1.0,95.0,-38.8,43.1,50.01,72.7,238.0,False
2025-01-14T11:21:33.451174,2.0,77.0,40.9,36.2,50.01,30.6,239.0,False
2025-01-14T11:21:45.213649,0.0,83.2,-3.0,35.0,50.01,53.3,236.2,False
2025-01-14T11:21:45.356748,1.0,94.3,-37.9,42.9,50.0,87.0,238.2,False
2025-01-14T11:21:45.470591,2.0,68.4,143.7,66.3,50.01,39.0,239.2,False
2025-01-14T11:22:09.215846,0.0,88.5,-11.3,37.9,50.02,48.0,236.1,False
2025-01-14T11:22:09.343961,1.0,95.0,-38.8,43.1,50.01,40.8,238.0,False
2025-01-14T11:22:09.468656,2.0,77.0,40.9,36.2,50.02,14.8,239.1,False
2025-01-14T11:22:33.217131,0.0,109.7,-4.5,46.7,50.02,55.1,236.2,False
2025-01-14T11:22:33.341095,1.0,95.0,-38.8,43.1,50.03,89.2,238.2,False
2025-01-14T11:22:33.490441,2.0,77.0,40.9,36.2,50.02,39.3,239.2,False
2025-01-14T11:22:45.214993,0.0,53.7,-0.8,22.6,50.03,51.6,236.1,False
2025-01-14T11:22:45.324216,1.0,95.0,-38.8,43.1,50.02,79.9,238.0,False
2025-01-14T11:22:45.414387,2.0,77.0,40.9,36.2,50.03,33.5,239.1,False
2025-01-14T11:22:57.216156,0.0,127.8,-28.7,55.5,50.02,47.8,236.1,False
2025-01-14T11:22:57.316973,1.0,94.3,-37.9,42.9,50.03,51.1,238.0,False
2025-01-14T11:22:57.424686,2.0,68.4,143.7,66.3,50.02,19.3,239.1,False
2025-01-14T11:23:21.220176,0.0,22.7,-41.6,20.4,50.04,47.0,236.4,False
2025-01-14T11:23:21.349476,2.0,55.2,-32.5,27.5,50.06,19.0,239.4,False
2025-01-14T11:23:33.217185,0.0,0.0,-48.4,20.3,50.03,47.3,236.5,False
2025-01-14T11:23:33.336531,1.0,95.0,-38.8,43.1,50.03,38.9,238.4,False
2025-01-14T11:23:33.465114,2.0,77.0,40.9,36.2,50.03,15.0,239.5,False
2025-01-14T11:23:33.607628,0.0,35.5,-9.1,15.6,50.03,46.6,236.5,False
2025-01-14T11:23:33.755423,1.0,94.3,-37.9,42.9,50.03,49.0,238.4,False
2025-01-14T11:23:33.910077,1.0,95.0,-38.8,43.1,50.03,49.0,238.4,False
2025-01-14T11:23:34.061545,2.0,39.6,82.5,37.9,50.03,19.5,239.5,False
2025-01-14T11:23:57.227321,0.0,40.1,-9.1,17.3,50.04,47.3,236.3,False
2025-01-14T11:23:57.384543,1.0,94.3,-37.9,42.9,50.03,38.8,238.2,False
2025-01-14T11:23:57.522030,2.0,77.0,40.9,36.2,50.04,15.1,239.4,False
2025-01-14T11:24:33.217472,0.0,126.3,-12.1,53.8,50.04,47.1,236.3,False
2025-01-14T11:24:33.346079,1.0,95.0,-38.8,43.1,50.03,69.1,238.2,False
2025-01-14T11:24:33.474198,2.0,77.0,40.9,36.2,50.04,30.1,239.3,False
2025-01-14T11:24:45.453524,0.0,88.5,-4.5,37.4,50.04,46.5,236.2,False
2025-01-14T11:24:46.217926,1.0,95.0,-38.8,43.1,50.04,48.9,238.2,False
2025-01-14T11:24:47.168463,2.0,77.0,40.9,36.2,50.04,18.7,239.3,False
2025-01-14T11:24:48.140680,0.0,37.1,-7.6,16.1,50.03,47.2,236.2,False
2025-01-14T11:24:49.028669,1.0,42.4,2.3,17.8,50.03,38.8,238.2,False
2025-01-14T11:25:09.222609,0.0,127.1,-15.9,54.6,50.03,48.0,235.9,False
2025-01-14T11:25:09.402073,1.0,95.0,-38.8,43.1,50.04,69.9,237.9,False
2025-01-14T11:25:09.553643,2.0,77.0,40.9,36.2,50.04,29.2,238.9,False
2025-01-14T11:25:33.217058,0.0,82.4,-9.1,35.6,50.04,45.5,236.3,False
2025-01-14T11:25:33.364424,1.0,95.0,-38.8,43.1,50.04,48.6,238.3,False
2025-01-14T11:25:33.504769,2.0,77.0,40.9,36.2,50.05,19.3,239.3,False
2025-01-14T11:25:45.243148,2.0,39.6,82.5,37.9,50.04,35.4,239.7,False
2025-01-14T11:25:57.220992,0.0,60.5,-99.8,49.8,50.04,45.8,236.2,False
2025-01-14T11:25:57.358772,1.0,22.7,-77.1,34.0,50.04,47.0,238.2,False
2025-01-14T11:25:57.514378,2.0,21.9,-83.2,36.1,50.04,36.1,239.9,False
2025-01-14T11:26:33.220481,0.0,28.0,-96.1,42.5,50.03,47.4,236.1,False
2025-01-14T11:26:33.379952,1.0,95.0,-38.8,43.1,50.03,39.3,238.1,False
2025-01-14T11:26:33.525797,2.0,246.2,684.8,302.2,50.02,28.7,239.7,False
2025-01-14T11:26:33.675038,2.0,246.2,684.8,302.2,50.02,28.7,239.7,False
2025-01-14T11:26:57.219443,0.0,116.5,-9.8,49.6,50.03,47.4,236.0,False
2025-01-14T11:26:57.357583,1.0,94.3,-37.9,42.9,50.03,68.0,238.0,False
2025-01-14T11:26:57.485659,2.0,77.0,40.9,36.2,50.03,57.4,239.6,False
2025-01-14T11:27:21.221429,0.0,75.6,-3.0,32.2,50.03,46.1,236.2,False
2025-01-14T11:27:21.356954,1.0,95.0,-38.8,43.1,50.02,48.8,238.2,False
2025-01-14T11:27:21.502499,2.0,77.0,40.9,36.2,50.03,36.4,239.7,False
2025-01-14T11:27:33.221684,0.0,43.9,-6.1,18.9,50.03,47.5,236.4,False
2025-01-14T11:27:33.378474,1.0,94.3,-37.9,42.9,50.02,37.8,238.3,False
2025-01-14T11:27:33.522314,2.0,44.6,3.8,18.7,50.03,27.0,239.9,False
2025-01-14T11:27:57.226644,0.0,123.3,-15.1,52.8,50.02,48.1,236.2,False
2025-01-14T11:27:57.371086,1.0,95.0,-38.8,43.1,50.02,71.0,238.2,False
2025-01-14T11:27:57.512831,2.0,77.0,40.9,36.2,50.01,59.9,239.7,False
2025-01-14T11:28:21.222437,0.0,42.4,-0.8,18.0,50.03,47.4,236.3,False
2025-01-14T11:28:21.357184,1.0,95.0,-38.8,43.1,50.03,62.7,238.4,False
2025-01-14T11:28:21.501703,2.0,77.0,40.9,36.2,50.03,50.5,239.9,False
2025-01-14T11:28:33.222001,0.0,77.1,-12.9,33.0,50.02,47.4,236.2,False
2025-01-14T11:28:33.343409,1.0,102.1,-6.1,42.9,50.02,38.8,238.3,False
2025-01-14T11:28:33.466220,2.0,89.2,15.9,37.8,50.03,27.4,239.7,False
2025-01-14T11:29:57.222326,0.0,80.2,-9.8,34.3,50.03,47.7,236.1,False
2025-01-14T11:29:57.369980,1.0,95.0,-38.8,43.1,50.03,62.2,238.1,False
2025-01-14T11:29:57.518605,2.0,77.0,40.9,36.2,50.03,49.5,239.6,False
2025-01-14T11:30:21.381270,0.0,127.8,-96.1,68.0,50.01,47.7,236.2,False
2025-01-14T11:30:21.940581,1.0,95.0,-38.8,43.1,50.01,39.4,238.4,False
2025-01-14T11:30:22.462063,2.0,77.0,40.9,36.2,50.01,27.6,239.9,False
2025-01-14T11:30:45.228087,0.0,139.2,-94.5,71.5,50.0,47.2,236.1,False
2025-01-14T11:30:45.365116,1.0,95.0,-38.8,43.1,50.0,64.1,238.2,False
2025-01-14T11:30:45.495165,2.0,246.2,684.8,302.2,50.0,26.0,239.4,False
2025-01-14T11:30:57.225437,0.0,99.1,-66.6,50.6,49.99,47.7,236.1,False
2025-01-14T11:30:57.380105,1.0,95.0,-38.8,43.1,49.99,39.3,238.1,False
2025-01-14T11:30:57.465833,2.0,246.2,684.8,302.2,49.98,15.5,239.0,False
2025-01-14T11:32:33.225611,0.0,157.3,-120.3,83.8,50.0,48.2,236.1,False
2025-01-14T11:32:33.348489,1.0,95.0,-38.8,43.1,50.0,66.5,238.2,False
2025-01-14T11:32:33.473545,2.0,77.0,40.9,36.2,50.0,26.2,239.1,False
2025-01-14T11:32:57.225511,0.0,100.6,-18.2,43.3,50.0,48.1,236.1,False
2025-01-14T11:32:57.349823,1.0,95.0,-38.8,43.1,50.0,40.6,238.1,False
2025-01-14T11:32:57.468531,2.0,77.0,40.9,36.2,50.0,15.5,239.1,False
2025-01-14T11:33:33.227616,0.0,78.7,-17.4,33.9,50.01,47.3,236.3,False
2025-01-14T11:33:33.338484,1.0,95.0,-38.8,43.1,50.01,64.3,238.3,False
2025-01-14T11:33:33.453062,2.0,77.0,40.9,36.2,50.01,26.1,239.4,False
2025-01-14T11:33:57.228378,0.0,115.0,-87.7,60.6,49.99,47.2,235.7,False
2025-01-14T11:33:57.333541,1.0,95.0,-38.8,43.1,49.99,40.2,237.8,False
2025-01-14T11:33:57.454684,2.0,77.0,40.9,36.2,49.98,15.1,238.9,False
2025-01-14T11:34:33.226797,0.0,37.1,-68.8,33.0,50.0,47.1,235.9,False
2025-01-14T11:34:33.359838,1.0,95.0,-38.8,43.1,49.99,39.7,237.8,False
2025-01-14T11:34:33.479269,2.0,77.0,40.9,36.2,49.99,15.2,238.9,False
2025-01-14T11:35:33.228012,0.0,83.2,-10.6,35.9,49.99,47.9,235.6,False
2025-01-14T11:35:33.350221,1.0,94.3,-37.9,42.9,50.01,64.9,237.6,False
2025-01-14T11:35:33.481327,2.0,57.4,120.5,55.5,50.0,26.8,238.7,False
2025-01-14T11:35:45.296143,0.0,40.8,-71.8,35.5,50.02,47.0,235.9,False
2025-01-14T11:35:45.429902,1.0,95.0,-38.8,43.1,50.02,63.9,238.0,False
2025-01-14T11:35:45.543492,2.0,77.0,40.9,36.2,50.03,50.5,239.5,False
2025-01-14T11:35:45.670708,0.0,47.6,-72.6,36.6,50.02,46.4,236.1,False
2025-01-14T11:35:45.794438,1.0,95.0,-38.8,43.1,50.01,62.9,238.1,False
2025-01-14T11:35:45.916113,2.0,77.0,40.9,36.2,50.02,50.0,239.7,False
2025-01-14T11:35:46.035278,0.0,78.7,-7.6,33.5,50.02,46.0,236.1,False
2025-01-14T11:35:46.167123,1.0,95.0,-38.8,43.1,50.02,40.3,238.1,False
2025-01-14T11:35:46.305658,2.0,77.0,40.9,36.2,50.02,27.4,239.7,False
2025-01-14T11:36:09.232627,0.0,72.6,-6.1,31.0,50.02,45.7,236.0,False
2025-01-14T11:36:09.355438,1.0,95.0,-38.8,43.1,50.01,62.9,238.1,False
2025-01-14T11:36:09.478863,2.0,77.0,40.9,36.2,50.01,51.6,239.7,False
2025-01-14T11:36:33.230082,0.0,88.5,-11.3,37.7,50.01,46.9,235.9,False
2025-01-14T11:36:33.373921,1.0,95.0,-38.8,43.1,50.01,39.3,237.9,False
2025-01-14T11:36:33.517069,2.0,77.0,40.9,36.2,50.02,29.1,239.4,False
2025-01-14T11:37:57.232101,0.0,89.2,-7.6,38.0,50.01,46.6,235.9,False
2025-01-14T11:37:57.353149,1.0,95.0,-38.8,43.1,50.01,64.6,237.9,False
2025-01-14T11:37:57.471467,2.0,77.0,40.9,36.2,50.0,54.1,239.4,False
2025-01-14T11:38:21.232299,0.0,78.7,-7.6,33.4,50.01,47.9,235.7,False
2025-01-14T11:38:21.376373,1.0,95.0,-38.8,43.1,50.0,38.5,237.8,False
2025-01-14T11:38:21.517287,2.0,77.0,40.9,36.2,50.01,28.7,239.2,False
2025-01-14T11:38:57.232165,0.0,79.4,-11.3,33.8,50.01,47.5,236.0,False
2025-01-14T11:38:57.361866,1.0,95.0,-38.8,43.1,50.0,63.7,238.1,False
2025-01-14T11:38:57.480111,2.0,77.0,40.9,36.2,50.01,52.7,239.6,False
2025-01-14T11:39:33.232583,0.0,85.5,-9.1,36.5,49.99,46.7,236.0,False
2025-01-14T11:39:33.342525,1.0,95.0,-38.8,43.1,49.99,40.6,238.0,False
2025-01-14T11:39:33.458603,2.0,77.0,40.9,36.2,49.99,29.7,239.6,False
2025-01-14T11:40:45.253515,2.0,246.2,684.8,302.2,50.0,15.5,238.8,False
2025-01-14T11:40:57.234461,0.0,25.0,-42.4,21.1,50.0,46.5,236.0,False
2025-01-14T11:40:57.353112,2.0,57.4,120.5,55.5,50.0,15.1,238.8,False
2025-01-14T11:40:57.475782,0.0,107.4,-53.7,51.1,50.01,47.8,235.9,False
2025-01-14T11:40:57.621277,1.0,95.0,-38.8,43.1,50.01,65.2,237.8,False
2025-01-14T11:40:57.766454,2.0,77.0,40.9,36.2,50.02,27.3,238.8,False
2025-01-14T11:41:21.236978,0.0,73.4,-12.1,31.7,50.03,46.5,236.1,False
2025-01-14T11:41:21.380072,1.0,95.0,-38.8,43.1,50.03,40.7,238.1,False
2025-01-14T11:41:21.517165,2.0,77.0,40.9,36.2,50.02,16.3,239.0,False
2025-01-14T11:41:45.236708,0.0,63.5,-4.5,26.5,50.03,47.0,236.7,False
2025-01-14T11:41:45.365657,1.0,95.0,-38.8,43.1,50.03,64.2,238.6,False
2025-01-14T11:41:45.484035,2.0,77.0,40.9,36.2,50.02,26.8,239.7,False
2025-01-14T11:41:57.237661,0.0,71.8,-0.8,30.4,50.04,46.4,236.7,False
2025-01-14T11:41:57.355431,1.0,95.0,-38.8,43.1,50.04,39.7,238.6,False
2025-01-14T11:41:57.476802,2.0,77.0,40.9,36.2,50.05,15.4,239.6,False
2025-01-14T11:43:33.242469,0.0,82.4,-6.1,35.2,50.04,48.0,236.4,False
2025-01-14T11:43:33.382221,1.0,95.0,-38.8,43.1,50.04,64.2,238.3,False
2025-01-14T11:43:33.516529,2.0,77.0,40.9,36.2,50.02,28.0,239.4,False
2025-01-14T11:43:45.235653,0.0,74.9,-7.6,31.8,50.03,46.2,236.3,False
2025-01-14T11:43:45.366771,1.0,95.0,-38.8,43.1,50.03,40.7,238.2,False
2025-01-14T11:43:45.469658,2.0,77.0,40.9,36.2,50.03,16.0,239.3,False
2025-01-14T11:44:33.235070,0.0,74.9,-7.6,32.2,50.01,47.4,236.0,False
2025-01-14T11:44:33.356613,1.0,95.0,-38.8,43.1,50.01,64.5,237.9,False
2025-01-14T11:44:33.469865,2.0,77.0,40.9,36.2,50.01,28.0,239.0,False
2025-01-14T11:44:57.237192,0.0,80.9,-9.1,34.7,50.0,46.9,236.2,False
2025-01-14T11:44:57.343396,1.0,95.0,-38.8,43.1,50.0,39.7,238.2,False
2025-01-14T11:44:57.448676,2.0,77.0,40.9,36.2,50.01,15.7,239.2,False
2025-01-14T11:45:45.257781,2.0,246.2,684.8,302.2,49.99,31.4,239.6,False
2025-01-14T11:46:09.241034,0.0,37.1,-56.0,28.4,49.99,47.0,235.9,False
2025-01-14T11:46:09.402058,1.0,94.3,-37.9,42.9,49.99,40.0,237.9,False
2025-01-14T11:46:09.552408,2.0,24.2,-47.6,22.2,49.99,29.1,239.5,False
2025-01-14T11:46:33.277328,0.0,121.0,-65.8,58.3,49.99,47.4,236.0,False
2025-01-14T11:46:33.408567,1.0,95.0,-38.8,43.1,49.99,65.2,238.0,False
2025-01-14T11:46:33.548423,2.0,77.0,40.9,36.2,49.99,53.4,239.5,False
2025-01-14T11:46:57.243823,0.0,31.0,-43.9,22.8,50.01,47.3,236.2,False
2025-01-14T11:46:57.375667,1.0,95.0,-38.8,43.1,50.0,39.5,238.1,False
2025-01-14T11:46:57.509184,2.0,77.0,40.9,36.2,50.01,28.3,239.6,False
2025-01-14T11:47:09.242285,0.0,56.0,21.9,25.6,50.0,47.8,235.9,False
2025-01-14T11:47:09.375085,1.0,95.0,-38.8,43.1,50.01,63.6,237.9,False
2025-01-14T11:47:09.504959,2.0,77.0,40.9,36.2,50.01,51.6,239.4,False
2025-01-14T11:47:33.242185,0.0,29.5,-65.8,30.4,50.02,46.4,236.1,False
2025-01-14T11:47:33.373369,1.0,95.0,-38.8,43.1,50.03,39.8,238.1,False
2025-01-14T11:47:33.499383,2.0,80.1,177.4,81.0,50.02,28.8,239.6,False
2025-01-14T11:47:33.633480,2.0,80.1,177.4,81.0,50.02,28.8,239.6,False
2025-01-14T11:47:33.782970,2.0,77.0,40.9,36.2,50.02,28.8,239.6,False
2025-01-14T11:48:45.245410,0.0,92.3,-6.8,39.3,50.01,48.3,236.0,False
2025-01-14T11:48:45.371642,1.0,95.0,-38.8,43.1,50.0,64.9,238.0,False
2025-01-14T11:48:45.489715,2.0,77.0,40.9,36.2,50.01,54.8,239.5,False
2025-01-14T11:49:09.244000,0.0,115.7,-6.1,49.3,50.03,53.9,235.8,False
2025-01-14T11:49:09.369674,1.0,94.3,-37.9,42.9,50.02,87.1,237.8,False
2025-01-14T11:49:09.498948,2.0,57.4,120.5,55.5,49.99,79.1,239.3,False
2025-01-14T11:49:21.297948,0.0,56.0,-4.5,24.2,50.01,47.0,236.0,False
2025-01-14T11:49:21.453341,1.0,95.0,-38.8,43.1,50.03,64.9,238.0,False
2025-01-14T11:49:21.589027,2.0,77.0,40.9,36.2,50.04,53.6,239.6,False
2025-01-14T11:49:21.720281,0.0,59.0,-2.3,25.0,50.03,50.4,236.0,False
2025-01-14T11:49:21.854031,1.0,95.0,-38.8,43.1,50.03,77.5,238.0,False
2025-01-14T11:49:21.971641,2.0,77.0,40.9,36.2,50.02,67.7,239.6,False
2025-01-14T11:49:33.245738,0.0,127.8,-10.6,54.2,50.02,46.4,235.8,False
2025-01-14T11:49:33.366833,1.0,95.0,-38.8,43.1,50.02,49.0,237.7,False
2025-01-14T11:49:33.471930,2.0,77.0,40.9,36.2,50.02,39.4,239.3,False
2025-01-14T11:49:45.247399,0.0,23.4,-40.8,20.3,50.04,46.4,236.0,False
2025-01-14T11:49:57.247997,0.0,145.2,-51.4,65.1,50.03,50.5,236.2,False
2025-01-14T11:49:57.366354,1.0,95.0,-38.8,43.1,50.03,77.0,238.2,False
2025-01-14T11:49:57.482967,2.0,77.0,40.9,36.2,50.02,68.5,239.6,False
2025-01-14T11:50:21.250787,0.0,34.8,4.5,15.0,50.04,50.4,236.0,False
2025-01-14T11:50:33.248004,0.0,165.6,-3.0,70.2,50.03,46.6,236.0,False
2025-01-14T11:50:33.376032,1.0,95.0,-38.8,43.1,50.03,39.0,238.0,False
2025-01-14T11:50:33.499697,2.0,77.0,40.9,36.2,50.03,29.8,239.5,False
2025-01-14T11:50:45.446500,0.0,33.3,-13.6,15.3,50.02,47.4,236.0,False
2025-01-14T11:50:46.484069,2.0,246.2,684.8,302.2,50.01,15.4,238.9,False
2025-01-14T11:50:47.354487,2.0,57.4,120.5,55.5,50.03,15.1,239.3,False
2025-01-14T11:50:57.316101,0.0,87.0,-10.6,37.0,50.03,47.9,236.3,False
2025-01-14T11:50:57.489320,1.0,95.0,-38.8,43.1,50.01,64.0,238.2,False
2025-01-14T11:50:57.640802,2.0,77.0,40.9,36.2,50.02,26.9,239.3,False
2025-01-14T11:50:57.788545,0.0,43.1,-4.5,18.0,50.03,48.5,236.6,False
2025-01-14T11:50:57.936519,1.0,38.7,62.5,31.0,50.02,71.3,238.5,False
2025-01-14T11:50:58.103617,2.0,39.6,82.5,37.9,50.03,30.8,239.5,False
2025-01-14T11:51:21.250088,0.0,95.3,-7.6,40.4,50.02,47.8,236.5,False
2025-01-14T11:51:21.426036,1.0,95.0,-38.8,43.1,50.03,50.1,238.5,False
2025-01-14T11:51:21.573565,2.0,77.0,40.9,36.2,50.03,20.5,239.5,False
2025-01-14T11:51:21.732445,0.0,28.7,-46.1,23.2,50.02,48.0,236.7,False
2025-01-14T11:51:21.890412,1.0,94.3,-37.9,42.9,50.03,49.4,238.6,False
2025-01-14T11:51:22.043356,2.0,39.6,82.5,37.9,50.03,19.9,239.6,False
2025-01-14T11:51:33.253093,0.0,4.5,-39.3,17.1,50.03,48.2,236.4,False
2025-01-14T11:51:33.388167,1.0,38.7,62.5,31.0,50.03,37.9,238.3,False
2025-01-14T11:51:33.534478,2.0,77.0,40.9,36.2,50.03,15.0,239.3,False
2025-01-14T11:51:45.306393,0.0,60.5,-104.4,51.0,50.03,48.3,236.3,False
2025-01-14T11:51:45.446250,1.0,18.2,-79.4,34.3,50.03,38.8,238.4,False
2025-01-14T11:51:45.613811,2.0,77.0,40.9,36.2,50.03,16.5,239.4,False
2025-01-14T11:51:45.755422,0.0,152.0,-115.7,81.1,50.03,47.3,236.2,False
2025-01-14T11:51:45.912367,1.0,95.0,-38.8,43.1,50.02,63.4,238.3,False
2025-01-14T11:51:46.059847,2.0,77.0,40.9,36.2,50.04,27.3,239.3,False
2025-01-14T11:51:57.256031,0.0,125.5,-6.1,53.5,50.03,51.5,236.1,False
2025-01-14T11:51:57.383270,1.0,94.3,-37.9,42.9,50.03,86.6,238.0,False
2025-01-14T11:51:57.503314,2.0,68.4,143.7,66.3,50.03,39.7,239.0,False
2025-01-14T11:52:09.304199,0.0,95.3,-5.3,40.7,50.04,47.7,236.2,False
2025-01-14T11:52:09.451965,1.0,95.0,-38.8,43.1,50.04,68.9,238.2,False
2025-01-14T11:52:09.601716,2.0,77.0,40.9,36.2,50.03,29.9,239.2,False
2025-01-14T11:52:09.745079,0.0,35.5,3.0,15.2,50.03,46.7,236.4,False
2025-01-14T11:52:09.885398,1.0,94.3,-37.9,42.9,50.04,58.5,238.3,False
2025-01-14T11:52:10.056035,2.0,68.4,143.7,66.3,50.03,24.5,239.3,False
2025-01-14T11:52:21.256678,0.0,52.2,-10.6,22.3,50.03,47.3,236.1,False
2025-01-14T11:52:21.408424,1.0,43.9,-0.0,18.4,50.02,38.6,238.1,False
2025-01-14T11:52:21.566109,0.0,54.5,-90.0,44.4,50.02,48.3,236.0,False
2025-01-14T11:52:21.715067,1.0,17.4,-68.8,29.7,50.01,38.0,237.9,False
2025-01-14T11:52:21.866050,2.0,246.2,684.8,302.2,50.03,15.4,238.9,False
2025-01-14T11:52:33.335029,1.0,95.0,-38.8,43.1,50.03,37.6,238.0,False
2025-01-14T11:52:33.480091,2.0,77.0,40.9,36.2,50.02,16.2,239.0,False
2025-01-14T11:52:33.614859,0.0,40.8,-15.1,18.6,50.03,48.0,235.9,False
2025-01-14T11:52:33.754819,0.0,42.4,-15.9,19.2,50.02,48.5,235.9,False
2025-01-14T11:52:45.312047,0.0,129.3,-17.4,54.9,50.03,48.5,236.3,False
2025-01-14T11:52:45.444755,1.0,94.3,-37.9,42.9,50.02,70.3,238.2,False
2025-01-14T11:52:45.602207,2.0,68.4,143.7,66.3,50.02,30.5,239.3,False
2025-01-14T11:52:45.754136,1.0,38.7,62.5,31.0,50.02,76.9,238.4,False
2025-01-14T11:52:45.906325,2.0,39.6,82.5,37.9,50.02,34.3,239.4,False
2025-01-14T11:52:57.257852,0.0,83.9,-5.3,35.4,50.02,47.2,236.2,False
2025-01-14T11:52:57.404145,1.0,95.0,-38.8,43.1,50.03,59.3,238.1,False
2025-01-14T11:52:57.556154,2.0,77.0,40.9,36.2,50.03,24.3,239.1,False
2025-01-14T11:53:21.257930,0.0,82.4,-80.9,48.9,50.02,47.1,236.1,False
2025-01-14T11:53:21.390207,1.0,94.3,-37.9,42.9,50.03,49.2,238.1,False
2025-01-14T11:53:21.520314,2.0,39.6,82.5,37.9,50.03,19.4,239.0,False
2025-01-14T11:53:45.258997,0.0,65.8,25.0,29.7,50.03,47.0,236.4,False
2025-01-14T11:53:45.396367,1.0,95.0,-38.8,43.1,50.03,67.7,238.3,False
2025-01-14T11:53:45.530038,2.0,77.0,40.9,36.2,50.04,29.0,239.3,False
2025-01-14T11:53:57.260958,0.0,110.4,-115.0,67.9,50.03,46.0,236.2,False
2025-01-14T11:53:57.406213,1.0,94.3,-37.9,42.9,50.03,68.5,238.1,False
2025-01-14T11:53:57.561157,2.0,39.6,82.5,37.9,50.03,29.7,239.1,False
2025-01-14T11:54:09.309862,0.0,50.7,6.1,21.7,50.04,47.9,236.2,False
2025-01-14T11:54:09.454798,1.0,95.0,-38.8,43.1,50.03,39.9,238.2,False
2025-01-14T11:54:09.600257,2.0,77.0,40.9,36.2,50.03,15.8,239.1,False
2025-01-14T11:54:09.736131,0.0,44.6,-6.1,19.2,50.04,47.8,236.2,False
2025-01-14T11:54:09.881438,0.0,35.5,-5.3,15.3,50.04,47.7,236.2,False
2025-01-14T11:54:33.261514,0.0,115.0,-6.1,49.0,50.04,50.3,235.9,False
2025-01-14T11:54:33.398086,1.0,95.0,-38.8,43.1,50.05,87.7,237.9,False
2025-01-14T11:54:33.533306,2.0,77.0,40.9,36.2,50.04,40.4,238.9,False
2025-01-14T11:54:33.666073,1.0,95.0,-38.8,43.1,50.03,73.4,237.9,False
2025-01-14T11:54:33.817389,2.0,77.0,40.9,36.2,50.03,32.6,238.9,False
2025-01-14T11:54:45.265926,0.0,100.6,-29.5,44.6,50.03,49.2,235.8,False
2025-01-14T11:54:45.411072,0.0,55.2,-18.9,24.6,50.03,48.3,236.0,False
2025-01-14T11:54:45.556954,1.0,95.0,-38.8,43.1,50.03,76.7,238.0,False
2025-01-14T11:54:45.696442,2.0,77.0,40.9,36.2,50.04,34.5,239.0,False
2025-01-14T11:54:57.262064,0.0,128.6,-12.1,54.3,50.05,47.9,235.6,False
2025-01-14T11:54:57.398033,1.0,95.0,-38.8,43.1,50.05,50.0,237.6,False
2025-01-14T11:54:57.520585,2.0,77.0,40.9,36.2,50.05,20.9,238.5,False
2025-01-14T11:55:09.265800,0.0,98.3,-13.6,41.6,50.05,46.4,236.0,False
2025-01-14T11:55:21.261754,0.0,56.0,-4.5,23.9,50.04,47.6,236.1,False
2025-01-14T11:55:33.264169,0.0,107.4,-3.0,45.5,50.03,47.9,236.0,False
2025-01-14T11:55:33.385707,1.0,95.0,-38.8,43.1,50.04,74.6,238.1,False
2025-01-14T11:55:33.524595,2.0,77.0,40.9,36.2,50.04,33.5,239.0,False
2025-01-14T11:55:57.331819,1.0,95.0,-38.8,43.1,50.03,38.0,237.6,False
2025-01-14T11:55:57.466211,2.0,77.0,40.9,36.2,50.03,29.0,239.2,False
2025-01-14T11:56:09.324486,0.0,44.6,-8.3,19.0,50.04,48.3,235.3,False
2025-01-14T11:56:21.267988,0.0,110.4,-16.6,47.1,50.04,47.2,235.6,False
2025-01-14T11:56:21.438205,1.0,95.0,-38.8,43.1,50.04,62.9,237.7,False
2025-01-14T11:56:21.560491,2.0,77.0,40.9,36.2,50.04,51.3,239.2,False
2025-01-14T11:56:33.264298,0.0,64.3,-110.4,55.1,50.04,48.3,236.2,False
2025-01-14T11:56:33.403683,1.0,95.0,-38.8,43.1,50.05,70.2,238.2,False
2025-01-14T11:56:33.536421,2.0,77.0,40.9,36.2,50.05,60.2,239.8,False
2025-01-14T11:56:33.676368,0.0,59.0,-99.8,49.0,50.06,48.7,236.3,False
2025-01-14T11:56:33.818543,1.0,95.0,-38.8,43.1,50.05,70.3,238.2,False
2025-01-14T11:56:33.963399,2.0,77.0,40.9,36.2,50.04,59.5,239.8,False
2025-01-14T11:56:34.101881,1.0,95.0,-38.8,43.1,50.05,49.0,238.4,False
2025-01-14T11:56:34.240163,2.0,77.0,40.9,36.2,50.03,38.4,240.0,False
2025-01-14T11:56:45.270454,0.0,3.0,-54.5,23.1,50.04,47.4,236.4,False
2025-01-14T11:56:45.406214,1.0,95.0,-38.8,43.1,50.04,48.5,238.3,False
2025-01-14T11:56:45.524096,1.0,38.7,62.5,31.0,50.04,48.5,238.3,False
2025-01-14T11:56:45.653047,2.0,77.0,40.9,36.2,50.04,38.1,239.9,False
2025-01-14T11:56:45.772642,2.0,68.4,143.7,66.3,50.04,38.1,239.9,False
2025-01-14T11:56:57.266126,0.0,49.9,-12.9,21.9,50.02,49.1,236.4,False
2025-01-14T11:56:57.385988,1.0,95.0,-38.8,43.1,50.02,37.9,238.3,False
2025-01-14T11:57:09.268374,0.0,96.8,-9.1,41.3,50.03,47.4,236.2,False
2025-01-14T11:57:09.401305,1.0,95.0,-38.8,43.1,50.02,62.6,238.1,False
2025-01-14T11:57:09.580420,2.0,57.4,120.5,55.5,50.03,51.5,239.7,False
2025-01-14T11:57:21.267471,0.0,66.6,-5.3,28.5,50.03,47.1,236.0,False
2025-01-14T11:57:33.263651,0.0,64.3,-0.8,27.1,50.03,47.1,235.8,False
2025-01-14T11:57:33.383051,1.0,95.0,-38.8,43.1,50.02,47.8,237.8,False
2025-01-14T11:57:33.506420,2.0,77.0,40.9,36.2,50.03,39.0,239.4,False
2025-01-14T11:57:33.604458,0.0,123.3,-14.4,52.5,50.04,47.8,236.2,False
2025-01-14T11:57:33.723576,1.0,95.0,-38.8,43.1,50.04,75.4,238.1,False
2025-01-14T11:57:33.836709,2.0,77.0,40.9,36.2,50.04,66.2,239.7,False
2025-01-14T11:57:45.268608,0.0,127.1,-25.0,54.6,50.04,49.4,235.9,False
2025-01-14T11:57:45.394978,1.0,95.0,-38.8,43.1,50.03,69.2,237.9,False
2025-01-14T11:57:45.535753,2.0,77.0,40.9,36.2,50.04,59.4,239.5,False
2025-01-14T11:57:57.267617,0.0,134.6,-6.1,57.4,50.04,49.3,236.2,False
2025-01-14T11:57:57.379524,1.0,94.3,-37.9,42.9,50.04,37.5,238.2,False
2025-01-14T11:57:57.476171,2.0,39.6,82.5,37.9,50.03,27.5,239.8,False
2025-01-14T11:57:57.587132,0.0,40.8,-15.1,18.4,50.03,48.6,236.3,False
2025-01-14T11:58:09.311950,0.0,43.1,-2.3,18.6,50.01,47.3,235.9,False
2025-01-14T11:58:09.459536,1.0,95.0,-38.8,43.1,50.01,47.7,237.8,False
2025-01-14T11:58:09.578549,2.0,77.0,40.9,36.2,50.02,38.1,239.4,False
2025-01-14T11:58:09.706269,0.0,148.2,-9.8,63.1,50.03,49.0,235.8,False
2025-01-14T11:58:09.824371,1.0,94.3,-37.9,42.9,50.02,76.5,237.8,False
2025-01-14T11:58:09.944940,2.0,68.4,143.7,66.3,50.03,67.4,239.3,False
2025-01-14T11:58:21.269012,0.0,67.3,-19.7,30.2,50.03,50.0,236.1,False
2025-01-14T11:58:33.274506,0.0,86.2,-3.0,36.5,50.03,48.4,236.0,False
2025-01-14T11:58:33.401446,1.0,95.0,-38.8,43.1,50.02,58.2,237.9,False
2025-01-14T11:58:33.534056,2.0,77.0,40.9,36.2,50.03,47.3,239.5,False
2025-01-14T11:58:33.656463,0.0,42.4,0.8,18.2,50.03,48.4,236.3,False
2025-01-14T11:58:33.781896,1.0,94.3,-37.9,42.9,50.03,48.6,238.3,False
2025-01-14T11:58:33.913848,2.0,57.4,120.5,55.5,50.03,37.0,239.8,False
2025-01-14T11:59:09.273718,0.0,96.8,-3.0,41.3,50.03,49.9,236.1,False
2025-01-14T11:59:09.403626,1.0,95.0,-38.8,43.1,50.03,71.7,238.1,False
2025-01-14T11:59:09.526772,2.0,77.0,40.9,36.2,50.03,60.9,239.7,False
2025-01-14T11:59:33.270978,0.0,40.1,-6.1,17.1,50.04,49.2,236.1,False
2025-01-14T11:59:33.405881,1.0,95.0,-38.8,43.1,50.03,38.9,238.1,False
2025-01-14T11:59:33.536056,2.0,77.0,40.9,36.2,50.03,28.5,239.7,False
2025-01-14T11:59:45.279016,0.0,88.5,-7.6,37.7,50.03,47.4,236.0,False
2025-01-14T11:59:45.406753,1.0,95.0,-38.8,43.1,50.03,61.4,238.0,False
2025-01-14T11:59:45.534179,2.0,77.0,40.9,36.2,50.03,50.5,239.6,False
2025-01-14T11:59:57.276972,0.0,213.3,-27.2,91.0,50.04,48.5,236.1,False
2025-01-14T11:59:57.412409,1.0,94.3,-37.9,42.9,50.03,84.8,238.1,False
2025-01-14T11:59:57.556499,2.0,69.7,149.5,68.6,50.03,75.8,239.7,False
2025-01-14T12:00:09.416441,0.0,103.6,-6.1,44.0,50.03,45.8,236.3,False
2025-01-14T12:00:09.618712,1.0,95.0,-38.8,43.1,50.02,57.7,238.3,False
2025-01-14T12:00:09.789574,2.0,77.0,40.9,36.2,50.03,46.4,239.9,False
2025-01-14T12:00:21.279046,0.0,36.3,-4.5,15.7,50.01,45.1,236.1,False
2025-01-14T12:00:33.341853,1.0,94.3,-37.9,42.9,50.02,48.6,238.2,False
2025-01-14T12:00:33.488161,0.0,66.6,-14.4,28.6,50.01,45.8,236.0,False
2025-01-14T12:00:45.304224,2.0,246.2,684.8,302.2,49.99,20.5,238.8,False
2025-01-14T12:00:57.275077,0.0,207.2,-20.4,88.3,49.98,48.4,235.9,False
2025-01-14T12:00:57.445264,1.0,95.0,-38.8,43.1,49.98,80.4,237.9,False
2025-01-14T12:00:57.596273,2.0,77.0,40.9,36.2,49.99,34.7,238.8,False
2025-01-14T12:01:09.328381,1.0,95.0,-38.8,43.1,49.98,70.1,237.9,False
2025-01-14T12:01:09.487560,2.0,77.0,40.9,36.2,49.98,30.3,239.0,False
2025-01-14T12:01:21.280854,0.0,86.2,-21.9,37.0,49.99,47.6,235.5,False
2025-01-14T12:01:33.275867,0.0,99.1,7.6,42.7,50.01,47.6,236.2,False
2025-01-14T12:01:33.423331,1.0,130.1,-0.0,55.0,50.0,39.0,238.1,False
2025-01-14T12:01:33.560067,2.0,68.4,143.7,66.3,50.01,14.6,239.1,False
2025-01-14T12:01:33.695078,0.0,71.1,-4.5,30.1,50.02,48.2,236.3,False
2025-01-14T12:01:33.851734,1.0,95.0,-38.8,43.1,50.01,65.3,238.2,False
2025-01-14T12:01:33.993179,2.0,77.0,40.9,36.2,50.02,27.5,239.2,False
2025-01-14T12:01:57.331981,0.0,102.1,-16.6,43.6,50.01,48.6,236.1,False
2025-01-14T12:01:57.491268,1.0,95.0,-38.8,43.1,50.01,39.5,237.9,False
2025-01-14T12:01:57.638503,2.0,77.0,40.9,36.2,50.01,14.8,239.0,False
2025-01-14T12:01:57.771573,0.0,45.4,-7.6,19.5,50.02,47.1,236.0,False
2025-01-14T12:01:57.917278,1.0,95.0,-38.8,43.1,50.01,48.7,237.9,False
2025-01-14T12:02:21.281607,0.0,81.7,-10.6,34.7,50.02,49.5,236.2,False
2025-01-14T12:02:21.439624,1.0,94.3,-37.9,42.9,50.03,74.8,238.1,False
2025-01-14T12:02:21.583992,2.0,77.0,40.9,36.2,50.03,31.7,239.1,False
2025-01-14T12:02:33.305118,1.0,95.0,-38.8,43.1,50.02,65.8,238.0,False
2025-01-14T12:02:33.417682,2.0,77.0,40.9,36.2,50.03,27.4,239.1,False
2025-01-14T12:02:57.282998,0.0,54.5,-90.0,44.5,50.01,48.8,235.8,False
2025-01-14T12:02:57.411772,1.0,94.3,-37.9,42.9,50.03,51.0,237.7,False
2025-01-14T12:02:57.534999,2.0,246.2,684.8,302.2,50.03,20.0,238.8,False
2025-01-14T12:02:57.673397,0.0,10.6,-83.9,36.0,50.02,49.2,235.8,False
2025-01-14T12:02:57.814993,1.0,95.0,-38.8,43.1,50.03,40.4,237.7,False
2025-01-14T12:02:57.946724,2.0,77.0,40.9,36.2,50.02,15.5,238.7,False
2025-01-14T12:02:58.065012,0.0,127.1,-6.8,54.1,50.03,47.6,235.7,False
2025-01-14T12:02:58.168318,1.0,94.3,-37.9,42.9,50.04,68.9,237.7,False
2025-01-14T12:02:58.294050,2.0,68.4,143.7,66.3,50.03,29.4,238.7,False
2025-01-14T12:03:21.364988,1.0,95.0,-38.8,43.1,50.01,39.7,237.9,False
2025-01-14T12:03:21.499312,2.0,77.0,40.9,36.2,50.02,15.2,238.9,False
2025-01-14T12:03:21.620996,1.0,95.0,-38.8,43.1,50.01,51.2,238.0,False
2025-01-14T12:03:21.738687,1.0,95.0,-38.8,43.1,50.01,51.2,238.0,False
2025-01-14T12:03:33.281220,0.0,44.6,-11.3,19.5,50.02,47.4,236.1,False
2025-01-14T12:03:33.400490,0.0,40.1,-4.5,17.2,50.03,46.5,236.0,False
2025-01-14T12:03:45.284758,0.0,41.6,-3.8,17.8,50.03,46.7,236.1,False
2025-01-14T12:03:45.442299,0.0,98.3,-3.8,42.1,50.03,49.5,235.7,False
2025-01-14T12:03:45.589130,1.0,95.0,-38.8,43.1,50.01,79.8,237.7,False
2025-01-14T12:03:45.736108,2.0,77.0,40.9,36.2,50.01,35.6,238.7,False
2025-01-14T12:03:57.281362,0.0,83.2,-7.6,35.5,50.02,45.5,236.1,False
2025-01-14T12:03:57.442380,1.0,95.0,-38.8,43.1,50.02,50.6,238.0,False
2025-01-14T12:03:57.548494,2.0,77.0,40.9,36.2,50.0,21.8,239.0,False
2025-01-14T12:04:21.285645,0.0,35.5,-9.8,15.0,50.01,46.0,235.6,False
2025-01-14T12:04:21.408992,0.0,87.7,-4.5,37.3,50.03,49.0,235.6,False
2025-01-14T12:04:21.543955,1.0,95.0,-38.8,43.1,50.02,73.3,237.5,False
2025-01-14T12:04:21.670878,2.0,77.0,40.9,36.2,50.02,32.0,238.5,False
2025-01-14T12:04:45.290009,0.0,93.0,-5.3,40.2,50.0,47.4,236.2,False
2025-01-14T12:04:45.431283,1.0,95.0,-38.8,43.1,50.01,50.0,238.2,False
2025-01-14T12:04:45.589003,2.0,77.0,40.9,36.2,50.0,20.5,239.1,False
2025-01-14T12:04:45.726509,0.0,44.6,-12.1,19.9,50.0,47.4,236.0,False
2025-01-14T12:04:57.282400,0.0,42.4,-11.3,18.6,50.0,47.8,236.0,False
2025-01-14T12:04:57.406206,1.0,94.3,-37.9,42.9,50.0,39.3,237.8,False
2025-01-14T12:04:57.539757,2.0,68.4,143.7,66.3,50.01,15.5,238.9,False
2025-01-14T12:05:09.560389,0.0,93.0,-7.6,39.2,50.01,50.0,236.3,False
2025-01-14T12:05:10.553192,1.0,95.0,-38.8,43.1,50.0,65.2,238.1,False
2025-01-14T12:05:11.533947,2.0,77.0,40.9,36.2,50.0,26.0,239.1,False
2025-01-14T12:05:21.292282,0.0,45.4,8.3,19.6,50.02,46.0,236.5,False
2025-01-14T12:05:21.502803,1.0,95.0,-38.8,43.1,50.03,51.0,238.3,False
2025-01-14T12:05:21.662245,2.0,77.0,40.9,36.2,50.02,21.0,239.3,False
2025-01-14T12:05:33.287032,0.0,117.2,-5.3,49.7,50.01,48.9,236.4,False
2025-01-14T12:05:33.478070,1.0,95.0,-38.8,43.1,50.01,79.0,238.3,False
2025-01-14T12:05:33.670961,2.0,77.0,40.9,36.2,50.01,34.2,239.3,False
2025-01-14T12:05:45.286751,0.0,96.8,-9.1,40.6,50.01,46.8,235.9,False
2025-01-14T12:05:45.446018,1.0,95.0,-38.8,43.1,50.01,58.7,237.9,False
2025-01-14T12:05:45.615421,2.0,69.7,149.5,68.6,50.02,48.3,239.5,False
2025-01-14T12:05:57.290129,0.0,36.3,-8.3,15.7,50.02,46.8,235.9,False
2025-01-14T12:06:21.292113,0.0,98.3,-108.2,62.5,50.02,48.0,236.2,False
2025-01-14T12:06:21.452308,1.0,61.3,-80.9,43.1,50.02,38.3,238.1,False
2025-01-14T12:06:21.594984,2.0,77.0,40.9,36.2,50.03,26.3,239.7,False
2025-01-14T12:06:33.288110,0.0,182.3,-117.2,92.3,50.03,48.1,235.9,False
2025-01-14T12:06:33.432142,1.0,95.0,-38.8,43.1,50.05,71.3,237.8,False
2025-01-14T12:06:33.602570,2.0,77.0,40.9,36.2,50.01,58.3,239.4,False
2025-01-14T12:06:57.344170,0.0,97.6,-3.0,41.6,50.0,52.6,235.7,False
2025-01-14T12:06:57.511082,1.0,94.3,-37.9,42.9,50.01,88.7,237.7,False
2025-01-14T12:06:57.661969,2.0,57.4,120.5,55.5,50.0,76.8,239.2,False
2025-01-14T12:06:57.823661,0.0,118.7,-12.1,50.5,50.01,46.9,235.6,False
2025-01-14T12:06:57.973059,1.0,95.0,-38.8,43.1,50.02,64.2,237.4,False
2025-01-14T12:06:58.126685,2.0,77.0,40.9,36.2,50.03,50.0,239.0,False
2025-01-14T12:07:21.291073,0.0,140.7,-96.1,72.5,50.01,48.9,235.7,False
2025-01-14T12:07:21.434859,1.0,94.3,-37.9,42.9,50.02,39.7,237.6,False
2025-01-14T12:07:21.575077,2.0,57.4,120.5,55.5,50.01,26.6,239.1,False
2025-01-14T12:07:21.712488,0.0,61.3,-95.3,47.7,50.02,48.0,235.9,False
2025-01-14T12:07:21.846131,1.0,95.0,-38.8,43.1,50.02,39.8,237.8,False
2025-01-14T12:07:22.005532,2.0,77.0,40.9,36.2,50.01,27.2,239.4,False
2025-01-14T12:07:33.327097,1.0,94.3,-37.9,42.9,50.01,53.1,237.7,False
2025-01-14T12:07:33.482975,1.0,95.0,-38.8,43.1,50.01,53.1,237.7,False
2025-01-14T12:07:45.292612,0.0,103.6,-10.6,44.1,50.03,47.9,236.0,False
2025-01-14T12:07:45.463026,1.0,95.0,-38.8,43.1,50.02,71.9,237.8,False
2025-01-14T12:07:45.627754,2.0,68.4,143.7,66.3,50.03,59.7,239.5,False
2025-01-14T12:07:57.377160,1.0,95.0,-38.8,43.1,50.03,63.6,237.9,False
2025-01-14T12:07:57.539629,2.0,77.0,40.9,36.2,50.01,50.6,239.4,False
2025-01-14T12:08:09.292559,0.0,88.5,-12.1,38.2,50.03,47.9,236.2,False
2025-01-14T12:08:09.429477,1.0,94.3,-37.9,42.9,50.03,50.1,238.2,False
2025-01-14T12:08:09.562350,2.0,68.4,143.7,66.3,50.03,36.3,239.7,False
2025-01-14T12:08:21.339407,1.0,42.4,-3.0,17.8,50.03,40.6,238.0,False
2025-01-14T12:08:33.294754,0.0,130.8,-6.1,55.7,50.02,50.3,235.8,False
2025-01-14T12:08:33.445676,1.0,95.0,-38.8,43.1,50.03,71.9,237.8,False
2025-01-14T12:08:33.594145,2.0,77.0,40.9,36.2,50.02,57.0,239.3,False
2025-01-14T12:08:45.371257,1.0,94.3,-37.9,42.9,50.01,78.7,237.8,False
2025-01-14T12:08:45.529074,2.0,45.7,97.5,44.7,50.04,65.4,239.4,False
2025-01-14T12:08:57.295399,0.0,23.4,-43.9,21.2,50.04,48.7,235.9,False
2025-01-14T12:08:57.444699,1.0,95.0,-38.8,43.1,50.04,51.3,237.8,False
2025-01-14T12:08:57.596375,2.0,77.0,40.9,36.2,50.03,37.9,239.4,False
2025-01-14T12:08:57.756464,0.0,22.7,-42.4,20.8,50.03,47.9,235.6,False
2025-01-14T12:08:57.898398,2.0,77.0,40.9,36.2,50.02,36.9,239.1,False
2025-01-14T12:09:09.301276,0.0,127.8,-6.1,54.2,50.04,49.3,235.7,False
2025-01-14T12:09:09.467058,1.0,95.0,-38.8,43.1,50.04,77.7,237.6,False
2025-01-14T12:09:09.640550,2.0,68.4,143.7,66.3,50.04,65.2,239.2,False
2025-01-14T12:09:33.300215,0.0,123.3,-3.0,52.7,50.04,47.2,236.1,False
2025-01-14T12:09:33.455448,1.0,95.0,-38.8,43.1,50.04,48.6,238.1,False
2025-01-14T12:09:33.604181,2.0,77.0,40.9,36.2,50.03,36.8,239.6,False
2025-01-14T12:09:45.298680,0.0,93.8,-7.6,40.0,50.04,48.7,236.0,False
2025-01-14T12:09:45.459171,1.0,95.0,-38.8,43.1,50.04,72.7,237.9,False
2025-01-14T12:09:45.613384,2.0,77.0,40.9,36.2,50.04,60.7,239.5,False
2025-01-14T12:10:09.365801,0.0,146.7,-109.7,78.0,50.05,45.9,236.2,False
2025-01-14T12:10:09.523586,1.0,95.0,-38.8,43.1,50.07,48.4,238.2,False
2025-01-14T12:10:09.676954,2.0,77.0,40.9,36.2,50.05,36.1,239.8,False
2025-01-14T12:10:09.828633,0.0,73.4,-108.9,55.6,50.05,46.2,236.2,False
2025-01-14T12:10:09.981735,1.0,95.0,-38.8,43.1,50.05,47.9,238.2,False
2025-01-14T12:10:10.163612,1.0,95.0,-38.8,43.1,50.05,47.9,238.2,False
2025-01-14T12:10:10.343087,2.0,246.2,684.8,302.2,50.06,35.3,239.8,False
2025-01-14T12:10:10.553438,2.0,246.2,684.8,302.2,50.06,35.3,239.8,False
2025-01-14T12:10:33.298375,0.0,77.1,-2.3,32.9,50.04,48.5,236.0,False
2025-01-14T12:10:33.440540,1.0,95.0,-38.8,43.1,50.04,72.9,238.0,False
2025-01-14T12:10:33.582948,2.0,77.0,40.9,36.2,50.03,58.6,239.6,False
2025-01-14T12:10:33.761556,1.0,95.0,-38.8,43.1,50.03,62.9,238.3,False
2025-01-14T12:10:33.907061,2.0,77.0,40.9,36.2,50.03,48.7,239.9,False
2025-01-14T12:10:45.594696,0.0,89.2,-13.6,38.3,50.02,46.7,236.5,False
2025-01-14T12:10:46.307958,1.0,94.3,-37.9,42.9,50.02,50.8,238.4,False
2025-01-14T12:10:46.868282,2.0,246.2,684.8,302.2,50.03,19.1,239.4,False
2025-01-14T12:10:57.355030,0.0,26.5,-40.8,20.7,50.02,46.5,236.6,False
2025-01-14T12:10:57.507976,1.0,12.1,-35.5,15.8,50.01,50.4,238.4,False
2025-01-14T12:10:57.638241,2.0,68.4,143.7,66.3,50.02,18.0,239.5,False
2025-01-14T12:10:57.777735,0.0,89.2,47.6,42.8,50.01,48.8,236.5,False
2025-01-14T12:10:57.918922,1.0,52.1,82.9,41.3,50.01,79.9,238.3,False
2025-01-14T12:10:58.062045,2.0,39.6,82.5,37.9,50.02,33.2,239.4,False
2025-01-14T12:11:09.304609,0.0,72.6,-99.8,52.4,50.02,49.4,236.4,False
2025-01-14T12:11:09.447809,1.0,95.0,-38.8,43.1,50.03,78.8,238.2,False
2025-01-14T12:11:09.589016,2.0,77.0,40.9,36.2,50.02,32.9,239.3,False
2025-01-14T12:11:21.301702,0.0,92.3,-5.3,38.7,50.02,47.3,235.9,False
2025-01-14T12:11:21.424732,1.0,95.0,-38.8,43.1,50.03,61.1,237.9,False
2025-01-14T12:11:21.537759,2.0,77.0,40.9,36.2,50.02,23.8,238.9,False
2025-01-14T12:11:33.300669,0.0,74.9,-108.9,56.4,50.03,47.1,236.2,False
2025-01-14T12:11:33.424717,1.0,52.1,82.9,41.3,50.03,60.1,238.0,False
2025-01-14T12:11:33.538812,2.0,39.6,82.5,37.9,50.04,23.4,239.1,False
2025-01-14T12:11:33.663980,0.0,31.0,-89.2,39.9,50.02,47.0,236.3,False
2025-01-14T12:11:33.799687,1.0,95.0,-38.8,43.1,50.02,50.6,238.1,False
2025-01-14T12:11:33.941850,2.0,77.0,40.9,36.2,50.03,18.8,239.1,False
2025-01-14T12:11:57.304555,0.0,37.1,-59.7,29.9,50.02,47.4,236.3,False
2025-01-14T12:11:57.424453,1.0,95.0,-38.8,43.1,50.01,39.9,238.3,False
2025-01-14T12:11:57.550528,2.0,77.0,40.9,36.2,50.02,13.7,239.3,False
2025-01-14T12:11:57.665226,0.0,107.4,-6.1,45.6,50.02,48.3,236.2,False
2025-01-14T12:11:57.791415,1.0,95.0,-38.8,43.1,50.03,70.0,238.0,False
2025-01-14T12:11:57.917726,2.0,77.0,40.9,36.2,50.01,29.1,239.1,False
2025-01-14T12:12:21.303717,0.0,105.9,-3.0,45.2,50.02,51.6,235.9,False
2025-01-14T12:12:21.445821,1.0,94.3,-37.9,42.9,50.02,86.3,237.7,False
2025-01-14T12:12:21.571273,2.0,68.4,143.7,66.3,50.01,39.0,238.8,False
2025-01-14T12:12:33.301719,0.0,90.0,-9.1,38.6,50.01,48.2,235.9,False
2025-01-14T12:12:33.425521,1.0,95.0,-38.8,43.1,50.01,39.3,237.8,False
2025-01-14T12:12:33.554221,2.0,77.0,40.9,36.2,50.01,15.2,238.9,False
2025-01-14T12:12:45.306064,0.0,40.8,-10.6,17.7,50.01,47.5,236.1,False
2025-01-14T12:13:09.309890,0.0,97.6,-7.6,41.1,50.0,48.6,236.2,False
2025-01-14T12:13:09.443685,1.0,95.0,-38.8,43.1,50.0,72.1,238.1,False
2025-01-14T12:13:09.582159,2.0,77.0,40.9,36.2,50.0,30.5,239.1,False
2025-01-14T12:13:33.365609,0.0,40.8,-8.3,17.8,50.02,47.5,236.3,False
2025-01-14T12:13:33.502105,1.0,95.0,-38.8,43.1,50.01,49.8,238.2,False
2025-01-14T12:13:33.607735,2.0,77.0,40.9,36.2,50.03,19.3,239.2,False
2025-01-14T12:13:33.739893,1.0,94.3,-37.9,42.9,50.03,39.7,238.0,False
2025-01-14T12:13:33.870801,2.0,45.7,97.5,44.7,50.03,15.5,239.1,False
2025-01-14T12:13:57.305793,0.0,122.5,-9.8,52.2,50.02,48.1,236.0,False
2025-01-14T12:13:57.431492,1.0,95.0,-38.8,43.1,50.01,69.3,238.0,False
2025-01-14T12:13:57.565208,2.0,77.0,40.9,36.2,50.02,29.7,239.1,False
2025-01-14T12:14:09.397839,1.0,94.3,-37.9,42.9,50.02,76.2,238.0,False
2025-01-14T12:14:09.540645,2.0,39.6,82.5,37.9,50.02,33.6,239.1,False
2025-01-14T12:14:21.308252,0.0,122.5,-12.9,52.1,50.02,46.9,236.0,False
2025-01-14T12:14:21.423466,1.0,95.0,-38.8,43.1,50.03,48.8,238.0,False
2025-01-14T12:14:21.540056,2.0,77.0,40.9,36.2,50.02,19.1,239.0,False
2025-01-14T12:14:33.337603,1.0,94.3,-37.9,42.9,50.01,38.2,238.0,False
2025-01-14T12:14:45.306587,0.0,78.7,34.8,36.6,50.02,46.3,235.6,False
2025-01-14T12:14:45.449392,1.0,95.0,-38.8,43.1,50.01,68.0,237.6,False
2025-01-14T12:14:45.554172,2.0,77.0,40.9,36.2,50.02,29.3,238.5,False
2025-01-14T12:14:57.308788,0.0,43.9,-43.9,26.2,50.04,46.0,236.2,False
2025-01-14T12:14:57.416698,1.0,95.0,-38.8,43.1,50.04,48.4,238.2,False
2025-01-14T12:14:57.539607,2.0,39.6,82.5,37.9,50.04,18.8,239.1,False
2025-01-14T12:15:09.320605,0.0,111.2,-12.9,47.4,50.03,43.6,236.1,False
2025-01-14T12:15:09.468227,1.0,95.0,-38.8,43.1,50.03,66.7,238.1,False
2025-01-14T12:15:09.603839,2.0,57.4,120.5,55.5,50.04,27.4,239.1,False
2025-01-14T12:15:21.341230,1.0,95.0,-38.8,43.1,50.02,48.2,238.2,False
2025-01-14T12:15:33.310091,0.0,21.2,-29.5,15.5,50.03,43.2,236.3,False
2025-01-14T12:15:33.427750,2.0,77.0,40.9,36.2,50.03,20.3,239.2,False
2025-01-14T12:15:45.351898,2.0,246.2,684.8,302.2,50.03,44.1,239.7,False
2025-01-14T12:15:45.495383,0.0,60.5,4.5,25.8,50.02,44.0,236.1,False
2025-01-14T12:15:45.640091,1.0,95.0,-38.8,43.1,50.02,65.6,238.0,False
2025-01-14T12:15:45.765443,2.0,77.0,40.9,36.2,50.03,59.0,239.6,False
2025-01-14T12:16:09.314069,0.0,65.0,-3.8,28.0,50.03,43.7,236.1,False
2025-01-14T12:16:09.459076,1.0,95.0,-38.8,43.1,50.02,47.9,238.1,False
2025-01-14T12:16:09.605503,2.0,77.0,40.9,36.2,50.03,40.5,239.6,False
2025-01-14T12:16:21.315222,0.0,54.5,-87.0,43.1,50.02,43.0,235.9,False
2025-01-14T12:16:21.465948,1.0,20.4,-69.6,30.3,50.02,47.7,237.9,False
2025-01-14T12:16:21.584771,2.0,68.4,143.7,66.3,50.02,39.9,239.4,False
2025-01-14T12:16:33.318423,0.0,188.3,-91.5,88.8,50.04,45.9,235.9,False
2025-01-14T12:16:33.447104,1.0,95.0,-38.8,43.1,50.04,73.4,238.0,False
2025-01-14T12:16:33.578221,2.0,77.0,40.9,36.2,50.04,66.6,239.5,False
2025-01-14T12:16:57.311377,0.0,130.8,-3.8,55.3,50.01,43.2,235.7,False
2025-01-14T12:17:09.401031,1.0,95.0,-38.8,43.1,50.02,36.7,237.9,False
2025-01-14T12:17:09.583476,2.0,77.0,40.9,36.2,50.02,28.4,239.3,False
2025-01-14T12:17:33.312628,0.0,97.6,-9.1,41.1,50.01,49.3,235.9,False
2025-01-14T12:17:33.445109,1.0,95.0,-38.8,43.1,50.01,83.7,237.9,False
2025-01-14T12:17:33.581043,2.0,77.0,40.9,36.2,50.0,76.0,239.4,False
2025-01-14T12:17:57.312019,0.0,185.3,-8.3,78.5,50.02,42.8,235.7,False
2025-01-14T12:17:57.428259,1.0,95.0,-38.8,43.1,50.02,36.3,237.7,False
2025-01-14T12:17:57.525193,2.0,77.0,40.9,36.2,50.01,29.2,239.3,False
2025-01-14T12:18:21.320405,0.0,52.9,-12.9,22.7,50.02,43.6,236.1,False
2025-01-14T12:18:21.488443,0.0,58.2,-0.8,24.6,50.01,43.0,236.1,False
2025-01-14T12:18:21.617978,2.0,77.0,40.9,36.2,50.01,53.6,239.7,False
2025-01-14T12:18:33.347902,1.0,95.0,-38.8,43.1,50.01,69.8,238.1,False
2025-01-14T12:18:45.316839,0.0,62.0,-8.3,26.4,50.01,43.4,236.0,False
2025-01-14T12:18:45.462581,1.0,95.0,-38.8,43.1,50.0,56.7,237.9,False
2025-01-14T12:18:45.612957,2.0,77.0,40.9,36.2,50.01,49.5,239.6,False
2025-01-14T12:18:57.314280,0.0,43.9,-1.5,18.9,50.0,43.6,236.0,False
2025-01-14T12:18:57.461079,1.0,43.9,1.5,18.5,50.0,36.9,238.1,False
2025-01-14T12:18:57.599317,2.0,57.4,120.5,55.5,50.0,29.6,239.5,False
2025-01-14T12:19:33.317998,0.0,39.3,-4.5,16.8,50.01,43.5,236.0,False
2025-01-14T12:19:33.452289,1.0,95.0,-38.8,43.1,50.02,48.8,238.1,False
2025-01-14T12:19:33.581224,0.0,135.4,-8.3,57.9,50.01,46.7,235.7,False
2025-01-14T12:19:33.685181,1.0,94.3,-37.9,42.9,50.0,77.3,237.7,False
2025-01-14T12:19:33.818265,2.0,77.0,40.9,36.2,50.0,69.9,239.2,False
2025-01-14T12:19:45.317955,0.0,83.2,-2.3,35.7,50.02,43.8,236.1,False
2025-01-14T12:19:45.456435,1.0,95.0,-38.8,43.1,50.01,58.9,238.1,False
2025-01-14T12:19:45.596659,2.0,77.0,40.9,36.2,50.01,49.4,239.5,False
2025-01-14T12:19:45.748166,0.0,66.6,6.1,28.3,50.02,48.0,236.1,False
2025-01-14T12:19:45.880796,1.0,95.0,-38.8,43.1,50.02,78.3,238.1,False
2025-01-14T12:19:46.004709,2.0,77.0,40.9,36.2,50.01,71.1,239.5,False
2025-01-14T12:19:46.115142,0.0,83.2,-0.8,35.1,50.01,44.6,235.9,False
2025-01-14T12:19:57.395417,1.0,95.0,-38.8,43.1,50.01,48.7,237.9,False
2025-01-14T12:19:57.522408,2.0,77.0,40.9,36.2,50.03,41.0,239.5,False
2025-01-14T12:19:57.644510,1.0,94.3,-37.9,42.9,50.01,37.7,237.8,False
2025-01-14T12:19:57.777156,2.0,40.8,6.1,17.2,50.0,29.8,239.3,False
2025-01-14T12:20:09.320372,0.0,100.6,-0.8,42.5,50.01,45.9,235.9,False
2025-01-14T12:20:09.465660,1.0,95.0,-38.8,43.1,50.02,70.8,237.9,False
2025-01-14T12:20:09.607733,2.0,77.0,40.9,36.2,50.02,63.2,239.4,False
2025-01-14T12:20:33.320736,0.0,3.8,-90.0,38.5,50.02,49.8,236.1,False
2025-01-14T12:20:33.445496,0.0,37.8,-83.9,39.1,50.03,48.8,236.1,False
2025-01-14T12:20:33.565080,1.0,94.3,-37.9,42.9,50.02,80.5,238.1,False
2025-01-14T12:20:33.695128,2.0,78.5,170.7,78.3,50.02,73.3,239.7,False
2025-01-14T12:20:45.347022,2.0,246.2,684.8,302.2,50.01,31.3,239.0,False
2025-01-14T12:20:45.488428,0.0,52.9,38.6,27.8,50.01,43.0,236.0,False
2025-01-14T12:20:45.617999,1.0,95.0,-38.8,43.1,50.01,48.4,238.0,False
2025-01-14T12:20:45.747450,2.0,77.0,40.9,36.2,50.01,20.8,239.0,False
2025-01-14T12:20:57.322149,0.0,73.4,-107.4,55.0,50.02,43.6,235.9,False
2025-01-14T12:20:57.447565,1.0,94.3,-37.9,42.9,50.02,49.3,237.9,False
2025-01-14T12:20:57.593132,2.0,246.2,684.8,302.2,50.02,21.3,238.9,False
2025-01-14T12:21:09.321671,0.0,167.1,-115.7,85.9,50.01,45.6,236.1,False
2025-01-14T12:21:09.469841,1.0,95.0,-38.8,43.1,50.01,71.2,238.0,False
2025-01-14T12:21:09.621412,2.0,77.0,40.9,36.2,50.02,31.5,239.0,False
2025-01-14T12:21:21.320906,0.0,62.8,3.0,26.7,50.03,46.0,236.2,False
2025-01-14T12:21:21.460477,2.0,77.0,40.9,36.2,50.02,26.1,239.2,False
2025-01-14T12:21:33.354982,1.0,95.0,-38.8,43.1,50.01,52.5,238.1,False
2025-01-14T12:21:57.325260,0.0,133.1,-0.8,56.4,50.03,49.4,236.2,False
2025-01-14T12:21:57.467485,1.0,95.0,-38.8,43.1,50.03,79.7,238.1,False
2025-01-14T12:21:57.605673,2.0,77.0,40.9,36.2,50.01,35.9,239.1,False
2025-01-14T12:22:09.329957,0.0,29.5,-61.3,29.2,50.02,45.0,236.6,False
2025-01-14T12:22:09.470930,1.0,95.0,-38.8,43.1,50.03,56.3,238.6,False
2025-01-14T12:22:09.624573,2.0,77.0,40.9,36.2,50.03,22.5,239.6,False
2025-01-14T12:22:21.325297,0.0,3.8,-53.7,23.2,50.0,46.7,236.3,False
2025-01-14T12:22:21.473152,1.0,95.0,-38.8,43.1,50.01,49.8,238.3,False
2025-01-14T12:22:21.610467,2.0,77.0,40.9,36.2,50.01,19.4,239.3,False
2025-01-14T12:22:33.395054,1.0,95.0,-38.8,43.1,50.0,38.3,238.4,False
2025-01-14T12:22:33.536247,2.0,77.0,40.9,36.2,50.0,15.2,239.3,False
2025-01-14T12:22:57.326085,0.0,87.0,-12.9,36.9,50.02,48.6,236.6,False
2025-01-14T12:22:57.466842,1.0,95.0,-38.8,43.1,50.01,65.7,238.6,False
2025-01-14T12:22:57.603937,2.0,77.0,40.9,36.2,50.02,26.5,239.6,False
2025-01-14T12:23:09.326612,0.0,118.0,-3.8,50.4,50.02,52.8,236.3,False
2025-01-14T12:23:09.461355,1.0,94.3,-37.9,42.9,50.01,89.6,238.3,False
2025-01-14T12:23:09.591734,2.0,68.4,143.7,66.3,50.02,40.2,239.3,False
2025-01-14T12:23:21.328593,0.0,101.3,-7.6,42.9,50.02,48.6,236.2,False
2025-01-14T12:23:21.479164,1.0,95.0,-38.8,43.1,50.02,71.1,238.2,False
2025-01-14T12:23:21.630703,2.0,77.0,40.9,36.2,50.03,29.8,239.2,False
2025-01-14T12:23:33.325503,0.0,118.7,-12.1,50.6,50.0,48.9,236.2,False
2025-01-14T12:23:33.485713,1.0,94.3,-37.9,42.9,50.01,40.4,238.2,False
2025-01-14T12:23:33.643017,2.0,68.4,143.7,66.3,50.01,15.9,239.1,False
2025-01-14T12:23:45.328099,0.0,35.5,-4.5,15.4,50.01,48.4,236.0,False
2025-01-14T12:23:45.475437,1.0,95.0,-38.8,43.1,50.01,67.1,238.1,False
2025-01-14T12:23:45.614767,2.0,77.0,40.9,36.2,50.01,27.7,239.0,False
2025-01-14T12:23:57.358072,1.0,94.3,-37.9,42.9,50.01,75.1,238.3,False
2025-01-14T12:24:09.328334,0.0,53.7,-6.8,22.5,50.0,48.6,235.8,False
2025-01-14T12:24:09.461957,1.0,95.0,-38.8,43.1,49.99,63.2,238.0,False
2025-01-14T12:24:09.608439,2.0,77.0,40.9,36.2,49.99,25.5,238.8,False
2025-01-14T12:24:21.329018,0.0,37.8,-7.6,16.6,49.99,48.2,236.0,False
2025-01-14T12:24:21.506186,1.0,94.3,-37.9,42.9,49.99,52.1,238.0,False
2025-01-14T12:24:33.375189,0.0,77.9,-108.9,56.3,49.98,49.6,235.6,False
2025-01-14T12:24:33.532296,1.0,36.3,-83.2,37.9,49.98,50.0,237.7,False
2025-01-14T12:24:33.688389,2.0,78.5,170.7,78.3,49.98,20.2,238.6,False
2025-01-14T12:24:33.837719,0.0,43.9,-102.9,47.0,49.98,49.9,235.9,False
2025-01-14T12:24:33.975317,1.0,95.0,-38.8,43.1,49.98,41.2,238.0,False
2025-01-14T12:24:34.107036,2.0,77.0,40.9,36.2,49.98,16.3,238.9,False
2025-01-14T12:24:45.329855,0.0,43.9,-9.8,19.2,49.98,49.8,235.8,False
2025-01-14T12:24:45.460378,1.0,94.3,-37.9,42.9,49.99,54.1,237.9,False
2025-01-14T12:24:45.592897,1.0,95.0,-38.8,43.1,49.99,54.1,237.9,False
2025-01-14T12:24:57.331143,0.0,116.5,-6.8,49.4,49.98,50.4,235.9,False
2025-01-14T12:24:57.459707,1.0,95.0,-38.8,43.1,49.99,79.8,238.0,False
2025-01-14T12:24:57.581501,2.0,68.4,143.7,66.3,49.98,34.2,238.8,False
2025-01-14T12:25:21.330649,0.0,146.7,-9.1,62.7,49.99,49.0,236.2,False
2025-01-14T12:25:21.497198,1.0,95.0,-38.8,43.1,49.99,41.6,238.3,False
2025-01-14T12:25:21.651199,2.0,77.0,40.9,36.2,49.99,16.2,239.1,False
2025-01-14T12:25:45.402508,0.0,64.3,-96.1,48.8,49.99,49.4,236.1,False
2025-01-14T12:25:45.575632,1.0,94.3,-37.9,42.9,49.98,43.3,238.1,False
2025-01-14T12:25:45.720109,2.0,68.4,143.7,66.3,49.98,16.6,239.1,False
2025-01-14T12:25:45.869380,0.0,176.2,-102.1,86.4,49.99,48.9,236.1,False
2025-01-14T12:25:46.030964,1.0,95.0,-38.8,43.1,49.99,71.2,238.1,False
2025-01-14T12:25:46.188471,2.0,77.0,40.9,36.2,49.98,30.5,239.0,False
2025-01-14T12:25:46.342372,0.0,87.0,-5.3,37.0,49.99,52.4,236.0,False
2025-01-14T12:25:46.505581,1.0,94.3,-37.9,42.9,49.98,89.1,238.2,False
2025-01-14T12:25:46.657486,2.0,77.0,40.9,36.2,49.99,78.5,239.6,False
2025-01-14T12:26:09.335020,0.0,94.5,-12.1,40.4,50.0,48.0,236.4,False
2025-01-14T12:26:09.482497,1.0,95.0,-38.8,43.1,50.01,51.8,238.5,False
2025-01-14T12:26:09.630842,2.0,96.1,9.1,40.2,50.0,39.0,239.9,False
2025-01-14T12:26:21.336514,0.0,88.5,-5.3,38.0,50.0,48.6,236.0,False
2025-01-14T12:26:21.485974,1.0,95.0,-38.8,43.1,50.0,74.5,238.1,False
2025-01-14T12:26:21.641209,2.0,77.0,40.9,36.2,49.99,63.2,239.6,False
2025-01-14T12:26:45.335376,0.0,48.4,-0.8,20.7,49.99,48.9,236.2,False
2025-01-14T12:26:45.470427,1.0,95.0,-38.8,43.1,49.99,62.0,238.2,False
2025-01-14T12:26:45.600515,2.0,77.0,40.9,36.2,49.99,48.4,239.7,False
2025-01-14T12:26:57.334774,0.0,37.8,-5.3,16.2,49.99,47.6,236.2,False
2025-01-14T12:26:57.470771,1.0,94.3,-37.9,42.9,49.98,51.4,238.3,False
2025-01-14T12:26:57.597190,2.0,35.5,6.1,15.1,49.99,38.4,239.8,False
2025-01-14T12:27:33.334064,0.0,122.5,-6.1,52.0,50.0,48.7,236.1,False
2025-01-14T12:27:33.489208,1.0,95.0,-38.8,43.1,49.99,78.3,238.2,False
2025-01-14T12:27:33.628588,2.0,77.0,40.9,36.2,49.99,67.9,239.8,False
2025-01-14T12:27:45.338357,0.0,43.9,-3.8,18.5,50.0,47.0,236.0,False
2025-01-14T12:27:45.494023,1.0,95.0,-38.8,43.1,50.0,70.5,238.1,False
2025-01-14T12:27:45.644712,2.0,77.0,40.9,36.2,49.99,59.9,239.7,False
2025-01-14T12:27:57.380594,0.0,84.7,-3.8,36.0,50.0,47.4,236.1,False
2025-01-14T12:27:57.537741,1.0,95.3,-3.0,40.1,50.0,49.9,238.1,False
2025-01-14T12:27:57.662566,2.0,94.5,9.1,39.7,50.0,38.2,239.8,False
2025-01-14T12:27:57.820968,1.0,44.6,-1.5,18.8,50.0,39.4,238.2,False
2025-01-14T12:27:57.968665,2.0,35.5,6.8,15.1,50.01,28.8,239.8,False
2025-01-14T12:28:21.339822,0.0,108.2,-14.4,45.7,50.02,45.7,236.5,False
2025-01-14T12:28:21.500089,1.0,95.0,-38.8,43.1,50.02,60.9,238.6,False
2025-01-14T12:28:21.646816,2.0,77.0,40.9,36.2,50.03,47.7,240.1,False
2025-01-14T12:28:33.382423,0.0,97.6,12.9,41.5,50.02,50.4,236.6,False
2025-01-14T12:28:33.515341,1.0,94.3,-37.9,42.9,50.01,85.1,238.6,False
2025-01-14T12:28:33.638112,2.0,68.4,143.7,66.3,50.02,74.1,240.2,False
2025-01-14T12:28:33.777478,0.0,80.9,13.6,34.6,50.0,47.3,236.5,False
2025-01-14T12:28:33.914897,1.0,95.0,-38.8,43.1,50.0,70.0,238.5,False
2025-01-14T12:28:34.052827,2.0,77.0,40.9,36.2,50.0,57.6,240.1,False
2025-01-14T12:28:57.338944,0.0,121.0,-12.1,51.4,49.98,47.0,236.5,False
2025-01-14T12:28:57.499044,1.0,94.3,-37.9,42.9,49.98,38.8,238.5,False
2025-01-14T12:28:57.635567,2.0,68.4,143.7,66.3,49.98,27.1,240.0,False
2025-01-14T12:29:09.345107,0.0,84.7,7.6,36.0,50.0,44.9,236.4,False
2025-01-14T12:29:09.498025,1.0,95.0,-38.8,43.1,49.99,60.9,238.5,False
2025-01-14T12:29:09.635266,2.0,77.0,40.9,36.2,50.0,48.2,240.0,False
2025-01-14T12:29:21.386773,0.0,22.7,-30.3,16.5,50.01,45.1,236.7,False
2025-01-14T12:29:33.399184,0.0,25.0,-42.4,21.0,50.02,45.8,236.4,False
2025-01-14T12:29:33.549989,1.0,95.0,-38.8,43.1,50.03,47.5,238.4,False
2025-01-14T12:29:33.696221,2.0,77.0,40.9,36.2,50.02,33.8,240.1,False
2025-01-14T12:29:33.834047,1.0,95.0,-38.8,43.1,50.01,57.2,238.6,False
2025-01-14T12:29:33.969077,1.0,95.0,-38.8,43.1,50.01,49.4,238.3,False
2025-01-14T12:29:34.112213,2.0,40.1,0.8,16.6,50.02,34.8,239.9,False
2025-01-14T12:29:57.338228,0.0,34.8,-3.0,15.2,50.01,47.8,236.7,False
2025-01-14T12:29:57.438758,1.0,43.1,-0.0,18.2,50.01,39.2,238.7,False
2025-01-14T12:29:57.536846,2.0,36.3,6.8,15.4,50.01,26.3,240.3,False
2025-01-14T12:30:09.418211,1.0,95.0,-38.8,43.1,50.02,48.8,238.7,False
2025-01-14T12:30:09.553568,2.0,77.0,40.9,36.2,50.02,34.5,240.3,False
2025-01-14T12:30:33.342994,0.0,120.3,-7.6,51.1,50.0,49.0,236.6,False
2025-01-14T12:30:33.480056,1.0,94.3,-37.9,42.9,50.0,78.4,238.6,False
2025-01-14T12:30:33.610815,2.0,68.4,143.7,66.3,50.01,66.9,240.2,False
2025-01-14T12:30:45.343810,0.0,40.1,-6.1,16.9,50.0,47.9,236.3,False
2025-01-14T12:30:45.466480,1.0,95.0,-38.8,43.1,49.99,70.6,238.4,False
2025-01-14T12:30:45.594752,2.0,246.2,684.8,302.2,49.98,30.2,239.7,False
2025-01-14T12:30:45.714128,0.0,83.9,-5.3,35.6,49.99,47.5,236.6,False
2025-01-14T12:30:57.397466,1.0,94.3,-37.9,42.9,49.99,40.6,238.9,False
2025-01-14T12:30:57.511166,2.0,77.0,40.9,36.2,50.0,15.3,239.9,False
2025-01-14T12:31:09.347459,0.0,15.9,-96.8,41.2,50.0,47.4,236.5,False
2025-01-14T12:31:09.493790,2.0,246.2,684.8,302.2,50.01,27.2,239.6,False
2025-01-14T12:31:09.636805,0.0,63.5,-89.2,46.5,50.0,47.9,236.4,False
2025-01-14T12:31:09.782762,1.0,95.0,-38.8,43.1,50.0,66.3,238.4,False
2025-01-14T12:31:09.937463,2.0,77.0,40.9,36.2,50.01,27.6,239.4,False
2025-01-14T12:31:10.091648,0.0,131.6,-18.9,56.3,49.99,51.3,236.4,False
2025-01-14T12:31:10.271294,1.0,94.3,-37.9,42.9,50.01,86.9,238.4,False
2025-01-14T12:31:10.407413,2.0,80.1,177.4,81.0,50.01,38.5,239.4,False
2025-01-14T12:31:21.344889,0.0,80.2,-92.3,51.8,49.98,51.9,236.4,False
2025-01-14T12:31:21.496859,1.0,95.0,-38.8,43.1,50.0,88.2,238.5,False
2025-01-14T12:31:21.660008,2.0,77.0,40.9,36.2,49.99,39.5,239.5,False
2025-01-14T12:31:21.814038,0.0,10.6,-89.2,37.8,49.99,47.5,236.5,False
2025-01-14T12:31:21.956292,1.0,94.3,-37.9,42.9,49.99,69.8,238.5,False
2025-01-14T12:31:22.123897,2.0,77.0,40.9,36.2,49.98,29.4,239.6,False
2025-01-14T12:31:33.344790,0.0,71.1,-7.6,29.9,49.98,47.5,236.2,False
2025-01-14T12:31:33.470156,1.0,96.8,-6.1,40.6,49.98,50.3,238.3,False
2025-01-14T12:31:33.586425,2.0,77.0,40.9,36.2,49.98,19.1,239.3,False
2025-01-14T12:31:45.350607,0.0,70.3,-4.5,29.7,49.98,47.9,236.4,False
2025-01-14T12:31:45.493607,1.0,95.0,-38.8,43.1,49.98,72.2,238.4,False
2025-01-14T12:31:45.610101,2.0,77.0,40.9,36.2,49.98,31.7,239.5,False
2025-01-14T12:32:09.349767,0.0,93.0,-61.3,47.5,49.98,47.0,236.6,False
2025-01-14T12:32:09.470470,1.0,95.0,-38.8,43.1,49.99,60.0,238.6,False
2025-01-14T12:32:09.596345,2.0,77.0,40.9,36.2,49.98,23.7,239.5,False
2025-01-14T12:32:33.348586,0.0,2.3,-59.7,25.0,49.98,47.6,236.8,False
2025-01-14T12:32:33.466868,1.0,95.0,-38.8,43.1,49.98,50.4,238.7,False
2025-01-14T12:32:33.586217,2.0,77.0,40.9,36.2,50.0,19.5,239.7,False
2025-01-14T12:32:57.349424,0.0,127.8,-3.0,54.1,49.98,47.5,236.7,False
2025-01-14T12:32:57.457674,1.0,94.3,-37.9,42.9,49.99,75.0,238.6,False
2025-01-14T12:32:57.559470,2.0,69.7,149.5,68.6,49.98,32.8,239.7,False
2025-01-14T12:33:09.357474,0.0,35.5,-0.8,15.2,49.98,46.2,236.9,False
2025-01-14T12:33:09.498350,1.0,95.0,-38.8,43.1,49.98,66.8,238.8,False
2025-01-14T12:33:09.631547,2.0,77.0,40.9,36.2,49.99,28.1,239.9,False
2025-01-14T12:33:21.349844,0.0,92.3,-3.8,38.7,49.99,48.0,236.6,False
2025-01-14T12:33:21.482905,1.0,94.3,-37.9,42.9,49.99,51.0,238.5,False
2025-01-14T12:33:21.622899,2.0,68.4,143.7,66.3,49.99,20.1,239.5,False
2025-01-14T12:33:33.411275,1.0,44.6,-0.0,18.8,49.99,39.7,238.7,False
2025-01-14T12:33:33.552041,2.0,69.7,149.5,68.6,49.98,15.1,239.8,False
2025-01-14T12:33:33.696080,0.0,80.2,-4.5,34.6,49.98,47.3,236.2,False
2025-01-14T12:33:33.841188,1.0,95.0,-38.8,43.1,49.99,63.9,238.1,False
2025-01-14T12:33:33.983367,2.0,77.0,40.9,36.2,49.97,27.2,239.1,False
2025-01-14T12:33:57.351116,0.0,88.5,-6.1,38.1,49.98,48.9,236.8,False
2025-01-14T12:33:57.480317,1.0,95.0,-38.8,43.1,49.98,40.0,238.6,False
2025-01-14T12:33:57.591823,2.0,77.0,40.9,36.2,49.98,15.2,239.6,False
2025-01-14T12:33:57.716974,0.0,120.3,-13.6,51.5,49.98,48.7,236.5,False
2025-01-14T12:33:57.833030,1.0,95.0,-38.8,43.1,49.97,71.8,238.4,False
2025-01-14T12:33:57.939305,2.0,77.0,40.9,36.2,49.97,29.8,239.3,False
2025-01-14T12:34:33.412091,0.0,92.3,6.8,39.8,49.95,52.0,236.0,False
2025-01-14T12:34:33.544234,1.0,94.3,-37.9,42.9,49.95,88.0,237.8,False
2025-01-14T12:34:33.683077,2.0,68.4,143.7,66.3,49.94,40.1,238.9,False
2025-01-14T12:34:33.824198,0.0,121.0,-0.8,51.3,49.95,47.3,236.0,False
2025-01-14T12:34:33.954655,1.0,95.0,-38.8,43.1,49.95,65.4,237.7,False
2025-01-14T12:34:34.082535,2.0,77.0,40.9,36.2,49.96,27.6,238.9,False
2025-01-14T12:34:45.352968,0.0,68.1,-90.0,48.3,49.94,47.7,236.2,False
2025-01-14T12:34:45.480224,1.0,94.3,-37.9,42.9,49.94,65.4,238.1,False
2025-01-14T12:34:45.612731,2.0,80.1,177.4,81.0,49.94,28.0,239.2,False
2025-01-14T12:34:45.757641,0.0,8.3,-87.0,36.8,49.94,47.6,236.4,False
2025-01-14T12:34:45.869630,1.0,95.0,-38.8,43.1,49.95,50.5,238.3,False
2025-01-14T12:34:45.981607,2.0,77.0,40.9,36.2,49.93,20.4,239.3,False
2025-01-14T12:34:57.399842,1.0,95.0,-38.8,43.1,49.92,39.7,238.1,False
2025-01-14T12:34:57.514071,0.0,6.8,-37.8,16.5,49.94,48.4,236.5,False
2025-01-14T12:34:57.605440,1.0,38.7,62.5,31.0,49.94,51.5,238.2,False
2025-01-14T12:34:57.737767,2.0,77.0,40.9,36.2,49.94,20.7,239.4,False
2025-01-14T12:35:21.354065,0.0,59.7,-48.4,32.3,49.96,48.5,236.5,False
2025-01-14T12:35:21.496155,1.0,95.0,-38.8,43.1,49.96,61.0,238.4,False
2025-01-14T12:35:21.617656,2.0,77.0,40.9,36.2,49.96,25.2,239.5,False
2025-01-14T12:35:33.411332,1.0,95.0,-38.8,43.1,49.95,51.7,238.2,False
2025-01-14T12:35:33.510488,2.0,77.0,40.9,36.2,49.96,21.0,239.3,False
2025-01-14T12:35:45.379936,2.0,68.4,143.7,66.3,49.97,36.4,239.9,False
2025-01-14T12:35:57.357036,0.0,37.1,-4.5,16.1,49.98,48.2,236.8,False
2025-01-14T12:35:57.492835,1.0,38.7,62.5,31.0,49.97,39.5,238.7,False
2025-01-14T12:35:57.641667,2.0,37.1,6.1,15.7,49.97,26.6,240.2,False
2025-01-14T12:36:09.360262,0.0,121.8,-7.6,51.7,49.98,48.0,236.6,False
2025-01-14T12:36:09.522595,1.0,95.0,-38.8,43.1,49.98,70.6,238.5,False
2025-01-14T12:36:09.696250,2.0,77.0,40.9,36.2,49.98,57.6,240.1,False
2025-01-14T12:36:21.363819,0.0,124.0,-9.1,52.7,49.99,48.4,236.8,False
2025-01-14T12:36:21.512432,1.0,95.0,-38.8,43.1,49.98,39.6,238.7,False
2025-01-14T12:36:21.658075,2.0,77.0,40.9,36.2,49.99,26.7,240.3,False
2025-01-14T12:36:33.360966,0.0,61.3,-35.5,29.9,49.98,46.9,236.7,False
2025-01-14T12:36:33.489751,1.0,52.1,82.9,41.3,49.98,63.5,238.6,False
2025-01-14T12:36:33.613868,2.0,77.0,40.9,36.2,49.99,49.3,240.3,False
2025-01-14T12:36:45.404014,0.0,161.1,-51.4,71.5,49.99,51.5,236.6,False
2025-01-14T12:36:45.514790,1.0,95.0,-38.8,43.1,50.0,86.8,238.5,False
2025-01-14T12:36:45.628054,2.0,39.6,82.5,37.9,49.99,75.3,240.2,False
2025-01-14T12:36:45.743176,0.0,102.1,-6.8,43.3,50.0,48.2,236.7,False
2025-01-14T12:36:45.845992,1.0,95.0,-38.8,43.1,50.0,70.1,238.6,False
2025-01-14T12:36:45.976787,2.0,77.0,40.9,36.2,49.99,56.2,240.2,False
2025-01-14T12:36:46.097002,0.0,31.0,-40.8,21.7,49.98,47.7,236.8,False
2025-01-14T12:36:46.221142,1.0,52.1,82.9,41.3,49.99,69.7,238.7,False
2025-01-14T12:36:46.338076,2.0,39.6,82.5,37.9,49.99,56.4,240.3,False
2025-01-14T12:36:57.361188,0.0,56.7,35.5,28.3,49.99,47.2,236.7,False
2025-01-14T12:36:57.481204,1.0,79.4,31.0,35.7,50.0,49.8,238.7,False
2025-01-14T12:36:57.571697,2.0,77.9,40.1,36.5,50.0,35.4,240.2,False
2025-01-14T12:37:09.362839,0.0,95.3,-5.3,40.8,50.0,47.2,236.3,False
2025-01-14T12:37:09.492829,1.0,95.0,-38.8,43.1,50.0,70.2,238.3,False
2025-01-14T12:37:09.643610,2.0,77.0,40.9,36.2,49.99,58.7,239.9,False
2025-01-14T12:37:21.362241,0.0,59.0,-3.0,25.3,50.0,45.9,236.5,False
2025-01-14T12:37:21.494297,1.0,95.0,-38.8,43.1,50.0,57.7,238.5,False
2025-01-14T12:37:21.624451,2.0,77.0,40.9,36.2,49.99,46.1,240.2,False
2025-01-14T12:37:57.361695,0.0,37.8,1.5,16.3,50.0,47.7,236.9,False
2025-01-14T12:37:57.498251,1.0,37.1,1.5,15.7,50.0,51.0,238.9,False
2025-01-14T12:37:57.626601,2.0,39.3,3.0,16.5,49.99,38.9,240.5,False
2025-01-14T12:38:21.425962,1.0,43.9,-1.5,18.3,50.0,39.3,238.7,False
2025-01-14T12:38:21.604743,2.0,38.6,4.5,16.1,50.0,29.3,240.4,False
2025-01-14T12:38:33.364903,0.0,108.2,-9.1,45.8,50.01,47.0,236.8,False
2025-01-14T12:38:33.495677,1.0,95.0,-38.8,43.1,50.0,69.0,238.7,False
2025-01-14T12:38:33.624970,2.0,77.0,40.9,36.2,50.0,58.9,240.4,False
2025-01-14T12:38:45.365300,0.0,81.7,-7.6,34.3,50.0,47.5,236.4,False
2025-01-14T12:38:45.526396,1.0,95.0,-38.8,43.1,50.0,49.6,238.4,False
2025-01-14T12:38:45.674450,2.0,77.0,40.9,36.2,50.0,38.1,240.1,False
2025-01-14T12:38:57.365520,0.0,90.8,-9.8,38.2,49.99,47.4,236.8,False
2025-01-14T12:38:57.509043,1.0,95.0,-38.8,43.1,50.0,71.9,238.8,False
2025-01-14T12:38:57.653930,2.0,77.0,40.9,36.2,50.0,60.9,240.4,False
2025-01-14T12:38:57.797610,0.0,36.3,-6.8,15.5,50.01,46.9,236.7,False
2025-01-14T12:39:21.367116,0.0,89.2,-6.1,37.8,50.0,48.0,236.7,False
2025-01-14T12:39:21.513812,1.0,95.0,-38.8,43.1,49.99,39.2,238.8,False
2025-01-14T12:39:21.656197,2.0,77.0,40.9,36.2,50.01,27.8,240.4,False
2025-01-14T12:39:33.369105,0.0,119.5,-7.6,50.7,50.0,46.8,236.6,False
2025-01-14T12:39:33.506274,1.0,95.0,-38.8,43.1,50.01,68.9,238.6,False
2025-01-14T12:39:33.654968,2.0,77.0,40.9,36.2,50.0,58.0,240.3,False
2025-01-14T12:39:45.367418,0.0,92.3,-4.5,39.1,49.99,51.4,236.6,False
2025-01-14T12:39:45.533020,1.0,94.3,-37.9,42.9,49.98,87.2,238.6,False
2025-01-14T12:39:45.693694,2.0,68.4,143.7,66.3,49.98,77.9,240.2,False
2025-01-14T12:39:57.364660,0.0,121.8,-5.3,51.6,50.0,47.0,236.6,False
2025-01-14T12:39:57.502755,1.0,95.0,-38.8,43.1,49.99,64.1,238.7,False
2025-01-14T12:39:57.650070,2.0,77.0,40.9,36.2,49.99,52.5,240.3,False
2025-01-14T12:40:09.367743,0.0,53.7,-0.8,22.7,50.0,46.9,236.6,False
2025-01-14T12:40:09.510994,1.0,94.3,-37.9,42.9,50.0,50.5,238.6,False
2025-01-14T12:40:09.645614,2.0,68.4,143.7,66.3,50.0,37.4,240.2,False
2025-01-14T12:40:21.420787,0.0,68.1,-108.2,54.0,50.01,47.3,236.6,False
2025-01-14T12:40:21.557178,1.0,27.2,-81.7,36.1,50.01,49.4,238.6,False
2025-01-14T12:40:21.714410,2.0,22.7,-80.9,35.0,50.0,36.9,240.2,False
2025-01-14T12:40:21.872517,0.0,33.3,-101.3,45.1,50.01,47.8,236.6,False
2025-01-14T12:40:22.023270,1.0,95.0,-38.8,43.1,50.01,39.0,238.6,False
2025-01-14T12:40:22.171182,2.0,77.0,40.9,36.2,50.01,27.8,240.2,False
2025-01-14T12:40:33.458556,1.0,94.3,-37.9,42.9,50.02,48.4,238.6,False
2025-01-14T12:40:33.603359,1.0,95.0,-38.8,43.1,50.02,48.4,238.6,False
2025-01-14T12:40:33.749457,2.0,39.6,82.5,37.9,50.02,36.8,240.2,False
2025-01-14T12:40:45.451101,1.0,95.0,-38.8,43.1,49.99,61.0,238.6,False
2025-01-14T12:40:45.608769,2.0,42.7,84.8,39.6,49.99,25.3,239.7,False
2025-01-14T12:40:57.447630,1.0,95.0,-38.8,43.1,49.98,52.1,238.6,False
2025-01-14T12:40:57.572615,2.0,77.0,40.9,36.2,49.99,20.1,239.8,False
2025-01-14T12:41:21.435196,1.0,94.3,-37.9,42.9,49.99,41.6,238.3,False
2025-01-14T12:41:21.589271,2.0,39.6,82.5,37.9,49.99,15.4,239.4,False
2025-01-14T12:41:33.373295,0.0,127.8,-10.6,54.3,49.98,50.3,236.5,False
2025-01-14T12:41:33.540099,1.0,95.0,-38.8,43.1,49.98,74.7,238.3,False
2025-01-14T12:41:33.682032,2.0,77.0,40.9,36.2,49.98,32.2,239.4,False
2025-01-14T12:41:45.375390,0.0,77.9,5.3,32.6,49.99,53.5,236.9,False
2025-01-14T12:41:45.513391,1.0,94.3,-37.9,42.9,49.98,91.1,238.7,False
2025-01-14T12:41:45.658257,2.0,39.6,82.5,37.9,49.98,41.2,239.8,False
2025-01-14T12:41:57.371701,0.0,113.4,4.5,47.8,49.99,48.5,236.7,False
2025-01-14T12:41:57.506136,1.0,95.0,-38.8,43.1,49.98,65.9,238.6,False
2025-01-14T12:41:57.637151,2.0,77.0,40.9,36.2,49.99,27.7,239.7,False
2025-01-14T12:42:09.373898,0.0,93.0,-9.8,39.5,49.98,48.5,236.7,False
2025-01-14T12:42:09.516182,1.0,94.3,-37.9,42.9,49.99,40.3,238.6,False
2025-01-14T12:42:09.681410,2.0,42.7,84.8,39.6,49.99,16.1,239.7,False
2025-01-14T12:42:09.832503,0.0,121.8,-12.9,52.1,49.98,49.1,236.4,False
2025-01-14T12:42:09.975291,1.0,95.0,-38.8,43.1,49.98,72.8,238.3,False
2025-01-14T12:42:10.129332,2.0,77.0,40.9,36.2,49.97,31.1,239.4,False
2025-01-14T12:42:33.380486,0.0,99.8,-1.5,42.6,49.99,53.3,236.2,False
2025-01-14T12:42:33.529939,1.0,94.3,-37.9,42.9,49.99,89.5,238.1,False
2025-01-14T12:42:33.661508,2.0,57.4,120.5,55.5,49.99,41.2,239.2,False
2025-01-14T12:42:33.803647,0.0,96.8,-8.3,41.3,49.98,49.7,236.3,False
2025-01-14T12:42:33.954457,1.0,95.0,-38.8,43.1,49.99,74.1,238.1,False
2025-01-14T12:42:34.096965,2.0,77.0,40.9,36.2,49.99,32.4,239.3,False
2025-01-14T12:42:45.410647,0.0,37.1,-43.9,24.6,50.0,48.7,236.5,False
2025-01-14T12:42:45.557347,2.0,57.4,120.5,55.5,49.99,31.8,239.4,False
2025-01-14T12:42:45.724533,0.0,20.4,-46.9,21.6,50.0,47.7,236.5,False
2025-01-14T12:42:45.876863,1.0,94.3,-37.9,42.9,49.98,59.9,238.5,False
2025-01-14T12:42:46.021096,2.0,77.0,40.9,36.2,49.99,24.7,239.5,False
2025-01-14T12:43:33.374955,0.0,36.3,-2.3,15.9,50.01,47.3,237.0,False
2025-01-14T12:43:33.531228,1.0,42.4,3.0,18.0,50.0,49.2,239.0,False
2025-01-14T12:43:33.665006,2.0,77.0,40.9,36.2,50.0,19.9,240.0,False
2025-01-14T12:43:45.686339,1.0,40.8,-3.0,17.1,50.0,39.4,238.8,False
2025-01-14T12:43:46.361507,2.0,39.6,82.5,37.9,50.0,15.7,239.8,False
2025-01-14T12:43:57.372572,0.0,126.3,-3.8,53.9,49.98,48.4,236.2,False
2025-01-14T12:43:57.494224,1.0,95.0,-38.8,43.1,49.99,71.6,238.1,False
2025-01-14T12:43:57.612803,2.0,77.0,40.9,36.2,49.98,31.1,239.2,False
2025-01-14T12:44:21.386027,0.0,103.6,-11.3,43.9,49.98,51.5,236.4,False
2025-01-14T12:44:21.581031,1.0,94.3,-37.9,42.9,49.99,86.5,238.4,False
2025-01-14T12:44:21.744893,2.0,57.4,120.5,55.5,49.99,39.6,239.4,False
2025-01-14T12:44:21.906287,0.0,97.6,-4.5,41.3,49.99,48.2,236.3,False
2025-01-14T12:44:22.075158,1.0,95.0,-38.8,43.1,49.99,72.2,238.3,False
2025-01-14T12:44:22.217066,2.0,77.0,40.9,36.2,49.99,31.5,239.3,False
2025-01-14T12:44:22.358107,0.0,44.6,-10.6,19.6,50.0,46.9,236.2,False
2025-01-14T12:44:22.492003,0.0,45.4,-11.3,19.8,50.0,47.8,236.2,False
2025-01-14T12:44:33.377411,0.0,94.5,-7.6,40.4,50.01,48.4,236.6,False
2025-01-14T12:44:33.499679,1.0,94.3,-37.9,42.9,50.01,38.8,238.6,False
2025-01-14T12:44:33.602203,2.0,57.4,120.5,55.5,50.01,15.6,239.6,False
2025-01-14T12:44:57.377945,0.0,75.6,-3.0,32.2,49.99,49.1,236.5,False
2025-01-14T12:44:57.503278,1.0,95.0,-38.8,43.1,49.99,70.8,238.5,False
2025-01-14T12:44:57.642256,2.0,77.0,40.9,36.2,50.0,31.5,239.6,False
2025-01-14T12:45:09.479062,0.0,31.8,-38.6,21.4,49.99,48.3,236.7,False
2025-01-14T12:45:09.653886,1.0,95.0,-38.8,43.1,49.99,70.7,238.7,False
2025-01-14T12:45:09.814726,2.0,77.0,40.9,36.2,49.99,31.6,239.7,False
2025-01-14T12:45:10.034565,0.0,130.8,-48.4,58.8,49.99,51.0,236.8,False
2025-01-14T12:45:10.261464,1.0,95.0,-38.8,43.1,50.0,85.5,238.8,False
2025-01-14T12:45:10.536537,2.0,77.0,40.9,36.2,50.0,39.9,239.8,False
2025-01-14T12:45:33.444538,0.0,64.3,-3.0,27.2,50.0,48.1,237.1,False
2025-01-14T12:45:33.563492,1.0,95.0,-38.8,43.1,50.0,51.5,239.0,False
2025-01-14T12:45:33.683312,2.0,77.0,40.9,36.2,49.99,21.4,240.1,False
2025-01-14T12:45:33.804121,0.0,46.9,-8.3,20.0,50.0,47.9,237.0,False
2025-01-14T12:45:33.925662,1.0,46.1,-2.3,19.3,49.99,40.1,238.9,False
2025-01-14T12:45:34.061513,2.0,37.8,6.1,15.9,49.99,16.1,240.0,False
2025-01-14T12:45:45.397455,2.0,811.5,-12.9,338.4,49.99,31.2,240.3,False
2025-01-14T12:46:09.381389,0.0,39.3,-3.0,16.8,49.98,47.5,236.4,False
2025-01-14T12:46:09.557861,1.0,95.0,-38.8,43.1,49.99,60.9,238.4,False
2025-01-14T12:46:09.706271,2.0,77.0,40.9,36.2,49.98,50.0,240.0,False
2025-01-14T12:46:33.383637,0.0,77.1,-82.4,47.4,50.0,48.1,236.7,False
2025-01-14T12:46:33.522211,1.0,95.0,-38.8,43.1,50.02,39.7,238.7,False
2025-01-14T12:46:33.663310,2.0,77.0,40.9,36.2,50.01,29.0,240.3,False
2025-01-14T12:47:09.385923,0.0,93.0,-9.8,39.3,50.0,51.0,236.8,False
2025-01-14T12:47:09.542993,1.0,95.0,-38.8,43.1,50.0,86.2,238.9,False
2025-01-14T12:47:09.679601,2.0,77.0,40.9,36.2,50.01,76.1,240.3,False
2025-01-14T12:47:21.444143,0.0,119.5,-1.5,50.4,50.0,47.1,236.7,False
2025-01-14T12:47:21.579150,1.0,95.0,-38.8,43.1,50.0,64.5,238.7,False
2025-01-14T12:47:21.706480,2.0,77.0,40.9,36.2,50.01,51.1,240.2,False
2025-01-14T12:47:21.826196,0.0,99.1,-12.1,42.2,50.0,47.2,236.7,False
2025-01-14T12:47:21.956171,1.0,107.4,-0.0,45.0,50.0,39.0,238.7,False
2025-01-14T12:47:22.092251,2.0,96.1,8.3,40.2,50.0,28.4,240.2,False
2025-01-14T12:47:45.385138,0.0,87.0,-6.8,37.1,50.0,49.7,236.2,False
2025-01-14T12:47:45.508329,1.0,95.0,-38.8,43.1,49.99,83.9,238.3,False
2025-01-14T12:47:45.618504,2.0,77.0,40.9,36.2,49.99,75.3,239.9,False
2025-01-14T12:48:09.386619,0.0,118.7,-108.2,68.2,50.01,47.1,236.7,False
2025-01-14T12:48:09.513683,1.0,95.0,-38.8,43.1,50.01,59.4,238.9,False
2025-01-14T12:48:09.650749,2.0,77.0,40.9,36.2,50.01,47.1,240.4,False
2025-01-14T12:48:57.386767,0.0,26.5,-102.1,44.7,50.03,46.7,236.7,False
2025-01-14T12:48:57.536015,1.0,95.0,-38.8,43.1,50.03,49.6,238.9,False
2025-01-14T12:48:57.683691,2.0,246.2,684.8,302.2,50.03,39.1,240.4,False
2025-01-14T12:48:57.820147,2.0,246.2,684.8,302.2,50.03,39.1,240.4,False
2025-01-14T12:49:09.450789,1.0,95.0,-38.8,43.1,50.02,39.0,239.0,False
2025-01-14T12:49:09.582319,2.0,39.3,8.3,16.7,50.02,27.7,240.5,False
2025-01-14T12:49:33.386461,0.0,92.3,-1.5,39.0,50.01,52.3,236.8,False
2025-01-14T12:49:33.511666,1.0,95.0,-38.8,43.1,50.01,87.7,238.9,False
2025-01-14T12:49:33.649507,2.0,77.0,40.9,36.2,50.01,78.3,240.4,False
2025-01-14T12:49:45.385605,0.0,87.0,4.5,37.1,50.01,47.6,237.1,False
2025-01-14T12:49:45.509411,1.0,95.0,-38.8,43.1,50.02,71.6,239.2,False
2025-01-14T12:49:45.624515,2.0,77.0,40.9,36.2,50.02,59.1,240.7,False
2025-01-14T12:49:57.387053,0.0,82.4,36.3,38.0,50.03,47.2,237.4,False
2025-01-14T12:49:57.521490,1.0,121.8,28.7,52.3,50.04,38.6,239.5,False
2025-01-14T12:49:57.654255,2.0,115.7,47.6,52.0,50.03,26.9,240.9,False
2025-01-14T12:50:33.430993,0.0,90.0,-8.3,38.4,50.03,46.9,237.1,False
2025-01-14T12:50:33.555088,1.0,95.0,-38.8,43.1,50.04,63.5,239.1,False
2025-01-14T12:50:33.667903,2.0,77.0,40.9,36.2,50.04,51.3,240.7,False
2025-01-14T12:50:33.800158,0.0,109.7,12.1,46.6,50.03,51.3,237.0,False
2025-01-14T12:50:33.931904,1.0,94.3,-37.9,42.9,50.02,85.6,239.1,False
2025-01-14T12:50:34.052312,2.0,68.4,143.7,66.3,50.03,75.8,240.6,False
2025-01-14T12:50:45.412593,2.0,246.2,684.8,302.2,50.03,39.1,240.4,False
2025-01-14T12:50:45.546982,0.0,65.8,-1.5,27.8,50.03,49.1,237.3,False
2025-01-14T12:50:45.657388,1.0,95.0,-38.8,43.1,50.03,77.8,239.4,False
2025-01-14T12:50:45.768683,2.0,77.0,40.9,36.2,50.02,34.5,240.4,False
2025-01-14T12:50:57.387882,0.0,108.9,-13.6,46.5,50.01,47.9,237.5,False
2025-01-14T12:50:57.511421,1.0,94.3,-37.9,42.9,50.01,39.3,239.4,False
2025-01-14T12:50:57.637422,2.0,68.4,143.7,66.3,50.02,15.3,240.5,False
2025-01-14T12:51:09.390123,0.0,68.1,-107.4,53.7,50.03,46.9,237.6,False
2025-01-14T12:51:09.526810,1.0,20.4,-81.7,35.3,50.04,38.3,239.5,False
2025-01-14T12:51:09.656788,2.0,246.2,684.8,302.2,50.04,14.5,240.6,False
2025-01-14T12:51:21.391796,0.0,94.5,-106.6,60.4,50.03,47.3,237.3,False
2025-01-14T12:51:21.505793,2.0,77.0,40.9,36.2,50.03,20.4,240.3,False
2025-01-14T12:51:33.424985,1.0,95.0,-38.8,43.1,50.04,59.4,239.4,False
2025-01-14T12:51:57.408649,2.0,77.0,40.9,36.2,50.04,20.5,240.2,False
2025-01-14T12:51:57.514452,1.0,95.0,-38.8,43.1,50.03,39.4,239.1,False
2025-01-14T12:52:21.392503,0.0,96.8,-16.6,41.0,50.04,45.5,237.5,False
2025-01-14T12:52:21.536151,1.0,95.0,-38.8,43.1,50.04,63.3,239.5,False
2025-01-14T12:52:21.671591,2.0,77.0,40.9,36.2,50.03,26.3,240.5,False
2025-01-14T12:52:33.393763,0.0,128.6,-9.8,54.3,50.04,51.3,237.6,False
2025-01-14T12:52:33.526786,1.0,94.3,-37.9,42.9,50.04,88.1,239.5,False
2025-01-14T12:52:33.642943,2.0,68.4,143.7,66.3,50.04,39.4,240.5,False
2025-01-14T12:52:45.392331,0.0,75.6,-9.8,32.2,50.04,46.9,237.6,False
2025-01-14T12:52:45.522112,1.0,95.0,-38.8,43.1,50.04,51.6,239.7,False
2025-01-14T12:52:45.632209,2.0,77.0,40.9,36.2,50.03,20.6,240.7,False
2025-01-14T12:52:57.392929,0.0,40.1,-19.7,19.1,50.03,47.1,237.8,False
2025-01-14T12:52:57.506045,1.0,94.3,-37.9,42.9,50.04,39.9,239.9,False
2025-01-14T12:52:57.601423,2.0,68.4,143.7,66.3,50.03,14.8,241.0,False
2025-01-14T12:53:09.394691,0.0,102.1,9.8,43.3,50.04,52.5,237.5,False
2025-01-14T12:53:09.520182,1.0,95.0,-38.8,43.1,50.04,89.5,239.5,False
2025-01-14T12:53:09.644228,2.0,77.0,40.9,36.2,50.03,40.3,240.5,False
2025-01-14T12:53:33.395897,0.0,83.2,-5.3,35.3,50.04,47.5,237.5,False
2025-01-14T12:53:33.566478,1.0,95.0,-38.8,43.1,50.03,62.1,239.6,False
2025-01-14T12:53:33.724614,2.0,77.0,40.9,36.2,50.04,25.2,240.5,False
2025-01-14T12:54:09.394668,0.0,41.6,-65.8,33.0,50.05,46.1,237.6,False
2025-01-14T12:54:09.521032,1.0,25.7,-46.1,22.1,50.05,59.9,239.6,False
2025-01-14T12:54:09.647972,2.0,77.9,-42.4,37.2,50.04,24.8,240.6,False
2025-01-14T12:54:21.398427,0.0,2.3,-51.4,22.0,50.04,46.7,237.4,False
2025-01-14T12:54:21.535053,1.0,95.0,-38.8,43.1,50.04,49.2,239.4,False
2025-01-14T12:54:21.660802,2.0,77.0,40.9,36.2,50.03,19.6,240.4,False
2025-01-14T12:54:33.464308,1.0,95.0,-38.8,43.1,50.03,39.0,239.6,False
2025-01-14T12:54:33.586741,2.0,77.0,40.9,36.2,50.03,15.4,240.6,False
2025-01-14T12:54:57.396148,0.0,95.3,-12.9,40.6,50.04,46.6,237.5,False
2025-01-14T12:54:57.505268,1.0,95.0,-38.8,43.1,50.03,65.2,239.5,False
2025-01-14T12:54:57.626462,2.0,77.0,40.9,36.2,50.03,27.6,240.5,False
2025-01-14T12:55:09.397197,0.0,126.3,0.0,53.5,50.03,51.4,237.2,False
2025-01-14T12:55:09.526327,1.0,94.3,-37.9,42.9,50.03,87.0,239.2,False
2025-01-14T12:55:09.647532,2.0,68.4,143.7,66.3,50.03,40.4,240.2,False
2025-01-14T12:55:09.768885,0.0,88.5,-1.5,37.2,50.02,48.1,237.1,False
2025-01-14T12:55:09.905517,1.0,95.0,-38.8,43.1,50.03,73.1,239.2,False
2025-01-14T12:55:10.033770,2.0,77.0,40.9,36.2,50.04,32.0,240.1,False
2025-01-14T12:55:21.416063,2.0,68.4,143.7,66.3,50.04,29.2,240.6,False
2025-01-14T12:55:33.439048,2.0,77.0,40.9,36.2,50.04,28.5,240.6,False
2025-01-14T12:55:33.586670,0.0,173.9,-95.3,83.4,50.02,46.2,237.5,False
2025-01-14T12:55:33.702036,1.0,94.3,-37.9,42.9,50.03,38.8,239.6,False
2025-01-14T12:55:33.826016,2.0,77.0,40.9,36.2,50.03,15.5,240.5,False
2025-01-14T12:55:33.951630,0.0,49.9,-90.0,43.1,50.03,47.0,237.7,False
2025-01-14T12:55:34.078489,1.0,95.0,-38.8,43.1,50.03,38.1,239.7,False
2025-01-14T12:55:34.191943,2.0,77.0,40.9,36.2,50.04,15.6,240.7,False
2025-01-14T12:55:45.419631,2.0,77.0,40.9,36.2,50.03,27.6,241.1,False
2025-01-14T12:55:45.546430,0.0,102.1,-6.8,43.1,50.03,45.0,237.5,False
2025-01-14T12:55:45.672372,1.0,94.3,-37.9,42.9,50.03,62.0,239.6,False
2025-01-14T12:55:45.799793,2.0,77.0,40.9,36.2,50.03,52.0,241.0,False
2025-01-14T12:55:57.402204,0.0,122.5,-5.3,51.5,50.03,50.2,237.7,False
2025-01-14T12:55:57.520401,1.0,52.1,82.9,41.3,50.03,84.1,239.7,False
2025-01-14T12:55:57.655386,2.0,39.6,82.5,37.9,50.02,74.0,241.3,False
2025-01-14T12:56:21.402640,0.0,40.1,-3.8,17.3,50.03,47.4,237.7,False
2025-01-14T12:56:21.544280,1.0,95.0,-38.8,43.1,50.03,70.0,239.8,False
2025-01-14T12:56:21.693189,2.0,77.0,40.9,36.2,50.03,59.1,241.3,False
2025-01-14T12:56:33.400241,0.0,112.7,-11.3,47.4,50.01,46.9,237.4,False
2025-01-14T12:56:33.527512,1.0,94.3,-37.9,42.9,50.02,39.9,239.4,False
2025-01-14T12:56:33.664677,2.0,39.6,82.5,37.9,50.01,28.2,240.9,False
2025-01-14T12:56:57.400372,0.0,71.1,-11.3,30.1,50.02,46.5,237.6,False
2025-01-14T12:56:57.572533,1.0,95.0,-38.8,43.1,50.02,61.0,239.6,False
2025-01-14T12:56:57.701382,2.0,77.0,40.9,36.2,50.02,49.4,241.2,False
2025-01-14T12:57:21.409847,0.0,38.6,-2.3,16.3,50.04,45.5,237.7,False
2025-01-14T12:57:21.539733,1.0,95.0,-38.8,43.1,50.03,50.7,239.7,False
2025-01-14T12:57:21.680325,2.0,77.0,40.9,36.2,50.03,37.9,241.3,False
2025-01-14T12:57:33.467494,1.0,52.1,82.9,41.3,50.03,38.4,239.5,False
2025-01-14T12:57:33.594655,2.0,37.8,5.3,15.8,50.03,26.9,241.0,False
2025-01-14T12:57:45.405846,0.0,80.2,4.5,33.8,50.03,46.4,237.5,False
2025-01-14T12:57:45.536759,1.0,95.0,-38.8,43.1,50.03,64.2,239.6,False
2025-01-14T12:57:45.660738,2.0,77.0,40.9,36.2,50.03,51.7,241.1,False
2025-01-14T12:57:57.403253,0.0,136.9,-18.2,58.4,50.02,50.9,237.4,False
2025-01-14T12:57:57.525788,1.0,94.3,-37.9,42.9,50.02,85.9,239.4,False
2025-01-14T12:57:57.648709,2.0,80.1,177.4,81.0,50.02,77.4,241.0,False
2025-01-14T12:58:09.414387,0.0,98.3,-3.8,41.7,50.03,46.6,237.6,False
2025-01-14T12:58:09.550623,1.0,95.0,-38.8,43.1,50.02,69.3,239.5,False
2025-01-14T12:58:09.693180,2.0,77.0,40.9,36.2,50.03,58.9,241.1,False
2025-01-14T12:58:21.420205,0.0,59.7,-76.4,40.8,50.02,46.7,237.5,False
2025-01-14T12:58:21.564389,0.0,62.0,-64.3,37.6,50.03,46.7,237.6,False
2025-01-14T12:58:21.695632,1.0,94.3,-37.9,42.9,50.02,38.2,239.7,False
2025-01-14T12:58:21.841672,2.0,80.1,177.4,81.0,50.03,27.6,241.2,False
2025-01-14T12:58:21.980123,0.0,91.5,-9.8,38.7,50.03,45.3,237.6,False
2025-01-14T12:58:22.113174,1.0,95.0,-38.8,43.1,50.04,60.8,239.6,False
2025-01-14T12:58:22.243085,2.0,77.0,40.9,36.2,50.03,49.7,241.2,False
2025-01-14T12:58:45.468931,0.0,123.3,-6.1,52.4,50.02,50.4,237.3,False
2025-01-14T12:58:45.606322,1.0,94.3,-37.9,42.9,50.03,85.3,239.4,False
2025-01-14T12:58:45.739714,2.0,68.4,143.7,66.3,50.01,75.9,240.9,False
2025-01-14T12:58:45.865182,0.0,55.2,-3.0,23.4,50.02,48.2,237.4,False
2025-01-14T12:58:45.989293,1.0,95.0,-38.8,43.1,50.02,76.5,239.4,False
2025-01-14T12:58:46.157522,2.0,77.0,40.9,36.2,50.02,65.8,240.9,False
2025-01-14T12:58:57.410067,0.0,90.0,-4.5,38.0,50.02,45.5,237.4,False
2025-01-14T12:58:57.560537,1.0,94.3,-37.9,42.9,50.02,58.8,239.4,False
2025-01-14T12:58:57.693059,2.0,68.4,143.7,66.3,50.01,47.7,241.0,False
2025-01-14T12:59:45.475308,1.0,39.3,-3.0,16.5,50.02,50.9,239.5,False
2025-01-14T12:59:45.624597,2.0,39.3,4.5,16.4,50.03,38.7,241.1,False
2025-01-14T12:59:57.469459,1.0,45.4,-1.5,18.9,50.03,39.7,239.1,False
2025-01-14T12:59:57.593227,2.0,36.3,3.0,15.1,50.04,28.8,240.7,False
2025-01-14T13:00:21.414508,0.0,80.2,-10.6,34.3,50.02,45.1,236.9,False
2025-01-14T13:00:21.552770,1.0,95.0,-38.8,43.1,50.03,64.9,238.9,False
2025-01-14T13:00:21.709360,2.0,77.0,40.9,36.2,50.02,54.1,240.5,False
2025-01-14T13:00:33.412936,0.0,45.4,-13.6,19.4,50.02,45.4,237.3,False
2025-01-14T13:00:45.413014,0.0,63.5,-6.8,26.5,50.01,44.7,236.9,False
2025-01-14T13:00:45.563113,1.0,95.0,-38.8,43.1,50.01,48.3,239.0,False
2025-01-14T13:00:45.723183,2.0,246.2,684.8,302.2,50.01,19.9,240.3,False
2025-01-14T13:00:57.417820,0.0,37.8,-6.8,16.5,50.03,45.5,237.2,False
2025-01-14T13:00:57.573783,1.0,42.4,-0.0,17.7,50.03,38.0,239.2,False
2025-01-14T13:01:09.416555,0.0,97.6,-13.6,41.3,50.03,45.8,237.3,False
2025-01-14T13:01:09.555421,1.0,95.0,-38.8,43.1,50.04,63.0,239.3,False
2025-01-14T13:01:09.690780,2.0,57.4,120.5,55.5,50.03,26.7,240.4,False
2025-01-14T13:01:33.478862,0.0,75.6,-9.8,32.1,50.04,45.8,237.3,False
2025-01-14T13:01:33.620795,1.0,95.0,-38.8,43.1,50.05,49.9,239.3,False
2025-01-14T13:01:33.748654,2.0,77.0,40.9,36.2,50.04,20.6,240.3,False
2025-01-14T13:01:33.883214,0.0,146.0,-14.4,62.2,50.05,47.3,237.0,False
2025-01-14T13:01:34.053838,1.0,95.0,-38.8,43.1,50.04,77.3,239.1,False
2025-01-14T13:01:34.206401,2.0,77.0,40.9,36.2,50.05,34.5,240.0,False
2025-01-14T13:01:34.365343,0.0,43.9,-4.5,18.8,50.04,45.4,237.2,False
2025-01-14T13:01:34.518398,1.0,95.0,-38.8,43.1,50.04,68.0,239.2,False
2025-01-14T13:01:34.665851,2.0,77.0,40.9,36.2,50.04,29.8,240.2,False
2025-01-14T13:01:57.415748,0.0,142.2,-19.7,60.3,50.03,45.7,236.9,False
2025-01-14T13:01:57.547126,1.0,139.2,-3.8,58.2,50.03,38.9,239.0,False
2025-01-14T13:01:57.683897,2.0,57.4,120.5,55.5,50.03,15.1,240.0,False
2025-01-14T13:02:33.419605,0.0,68.8,-9.8,29.3,50.02,45.7,236.9,False
2025-01-14T13:02:33.615345,1.0,95.0,-38.8,43.1,50.03,58.2,238.8,False
2025-01-14T13:02:33.777550,2.0,77.0,40.9,36.2,50.02,24.3,239.9,False
2025-01-14T13:02:33.930069,1.0,95.0,-38.8,43.1,50.03,47.5,238.8,False
2025-01-14T13:02:57.497425,1.0,41.6,-2.3,17.5,50.04,37.8,238.9,False
2025-01-14T13:02:57.647815,2.0,77.0,40.9,36.2,50.03,14.6,239.9,False
2025-01-14T13:03:09.418328,0.0,87.7,-10.6,37.5,50.03,45.9,236.8,False
2025-01-14T13:03:09.582092,1.0,95.0,-38.8,43.1,50.04,64.4,238.9,False
2025-01-14T13:03:09.735895,2.0,77.0,40.9,36.2,50.02,27.4,239.9,False
2025-01-14T13:03:21.418390,0.0,144.5,-106.6,75.5,50.03,45.8,236.5,False
2025-01-14T13:03:21.565302,1.0,95.0,-38.8,43.1,50.03,37.1,238.5,False
2025-01-14T13:03:21.717510,2.0,77.0,40.9,36.2,50.03,15.0,239.5,False
2025-01-14T13:03:33.469157,0.0,33.3,-62.0,29.6,50.02,46.1,236.6,False
2025-01-14T13:03:33.602908,1.0,95.0,-38.8,43.1,50.02,37.1,238.6,False
2025-01-14T13:03:33.739498,2.0,77.0,40.9,36.2,50.03,14.3,239.6,False
2025-01-14T13:03:33.875181,0.0,138.4,-37.8,60.6,50.04,45.9,236.7,False
2025-01-14T13:03:34.035977,1.0,94.3,-37.9,42.9,50.02,68.9,238.6,False
2025-01-14T13:03:34.197615,2.0,57.4,120.5,55.5,50.02,30.5,239.6,False
2025-01-14T13:03:45.419856,0.0,98.3,-15.9,42.5,50.01,51.5,236.4,False
2025-01-14T13:03:45.586587,1.0,52.1,82.9,41.3,50.03,88.6,238.4,False
2025-01-14T13:03:45.743362,2.0,53.4,108.7,50.5,50.02,41.0,239.4,False
2025-01-14T13:03:57.418073,0.0,124.8,-11.3,53.0,50.03,46.3,236.3,False
2025-01-14T13:03:57.580160,1.0,95.0,-38.8,43.1,50.03,65.5,238.4,False
2025-01-14T13:03:57.737397,2.0,77.0,40.9,36.2,50.03,27.9,239.3,False
2025-01-14T13:04:09.472638,0.0,42.4,-6.1,18.3,50.03,46.7,236.5,False
2025-01-14T13:04:09.616976,1.0,94.3,-37.9,42.9,50.02,55.1,238.5,False
2025-01-14T13:04:09.759515,2.0,57.4,120.5,55.5,50.01,24.3,239.5,False
2025-01-14T13:04:09.905185,0.0,108.2,-12.1,46.1,50.04,49.7,236.5,False
2025-01-14T13:04:10.058416,1.0,95.0,-38.8,43.1,50.02,80.8,238.4,False
2025-01-14T13:04:10.205286,2.0,77.0,40.9,36.2,50.02,36.4,239.4,False
2025-01-14T13:04:33.419499,0.0,87.7,-4.5,37.3,50.01,46.0,236.6,False
2025-01-14T13:04:33.579160,1.0,95.0,-38.8,43.1,50.01,60.3,238.5,False
2025-01-14T13:04:33.751879,2.0,77.0,40.9,36.2,50.01,24.8,239.5,False
2025-01-14T13:05:09.422453,0.0,52.2,-37.8,26.8,50.01,45.7,236.3,False
2025-01-14T13:05:09.587756,1.0,52.1,82.9,41.3,50.02,49.7,238.3,False
2025-01-14T13:05:09.766859,2.0,53.4,108.7,50.5,50.01,20.3,239.2,False
2025-01-14T13:05:09.922855,2.0,77.0,40.9,36.2,50.02,19.8,239.3,False
2025-01-14T13:05:33.465067,0.0,84.7,-99.1,55.0,50.02,46.3,236.3,False
2025-01-14T13:05:33.591692,1.0,60.5,-70.3,38.8,50.02,38.9,238.2,False
2025-01-14T13:05:33.724359,2.0,77.0,40.9,36.2,50.03,15.4,239.2,False
2025-01-14T13:05:33.893557,0.0,140.7,-102.1,73.4,50.02,45.3,236.4,False
2025-01-14T13:05:34.059858,1.0,95.0,-38.8,43.1,50.02,62.9,238.4,False
2025-01-14T13:05:34.220654,2.0,77.0,40.9,36.2,50.01,27.3,239.4,False
2025-01-14T13:05:45.446285,2.0,246.2,684.8,302.2,50.02,51.6,240.0,False
2025-01-14T13:05:57.422592,0.0,86.2,-6.8,36.5,49.99,45.7,236.4,False
2025-01-14T13:05:57.622700,1.0,95.0,-38.8,43.1,50.0,38.3,238.4,False
2025-01-14T13:05:57.777161,2.0,77.0,40.9,36.2,50.0,27.2,240.0,False
2025-01-14T13:05:57.917156,0.0,115.0,-9.1,48.8,50.0,46.1,236.4,False
2025-01-14T13:05:58.047546,1.0,95.0,-38.8,43.1,49.99,69.8,238.3,False
2025-01-14T13:05:58.186315,2.0,77.0,40.9,36.2,50.0,60.1,239.9,False
2025-01-14T13:06:21.423054,0.0,27.2,-49.2,23.5,50.0,44.9,236.0,False
2025-01-14T13:06:21.568445,1.0,95.0,-38.8,43.1,49.99,48.8,237.9,False
2025-01-14T13:06:21.728682,2.0,77.0,40.9,36.2,50.0,37.3,239.5,False
2025-01-14T13:06:33.422142,0.0,0.8,-42.4,18.0,49.99,45.3,236.0,False
2025-01-14T13:06:33.567776,1.0,95.0,-38.8,43.1,49.98,62.4,238.0,False
2025-01-14T13:06:33.718189,2.0,77.0,40.9,36.2,50.0,52.2,239.5,False
2025-01-14T13:06:45.426194,0.0,56.0,-3.0,23.9,50.0,45.4,236.2,False
2025-01-14T13:06:45.582515,1.0,95.0,-38.8,43.1,50.0,48.8,238.2,False
2025-01-14T13:06:45.731143,2.0,77.0,40.9,36.2,49.99,38.4,239.7,False
2025-01-14T13:06:57.476565,0.0,36.3,-7.6,15.4,50.0,46.6,235.9,False
2025-01-14T13:06:57.625428,1.0,45.4,-2.3,19.0,50.0,36.9,237.8,False
2025-01-14T13:06:57.777141,2.0,37.1,5.3,15.6,49.99,28.6,239.4,False
2025-01-14T13:06:57.909976,0.0,81.7,-6.8,34.8,50.01,46.1,235.8,False
2025-01-14T13:06:58.045995,1.0,95.0,-38.8,43.1,50.01,61.0,237.7,False
2025-01-14T13:06:58.218253,2.0,77.0,40.9,36.2,49.99,52.0,239.3,False
2025-01-14T13:07:33.425974,0.0,44.6,1.5,19.1,50.02,46.1,236.0,False
2025-01-14T13:07:33.590353,1.0,95.0,-38.8,43.1,50.02,49.3,237.9,False
2025-01-14T13:07:33.762606,2.0,77.0,40.9,36.2,50.02,38.4,239.5,False
2025-01-14T13:07:33.913165,0.0,58.2,-91.5,46.1,50.01,45.2,236.1,False
2025-01-14T13:07:34.074358,1.0,21.2,-68.8,30.4,50.01,48.8,238.0,False
2025-01-14T13:07:34.222705,2.0,16.6,-69.6,30.0,50.02,39.3,239.7,False
2025-01-14T13:07:57.432896,0.0,25.7,-91.5,39.5,50.02,45.2,236.6,False
2025-01-14T13:07:57.600747,1.0,95.0,-38.8,43.1,50.01,38.4,238.5,False
2025-01-14T13:07:57.736589,2.0,77.0,40.9,36.2,50.01,27.2,240.1,False
2025-01-14T13:08:33.476824,0.0,121.0,-6.8,51.8,50.02,47.6,236.2,False
2025-01-14T13:08:33.582885,1.0,94.3,-37.9,42.9,50.02,71.7,238.1,False
2025-01-14T13:08:33.702288,2.0,68.4,143.7,66.3,50.02,63.2,239.8,False
2025-01-14T13:08:33.814770,0.0,85.5,-78.7,49.3,50.03,47.3,236.2,False
2025-01-14T13:08:33.940264,1.0,95.0,-38.8,43.1,50.02,65.2,238.2,False
2025-01-14T13:08:34.072632,2.0,77.0,40.9,36.2,50.03,55.3,239.7,False
2025-01-14T13:08:45.429101,0.0,43.9,-52.9,29.2,50.02,45.8,236.1,False
2025-01-14T13:08:45.557584,1.0,94.3,-37.9,42.9,50.03,38.6,238.0,False
2025-01-14T13:08:45.668390,2.0,68.4,143.7,66.3,50.02,27.0,239.7,False
2025-01-14T13:09:09.482709,0.0,60.5,-6.1,25.8,50.01,46.9,236.4,False
2025-01-14T13:09:09.596314,1.0,95.0,-38.8,43.1,50.01,70.0,238.4,False
2025-01-14T13:09:09.701600,2.0,77.0,40.9,36.2,50.0,57.9,239.9,False
2025-01-14T13:09:09.825987,0.0,84.7,-3.8,35.9,50.0,50.1,236.4,False
2025-01-14T13:09:09.946198,1.0,94.3,-37.9,42.9,50.0,85.2,238.3,False
2025-01-14T13:09:10.089350,2.0,68.4,143.7,66.3,50.0,76.7,239.9,False
2025-01-14T13:09:21.427670,0.0,56.7,-4.5,24.3,50.01,45.6,236.2,False
2025-01-14T13:09:21.563273,1.0,95.0,-38.8,43.1,50.01,48.6,238.2,False
2025-01-14T13:09:21.687345,2.0,77.0,40.9,36.2,50.01,37.4,239.8,False
2025-01-14T13:09:45.427449,0.0,113.4,-3.0,48.4,50.0,48.1,235.9,False
2025-01-14T13:09:45.551073,1.0,95.0,-38.8,43.1,50.0,76.5,238.0,False
2025-01-14T13:09:45.675866,2.0,77.0,40.9,36.2,50.01,66.7,239.5,False
2025-01-14T13:10:09.428996,0.0,33.3,-47.6,24.6,50.02,45.4,236.2,False
2025-01-14T13:10:09.550152,1.0,95.0,-38.8,43.1,50.01,57.7,238.2,False
2025-01-14T13:10:09.676862,2.0,77.0,40.9,36.2,50.02,47.0,239.8,False
2025-01-14T13:10:33.434539,0.0,2.3,-39.3,16.8,50.01,45.2,236.1,False
2025-01-14T13:10:33.581862,1.0,94.3,-37.9,42.9,50.02,47.8,238.2,False
2025-01-14T13:10:33.716364,2.0,77.0,40.9,36.2,50.02,37.8,239.7,False
2025-01-14T13:10:33.875826,0.0,21.9,-28.7,15.5,50.02,44.3,236.2,False
2025-01-14T13:10:45.431211,0.0,21.2,-37.1,17.9,50.02,46.0,236.3,False
2025-01-14T13:10:45.547655,2.0,246.2,684.8,302.2,50.02,20.6,239.3,False
2025-01-14T13:10:57.433220,0.0,89.2,-2.3,38.1,50.02,47.7,236.1,False
2025-01-14T13:10:57.574048,1.0,95.0,-38.8,43.1,50.01,73.3,238.1,False
2025-01-14T13:10:57.708680,2.0,57.4,120.5,55.5,50.0,32.4,239.1,False
2025-01-14T13:10:57.843361,0.0,87.7,-78.7,49.9,50.01,46.6,236.0,False
2025-01-14T13:10:57.981220,1.0,95.0,-38.8,43.1,50.02,65.8,238.0,False
2025-01-14T13:10:58.112266,2.0,77.0,40.9,36.2,50.02,28.5,239.0,False
2025-01-14T13:11:21.464203,0.0,34.8,-67.3,32.1,50.02,46.6,236.1,False
2025-01-14T13:11:21.598122,2.0,80.1,177.4,81.0,50.01,15.4,239.0,False
2025-01-14T13:11:21.722308,0.0,26.5,-45.4,22.3,50.02,46.3,236.1,False
2025-01-14T13:11:21.844054,1.0,9.1,-36.3,15.8,50.02,39.8,238.0,False
2025-01-14T13:11:21.946946,2.0,80.1,177.4,81.0,50.02,14.9,239.1,False
2025-01-14T13:11:22.040439,2.0,57.4,120.5,55.5,50.01,15.0,239.1,False
2025-01-14T13:11:33.434883,0.0,116.5,-12.9,49.6,50.02,48.0,236.3,False
2025-01-14T13:11:33.582694,1.0,95.0,-38.8,43.1,50.03,72.4,238.2,False
2025-01-14T13:11:33.718685,2.0,77.0,40.9,36.2,50.02,31.4,239.3,False
2025-01-14T13:11:45.491441,0.0,91.5,-9.1,39.3,50.0,52.0,236.0,False
2025-01-14T13:11:45.627693,1.0,94.3,-37.9,42.9,50.0,89.5,238.0,False
2025-01-14T13:11:45.765065,2.0,57.4,120.5,55.5,50.0,40.0,239.0,False
2025-01-14T13:11:45.880299,0.0,86.2,-6.1,36.7,50.0,48.0,236.1,False
2025-01-14T13:11:46.013512,1.0,95.0,-38.8,43.1,50.01,74.5,238.0,False
2025-01-14T13:11:46.145807,2.0,77.0,40.9,36.2,50.0,31.6,239.0,False
2025-01-14T13:12:09.436280,0.0,57.5,-77.9,40.9,49.99,45.8,236.2,False
2025-01-14T13:12:09.565098,1.0,94.3,-37.9,42.9,49.99,63.4,238.1,False
2025-01-14T13:12:09.695209,2.0,246.2,684.8,302.2,49.99,27.2,239.1,False
2025-01-14T13:12:09.826959,0.0,0.8,-70.3,29.8,50.0,45.7,236.2,False
2025-01-14T13:12:09.963265,1.0,95.0,-38.8,43.1,49.99,50.0,238.2,False
2025-01-14T13:12:10.106031,2.0,77.0,40.9,36.2,49.99,20.0,239.2,False
2025-01-14T13:12:21.438277,0.0,35.5,-1.5,15.0,50.01,45.5,236.2,False
2025-01-14T13:12:21.565787,1.0,95.0,-38.8,43.1,50.0,38.7,238.1,False
2025-01-14T13:12:21.674683,2.0,77.0,40.9,36.2,50.0,14.3,239.2,False
2025-01-14T13:12:33.437462,0.0,49.2,-93.0,44.6,49.99,47.9,236.2,False
2025-01-14T13:12:33.543060,2.0,77.0,40.9,36.2,49.99,31.0,239.0,False
2025-01-14T13:12:33.636560,0.0,70.3,-108.2,54.8,49.98,46.8,236.1,False
2025-01-14T13:12:33.756617,1.0,95.0,-38.8,43.1,49.98,72.3,238.0,False
2025-01-14T13:12:45.437413,0.0,37.1,0.8,15.5,50.0,47.6,236.3,False
2025-01-14T13:12:45.566815,1.0,94.3,-37.9,42.9,50.0,76.4,238.2,False
2025-01-14T13:12:45.682681,2.0,39.6,82.5,37.9,50.01,34.0,239.2,False
2025-01-14T13:12:57.436244,0.0,122.5,-8.3,52.2,50.01,44.4,236.5,False
2025-01-14T13:12:57.553733,1.0,95.0,-38.8,43.1,50.01,49.0,238.4,False
2025-01-14T13:12:57.678565,2.0,77.0,40.9,36.2,50.01,20.0,239.3,False
2025-01-14T13:13:21.490315,1.0,94.3,-37.9,42.9,49.99,37.9,238.3,False
2025-01-14T13:13:21.613677,2.0,39.6,82.5,37.9,50.0,14.7,239.3,False
2025-01-14T13:13:33.446175,0.0,40.1,-6.1,17.1,50.01,45.2,236.6,False
2025-01-14T13:13:33.587562,1.0,95.0,-38.8,43.1,50.01,48.5,238.5,False
2025-01-14T13:13:33.737551,2.0,77.0,40.9,36.2,50.02,20.3,239.4,False
2025-01-14T13:13:45.440132,0.0,92.3,-9.8,39.3,50.02,45.6,236.5,False
2025-01-14T13:13:45.561705,1.0,94.3,-37.9,42.9,50.02,69.4,238.4,False
2025-01-14T13:13:45.683305,2.0,53.4,108.7,50.5,50.02,30.0,239.3,False
2025-01-14T13:14:09.441890,0.0,94.5,-12.1,40.0,50.01,46.3,236.5,False
2025-01-14T13:14:09.587272,1.0,95.0,-38.8,43.1,50.02,38.4,238.4,False
2025-01-14T13:14:09.735986,2.0,77.0,40.9,36.2,50.02,15.0,239.4,False
2025-01-14T13:14:21.438713,0.0,96.1,-9.1,40.8,50.01,44.3,236.5,False
2025-01-14T13:14:21.557714,1.0,95.0,-38.8,43.1,50.02,62.2,238.5,False
2025-01-14T13:14:21.667591,2.0,77.0,40.9,36.2,50.02,25.9,239.4,False
2025-01-14T13:14:33.492258,0.0,59.0,-75.6,41.1,50.02,44.8,236.9,False
2025-01-14T13:14:33.627372,1.0,95.0,-38.8,43.1,50.02,61.8,238.7,False
2025-01-14T13:14:33.762274,2.0,77.0,40.9,36.2,50.02,26.8,239.7,False
2025-01-14T13:14:33.914668,0.0,189.8,-86.2,88.3,50.02,51.1,236.7,False
2025-01-14T13:14:34.062581,1.0,95.0,-38.8,43.1,50.02,86.8,238.6,False
2025-01-14T13:14:34.203079,2.0,77.0,40.9,36.2,50.03,39.6,239.6,False
2025-01-14T13:14:57.443205,0.0,124.8,-11.3,53.0,50.02,45.3,237.1,False
2025-01-14T13:14:57.583781,1.0,95.0,-38.8,43.1,50.02,50.6,239.1,False
2025-01-14T13:14:57.707546,2.0,77.0,40.9,36.2,50.03,20.0,239.9,False
2025-01-14T13:15:09.670547,0.0,129.3,-12.1,54.9,50.02,48.0,237.0,False
2025-01-14T13:15:10.588403,1.0,95.0,-38.8,43.1,50.02,80.1,239.0,False
2025-01-14T13:15:11.416766,2.0,77.0,40.9,36.2,50.02,34.9,239.9,False
2025-01-14T13:15:21.446338,0.0,52.2,-65.8,34.7,50.02,48.2,236.5,False
2025-01-14T13:15:21.623495,1.0,95.0,-38.8,43.1,50.02,78.1,238.5,False
2025-01-14T13:15:21.760884,2.0,77.0,40.9,36.2,50.01,34.5,239.4,False
2025-01-14T13:15:33.505400,0.0,46.1,-61.3,32.6,50.01,47.9,236.4,False
2025-01-14T13:15:33.654714,1.0,95.0,-38.8,43.1,50.01,78.1,238.4,False
2025-01-14T13:15:33.816573,2.0,77.0,40.9,36.2,50.01,34.6,239.3,False
2025-01-14T13:15:33.975858,0.0,81.7,-6.8,34.7,50.02,45.5,236.4,False
2025-01-14T13:15:34.134485,1.0,95.0,-38.8,43.1,50.01,60.5,238.4,False
2025-01-14T13:15:34.281954,2.0,77.0,40.9,36.2,50.01,24.9,239.3,False
2025-01-14T13:15:45.519144,1.0,94.3,-37.9,42.9,50.0,48.3,238.1,False
2025-01-14T13:15:45.674598,2.0,57.4,120.5,55.5,50.01,38.6,239.6,False
2025-01-14T13:16:21.446771,0.0,102.1,-5.3,43.5,49.98,46.6,235.8,False
2025-01-14T13:16:21.587950,1.0,95.0,-38.8,43.1,49.98,72.0,237.9,False
2025-01-14T13:16:21.730779,2.0,77.0,40.9,36.2,49.98,64.6,239.4,False
2025-01-14T13:16:33.447887,0.0,108.2,-13.6,46.0,49.97,45.4,235.6,False
2025-01-14T13:16:33.610582,1.0,95.0,-38.8,43.1,49.98,39.2,237.6,False
2025-01-14T13:16:33.763794,2.0,77.0,40.9,36.2,49.97,29.1,239.1,False
2025-01-14T13:16:33.928947,2.0,68.4,143.7,66.3,49.97,29.1,239.1,False
2025-01-14T13:16:57.491785,0.0,42.4,-58.2,30.7,49.99,45.4,235.6,False
2025-01-14T13:16:57.633949,1.0,9.8,-46.9,20.2,49.98,38.1,237.7,False
2025-01-14T13:16:57.777329,2.0,53.4,108.7,50.5,49.98,27.5,239.1,False
2025-01-14T13:16:57.923695,0.0,155.0,-70.3,72.4,49.99,45.2,235.6,False
2025-01-14T13:16:58.057780,1.0,95.0,-38.8,43.1,49.98,68.0,237.6,False
2025-01-14T13:16:58.185110,2.0,77.0,40.9,36.2,49.98,57.8,239.1,False
2025-01-14T13:17:09.446990,0.0,93.0,0.8,39.7,49.98,50.0,235.5,False
2025-01-14T13:17:09.600118,1.0,94.3,-37.9,42.9,49.97,85.8,237.5,False
2025-01-14T13:17:09.742362,2.0,68.4,143.7,66.3,49.98,78.8,239.0,False
2025-01-14T13:17:33.445020,0.0,183.8,-6.8,78.4,49.98,45.3,235.8,False
2025-01-14T13:17:33.582322,2.0,77.0,40.9,36.2,49.97,39.8,239.4,False
2025-01-14T13:17:33.730940,1.0,95.0,-38.8,43.1,49.97,38.8,237.9,False
2025-01-14T13:18:09.448380,0.0,37.8,-5.3,16.3,49.99,47.0,236.0,False
2025-01-14T13:18:09.592900,1.0,95.0,-38.8,43.1,49.98,76.9,238.1,False
2025-01-14T13:18:09.752347,2.0,77.0,40.9,36.2,49.98,67.7,239.6,False
2025-01-14T13:18:33.468674,2.0,77.0,40.9,36.2,49.97,38.6,239.5,False
2025-01-14T13:18:33.599188,0.0,46.1,-9.8,20.2,49.98,46.1,236.1,False
2025-01-14T13:18:33.734223,1.0,95.0,-38.8,43.1,49.98,39.6,238.1,False
2025-01-14T13:19:09.450114,0.0,64.3,0.0,27.4,49.99,46.6,235.9,False
2025-01-14T13:19:09.590944,1.0,95.0,-38.8,43.1,49.98,72.6,237.9,False
2025-01-14T13:19:09.736319,2.0,77.0,40.9,36.2,49.99,62.6,239.4,False
2025-01-14T13:19:33.500982,0.0,80.9,-7.6,34.6,50.0,46.1,235.9,False
2025-01-14T13:19:33.644041,1.0,95.0,-38.8,43.1,49.99,50.5,238.1,False
2025-01-14T13:19:33.797382,2.0,77.0,40.9,36.2,50.0,39.2,239.6,False
2025-01-14T13:19:33.962635,0.0,39.3,-7.6,16.9,49.99,46.0,235.8,False
2025-01-14T13:19:34.126358,1.0,94.3,-37.9,42.9,49.99,40.5,237.9,False
2025-01-14T13:19:34.282051,2.0,68.4,143.7,66.3,49.99,28.8,239.4,False
2025-01-14T13:19:45.453479,0.0,87.7,-10.6,37.5,49.99,45.8,235.8,False
2025-01-14T13:19:45.601764,1.0,95.0,-38.8,43.1,49.99,66.2,238.0,False
2025-01-14T13:19:45.739110,2.0,77.0,40.9,36.2,49.99,57.1,239.4,False
2025-01-14T13:19:57.450711,0.0,118.7,-4.5,50.0,50.0,51.0,236.2,False
2025-01-14T13:19:57.590144,1.0,94.3,-37.9,42.9,49.99,87.5,238.3,False
2025-01-14T13:19:57.729941,2.0,68.4,143.7,66.3,49.99,81.0,239.8,False
2025-01-14T13:20:09.506826,0.0,64.3,-6.1,26.9,50.0,48.2,235.8,False
2025-01-14T13:20:09.660259,1.0,95.0,-38.8,43.1,49.99,78.6,238.0,False
2025-01-14T13:20:09.814541,2.0,77.0,40.9,36.2,49.99,72.1,239.5,False
2025-01-14T13:20:09.981994,0.0,81.7,-2.3,34.8,50.0,45.0,235.9,False
2025-01-14T13:20:10.135282,1.0,94.3,-37.9,42.9,49.99,59.7,238.1,False
2025-01-14T13:20:10.284268,2.0,68.4,143.7,66.3,49.99,50.3,239.5,False
2025-01-14T13:20:10.443225,0.0,57.5,-3.8,24.4,49.99,46.3,236.0,False
2025-01-14T13:20:10.600970,1.0,95.0,-38.8,43.1,49.99,70.8,238.2,False
2025-01-14T13:20:10.753593,2.0,77.0,40.9,36.2,50.0,63.9,239.7,False
2025-01-14T13:20:10.912358,1.0,94.3,-37.9,42.9,50.0,78.3,238.3,False
2025-01-14T13:20:21.454500,0.0,83.9,-6.1,35.7,49.99,45.3,236.1,False
2025-01-14T13:20:21.592995,1.0,95.0,-38.8,43.1,49.99,59.9,238.3,False
2025-01-14T13:20:21.751036,2.0,77.0,40.9,36.2,49.99,49.7,239.7,False
2025-01-14T13:20:21.898741,1.0,94.3,-37.9,42.9,49.99,48.6,238.3,False
2025-01-14T13:20:22.043399,2.0,38.6,6.1,16.3,49.99,39.0,239.7,False
2025-01-14T13:20:45.458261,0.0,112.7,-9.8,48.0,49.99,48.1,236.0,False
2025-01-14T13:20:45.644113,1.0,95.0,-38.8,43.1,49.99,77.6,238.2,False
2025-01-14T13:20:45.786534,2.0,246.2,684.8,302.2,49.99,34.8,239.3,False
2025-01-14T13:20:45.904458,0.0,88.5,-108.9,59.2,49.99,48.6,236.0,False
2025-01-14T13:20:46.008955,1.0,95.0,-38.8,43.1,50.0,78.5,238.1,False
2025-01-14T13:20:46.106938,2.0,246.2,684.8,302.2,50.0,34.9,239.1,False
2025-01-14T13:20:57.454406,0.0,3.0,-101.3,42.8,50.0,45.5,236.1,False
2025-01-14T13:20:57.579905,2.0,77.0,40.9,36.2,50.0,25.0,239.2,False
2025-01-14T13:21:09.458469,0.0,36.3,-3.8,15.4,49.99,45.2,236.1,False
2025-01-14T13:21:09.623679,1.0,42.4,0.8,17.8,50.0,49.4,238.3,False
2025-01-14T13:21:09.750117,2.0,77.0,40.9,36.2,50.0,20.3,239.2,False
2025-01-14T13:21:33.456703,0.0,95.3,-6.1,40.7,49.99,45.9,235.9,False
2025-01-14T13:21:33.590221,1.0,95.0,-38.8,43.1,49.98,71.1,238.0,False
2025-01-14T13:21:33.721665,2.0,77.0,40.9,36.2,49.98,30.8,238.9,False
2025-01-14T13:21:57.506034,0.0,95.3,-9.8,40.5,49.97,45.8,235.8,False
2025-01-14T13:21:57.656454,1.0,95.0,-38.8,43.1,49.97,50.7,237.9,False
2025-01-14T13:21:57.792596,2.0,77.0,40.9,36.2,49.98,20.3,238.7,False
2025-01-14T13:21:57.931718,1.0,43.9,-3.0,18.4,49.98,40.7,237.7,False
2025-01-14T13:21:58.078087,2.0,38.6,6.8,16.1,49.97,15.7,238.5,False
2025-01-14T13:22:33.458605,0.0,125.5,-6.1,53.0,49.98,51.3,236.5,False
2025-01-14T13:22:33.596098,1.0,95.0,-38.8,43.1,49.98,88.4,238.5,False
2025-01-14T13:22:33.746681,2.0,77.0,40.9,36.2,49.99,40.1,239.3,False
2025-01-14T13:22:45.495057,0.0,89.2,-5.3,37.7,49.98,47.5,236.4,False
2025-01-14T13:22:45.625227,1.0,95.0,-38.8,43.1,49.98,74.9,238.4,False
2025-01-14T13:22:45.750405,2.0,77.0,40.9,36.2,49.98,32.8,239.3,False
2025-01-14T13:22:45.862435,0.0,56.7,-3.8,24.0,49.98,45.3,236.3,False
2025-01-14T13:22:45.985853,1.0,61.3,-0.0,25.7,49.99,61.9,238.4,False
2025-01-14T13:22:46.115387,2.0,58.2,3.8,24.3,49.99,26.1,239.2,False
2025-01-14T13:22:57.458952,0.0,65.8,-65.8,39.3,49.98,46.0,236.2,False
2025-01-14T13:22:57.575619,1.0,55.2,-47.6,30.6,49.99,40.0,238.4,False
2025-01-14T13:22:57.688281,2.0,111.9,-40.1,49.6,49.99,16.0,239.2,False
2025-01-14T13:23:33.461075,0.0,116.5,-11.3,49.7,50.01,48.4,236.5,False
2025-01-14T13:23:33.588625,1.0,95.0,-38.8,43.1,50.01,79.8,238.6,False
2025-01-14T13:23:33.744275,2.0,77.0,40.9,36.2,50.0,35.4,239.4,False
2025-01-14T13:23:57.460069,0.0,150.5,-19.7,64.2,50.01,46.1,236.5,False
2025-01-14T13:23:57.586048,1.0,95.0,-38.8,43.1,50.01,39.2,238.7,False
2025-01-14T13:23:57.716455,2.0,77.0,40.9,36.2,50.02,15.1,239.4,False
2025-01-14T13:25:21.462238,0.0,48.4,-105.1,49.4,50.01,46.3,236.8,False
2025-01-14T13:25:33.463158,0.0,170.9,-113.4,87.2,50.0,46.1,236.4,False
2025-01-14T13:25:33.596936,1.0,95.0,-38.8,43.1,50.0,69.3,238.6,False
2025-01-14T13:25:33.719065,2.0,77.0,40.9,36.2,50.0,30.4,239.5,False
2025-01-14T13:25:57.510428,0.0,179.2,-111.9,89.5,49.98,45.7,236.5,False
2025-01-14T13:25:57.641694,1.0,95.0,-38.8,43.1,49.99,38.5,238.6,False
2025-01-14T13:25:57.772955,2.0,77.0,40.9,36.2,49.98,29.4,240.0,False
2025-01-14T13:25:57.895633,0.0,59.7,-102.1,50.3,49.99,46.1,236.3,False
2025-01-14T13:25:58.056579,1.0,95.0,-38.8,43.1,49.99,38.7,238.5,False
2025-01-14T13:25:58.202313,2.0,246.2,684.8,302.2,49.98,29.0,239.9,False
2025-01-14T13:25:58.372133,2.0,246.2,684.8,302.2,49.98,29.0,239.9,False
2025-01-14T13:26:09.696676,0.0,127.1,-12.1,54.2,49.99,46.1,236.1,False
2025-01-14T13:26:10.602991,1.0,94.3,-37.9,42.9,49.99,68.4,238.3,False
2025-01-14T13:26:11.425716,2.0,77.0,40.9,36.2,49.99,58.5,239.7,False
2025-01-14T13:26:33.471321,0.0,96.8,-2.3,41.1,49.98,45.0,236.2,False
2025-01-14T13:26:33.652348,1.0,95.0,-38.8,43.1,49.99,50.5,238.4,False
2025-01-14T13:26:33.805481,2.0,77.0,40.9,36.2,49.99,38.7,239.8,False
2025-01-14T13:27:21.466995,0.0,43.1,-36.3,24.2,49.99,45.4,236.4,False
2025-01-14T13:27:21.601577,1.0,94.3,-37.9,42.9,49.99,40.7,238.6,False
2025-01-14T13:27:57.526967,0.0,101.3,-38.6,45.7,50.01,46.3,236.6,False
2025-01-14T13:27:57.691112,1.0,95.0,-38.8,43.1,50.01,64.8,238.8,False
2025-01-14T13:27:57.826753,2.0,77.0,40.9,36.2,50.01,54.8,240.2,False
2025-01-14T13:28:21.467765,0.0,80.9,-11.3,34.2,50.0,46.7,236.3,False
2025-01-14T13:28:21.617212,1.0,95.0,-38.8,43.1,50.0,40.2,238.4,False
2025-01-14T13:28:21.762408,2.0,77.0,40.9,36.2,50.0,30.0,239.9,False
2025-01-14T13:29:57.468526,0.0,35.5,-71.8,34.8,49.99,46.8,236.9,False
2025-01-14T13:29:57.607638,1.0,6.8,-56.7,24.5,50.0,42.0,238.9,False
2025-01-14T13:29:57.733190,2.0,3.8,-52.2,22.3,50.0,30.8,240.4,False
2025-01-14T13:30:45.470257,0.0,43.1,-74.9,36.7,50.02,47.8,236.7,False
2025-01-14T13:30:45.606199,1.0,95.0,-38.8,43.1,50.0,42.0,238.7,False
2025-01-14T13:30:45.750412,2.0,246.2,684.8,302.2,50.01,16.2,239.7,False
2025-01-14T13:30:57.525342,0.0,49.2,-74.1,37.8,50.01,48.1,236.9,False
2025-01-14T13:30:57.692538,1.0,95.0,-38.8,43.1,50.03,42.5,238.9,False
2025-01-14T13:30:57.842496,2.0,246.2,684.8,302.2,50.01,15.9,239.8,False
2025-01-14T13:30:57.989229,0.0,148.2,-105.9,77.0,50.02,48.6,236.9,False
2025-01-14T13:30:58.144592,1.0,95.0,-38.8,43.1,50.03,68.2,239.0,False
2025-01-14T13:30:58.309351,2.0,77.0,40.9,36.2,50.01,28.0,239.8,False
2025-01-14T13:31:21.471062,0.0,86.2,-13.6,36.6,50.03,48.1,236.6,False
2025-01-14T13:31:21.614529,1.0,95.0,-38.8,43.1,50.04,42.9,238.7,False
2025-01-14T13:31:21.744882,2.0,77.0,40.9,36.2,50.04,15.6,239.6,False
2025-01-14T13:31:45.676835,0.0,80.9,-12.9,34.4,50.01,48.3,236.8,False
2025-01-14T13:31:46.505367,1.0,95.0,-38.8,43.1,50.01,67.5,238.8,False
2025-01-14T13:31:47.213987,2.0,77.0,40.9,36.2,50.03,27.4,239.8,False
2025-01-14T13:31:57.470894,0.0,83.9,-20.4,36.2,50.02,49.0,236.5,False
2025-01-14T13:31:57.630135,1.0,95.0,-38.8,43.1,50.02,42.1,238.6,False
2025-01-14T13:31:57.776658,2.0,77.0,40.9,36.2,50.02,15.5,239.4,False
2025-01-14T13:32:21.471210,0.0,69.6,-111.9,56.2,49.99,47.0,236.8,False
2025-01-14T13:32:21.604927,1.0,11.3,-79.4,33.9,50.0,44.5,238.8,False
2025-01-14T13:32:21.755173,2.0,121.0,-82.4,61.8,50.01,17.1,239.8,False
2025-01-14T13:32:45.474689,0.0,37.8,-75.6,36.0,50.01,48.1,236.5,False
2025-01-14T13:32:45.589621,1.0,95.0,-38.8,43.1,50.03,41.7,238.6,False
2025-01-14T13:32:45.709814,2.0,77.0,40.9,36.2,50.01,15.4,239.4,False
2025-01-14T13:33:33.475027,0.0,83.2,-8.3,35.3,50.03,48.1,236.5,False
2025-01-14T13:33:33.602170,1.0,94.3,-37.9,42.9,50.03,66.5,238.5,False
2025-01-14T13:33:33.737271,2.0,57.4,120.5,55.5,50.02,28.9,239.4,False
2025-01-14T13:33:45.473672,0.0,84.7,-6.1,36.2,50.06,48.5,236.8,False
2025-01-14T13:33:45.609133,1.0,95.0,-38.8,43.1,50.06,41.5,238.8,False
2025-01-14T13:33:45.731579,2.0,77.0,40.9,36.2,50.01,15.7,239.7,False
2025-01-14T13:34:09.474721,0.0,41.6,-91.5,42.1,50.03,49.2,236.5,False
2025-01-14T13:34:09.617841,1.0,94.3,-37.9,42.9,50.02,42.4,238.6,False
2025-01-14T13:34:09.741801,2.0,57.4,120.5,55.5,50.01,16.0,239.5,False
2025-01-14T13:34:33.476223,0.0,129.3,-99.8,69.1,49.99,48.3,236.6,False
2025-01-14T13:34:33.595295,1.0,95.0,-38.8,43.1,49.99,66.9,238.5,False
2025-01-14T13:34:33.721306,2.0,77.0,40.9,36.2,50.0,27.9,239.4,False
2025-01-14T13:34:57.473277,0.0,87.7,-3.8,38.0,50.02,47.4,237.6,False
2025-01-14T13:34:57.593136,1.0,95.0,-38.8,43.1,50.0,41.4,239.6,False
2025-01-14T13:34:57.702846,2.0,77.0,40.9,36.2,50.01,15.7,240.5,False
2025-01-14T13:35:45.492070,2.0,812.3,-14.4,338.1,49.98,30.3,240.7,False
2025-01-14T13:35:57.481150,0.0,38.6,-17.4,17.8,49.99,46.4,237.3,False
2025-01-14T13:35:57.633500,1.0,95.0,-38.8,43.1,50.0,59.9,239.3,False
2025-01-14T13:35:57.784050,2.0,77.0,40.9,36.2,49.98,48.3,240.7,False
2025-01-14T13:35:57.925507,1.0,95.0,-38.8,43.1,49.99,51.4,239.1,False
2025-01-14T13:35:58.078949,2.0,77.0,40.9,36.2,49.98,39.1,240.5,False
2025-01-14T13:36:33.477652,0.0,122.5,-12.1,52.1,50.02,50.2,237.0,False
2025-01-14T13:36:33.611297,1.0,95.0,-38.8,43.1,50.01,81.0,239.0,False
2025-01-14T13:36:33.767864,2.0,77.0,40.9,36.2,50.02,67.2,240.4,False
2025-01-14T13:36:57.477463,0.0,56.7,-108.2,51.4,50.02,47.4,237.0,False
2025-01-14T13:36:57.602596,1.0,95.0,-38.8,43.1,50.01,52.2,239.1,False
2025-01-14T13:36:57.728661,2.0,77.0,40.9,36.2,50.0,35.8,240.5,False
2025-01-14T13:37:09.570435,0.0,121.0,-15.1,51.1,50.01,46.6,237.2,False
2025-01-14T13:37:10.670127,1.0,95.0,-38.8,43.1,50.01,70.9,239.3,False
2025-01-14T13:37:11.757215,2.0,77.0,40.9,36.2,50.01,57.7,240.7,False
2025-01-14T13:37:33.538891,0.0,87.7,-7.6,37.0,50.0,45.8,237.1,False
2025-01-14T13:37:33.703889,1.0,95.0,-38.8,43.1,50.0,50.9,239.1,False
2025-01-14T13:37:33.855093,2.0,77.0,40.9,36.2,50.01,36.8,240.5,False
2025-01-14T13:37:33.990781,0.0,94.5,-9.1,40.1,50.0,46.9,237.0,False
2025-01-14T13:37:34.138136,1.0,95.0,-38.8,43.1,50.02,72.9,239.1,False
2025-01-14T13:37:34.270484,2.0,77.0,40.9,36.2,50.01,59.2,240.6,False
2025-01-14T13:37:57.480143,0.0,98.3,-8.3,42.0,50.01,45.6,237.4,False
2025-01-14T13:37:57.624941,1.0,95.0,-38.8,43.1,50.0,50.4,239.4,False
2025-01-14T13:37:57.774031,2.0,77.0,40.9,36.2,50.0,38.5,240.8,False
2025-01-14T13:37:57.913209,0.0,65.0,-109.7,53.6,50.01,45.9,237.2,False
2025-01-14T13:37:58.063952,1.0,25.7,-83.2,36.3,50.0,49.8,239.3,False
2025-01-14T13:37:58.208719,2.0,21.9,-79.4,34.1,50.01,37.6,240.6,False
2025-01-14T13:38:09.480421,0.0,67.3,-102.1,52.0,50.01,43.2,237.0,False
2025-01-14T13:38:09.623209,1.0,95.0,-38.8,43.1,50.01,46.7,239.0,False
2025-01-14T13:38:09.791605,2.0,77.0,40.9,36.2,50.01,40.0,240.5,False
2025-01-14T13:38:33.557288,0.0,97.6,-18.9,41.2,50.0,46.7,237.6,False
2025-01-14T13:38:33.711569,1.0,94.3,-37.9,42.9,50.0,72.2,239.6,False
2025-01-14T13:38:33.866252,2.0,45.7,97.5,44.7,50.0,57.5,241.0,False
2025-01-14T13:38:34.017443,0.0,44.6,-6.8,18.9,50.0,45.5,237.5,False
2025-01-14T13:38:34.170000,1.0,95.0,-38.8,43.1,49.99,63.8,239.5,False
2025-01-14T13:38:45.480780,0.0,49.2,-5.3,20.6,49.99,46.0,237.3,False
2025-01-14T13:38:45.608081,1.0,94.3,-37.9,42.9,49.98,49.9,239.3,False
2025-01-14T13:38:45.760459,2.0,77.0,40.9,36.2,50.0,35.9,240.8,False
2025-01-14T13:38:57.558967,1.0,40.1,-0.8,16.8,49.98,40.1,239.3,False
2025-01-14T13:38:57.709853,2.0,45.7,97.5,44.7,49.99,27.4,240.8,False
2025-01-14T13:38:57.839222,0.0,121.0,-11.3,51.2,49.99,46.2,237.3,False
2025-01-14T13:38:57.975414,1.0,95.0,-38.8,43.1,49.98,70.1,239.3,False
2025-01-14T13:38:58.114482,2.0,77.0,40.9,36.2,49.98,58.7,240.8,False
2025-01-14T13:39:09.551194,1.0,95.0,-38.8,43.1,49.99,50.0,239.4,False
2025-01-14T13:39:09.695101,2.0,77.0,40.9,36.2,49.99,36.1,240.8,False
2025-01-14T13:39:21.490659,0.0,68.8,-113.4,56.1,49.98,44.6,237.5,False
2025-01-14T13:39:33.487888,0.0,120.3,-118.0,70.7,50.0,45.1,237.6,False
2025-01-14T13:39:33.632200,1.0,38.7,62.5,31.0,49.99,58.7,239.6,False
2025-01-14T13:39:33.777935,0.0,81.7,-98.3,53.8,49.99,44.6,237.6,False
2025-01-14T13:39:33.954651,1.0,38.7,62.5,31.0,50.0,58.8,239.7,False
2025-01-14T13:39:34.122758,2.0,21.9,-70.3,30.6,50.0,44.1,241.1,False
2025-01-14T13:39:34.278086,0.0,35.5,-94.5,42.7,49.99,45.0,237.6,False
2025-01-14T13:39:34.439279,1.0,95.0,-38.8,43.1,50.0,49.1,239.6,False
2025-01-14T13:39:34.617718,2.0,77.0,40.9,36.2,50.0,36.1,241.0,False
2025-01-14T13:39:57.488830,0.0,38.6,-5.3,16.1,50.0,46.0,237.2,False
2025-01-14T13:39:57.627466,1.0,95.0,-38.8,43.1,50.0,40.2,239.3,False
2025-01-14T13:39:57.763982,0.0,103.6,-6.1,43.5,50.01,45.7,237.5,False
2025-01-14T13:39:57.884072,1.0,95.0,-38.8,43.1,50.02,67.5,239.5,False
2025-01-14T13:39:58.012078,2.0,68.4,143.7,66.3,50.0,55.7,241.0,False
2025-01-14T13:40:21.490381,0.0,46.1,-9.1,19.4,50.03,43.8,237.8,False
2025-01-14T13:40:33.490277,0.0,56.7,6.1,24.1,50.01,47.8,237.7,False
2025-01-14T13:40:33.638276,1.0,94.3,-37.9,42.9,50.02,83.1,239.8,False
2025-01-14T13:40:33.794923,2.0,57.4,120.5,55.5,50.02,74.5,241.3,False
2025-01-14T13:40:33.956983,0.0,23.4,-45.4,21.6,50.01,43.9,237.8,False
2025-01-14T13:40:34.110031,1.0,95.0,-38.8,43.1,50.01,61.3,240.0,False
2025-01-14T13:40:34.270110,2.0,77.0,40.9,36.2,50.02,51.3,241.4,False
2025-01-14T13:40:45.491536,0.0,39.3,-52.2,27.5,50.01,44.0,237.9,False
2025-01-14T13:40:45.638618,1.0,95.0,-38.8,43.1,50.0,62.1,239.9,False
2025-01-14T13:40:45.791826,2.0,246.2,684.8,302.2,50.01,26.5,240.8,False
2025-01-14T13:40:45.933818,0.0,84.7,-14.4,36.1,50.01,47.9,237.8,False
2025-01-14T13:40:46.082574,1.0,95.0,-38.8,43.1,50.0,39.6,239.9,False
2025-01-14T13:40:46.219005,2.0,57.4,120.5,55.5,50.01,16.8,240.8,False
2025-01-14T13:41:09.490224,0.0,94.5,-2.3,39.8,50.0,45.4,237.6,False
2025-01-14T13:41:09.641348,1.0,95.0,-38.8,43.1,50.01,69.1,239.7,False
2025-01-14T13:41:09.795228,2.0,77.0,40.9,36.2,50.01,30.0,240.6,False
2025-01-14T13:41:21.509122,2.0,77.0,40.9,36.2,50.01,30.8,240.9,False
2025-01-14T13:41:21.663573,2.0,77.0,40.9,36.2,50.01,31.2,240.7,False
2025-01-14T13:41:33.490264,0.0,57.5,-9.1,24.3,50.01,46.3,237.8,False
2025-01-14T13:41:33.639401,1.0,95.0,-38.8,43.1,50.01,51.6,239.6,False
2025-01-14T13:41:33.791194,2.0,77.0,40.9,36.2,50.02,20.0,240.5,False
2025-01-14T13:41:57.493212,0.0,102.9,3.0,43.4,50.0,48.0,237.5,False
2025-01-14T13:41:57.627473,1.0,95.0,-38.8,43.1,50.0,78.1,239.5,False
2025-01-14T13:41:57.776409,2.0,77.0,40.9,36.2,50.0,34.3,240.4,False
2025-01-14T13:42:21.492968,0.0,141.4,-12.1,59.9,49.99,46.6,237.7,False
2025-01-14T13:42:21.644905,1.0,95.0,-38.8,43.1,49.99,48.1,239.7,False
2025-01-14T13:42:21.805055,2.0,77.0,40.9,36.2,49.98,20.2,240.4,False
2025-01-14T13:43:21.539804,0.0,31.8,-69.6,32.9,50.02,47.2,238.2,False
2025-01-14T13:43:21.702648,1.0,94.3,-37.9,42.9,50.0,52.6,240.3,False
2025-01-14T13:43:21.810637,2.0,246.2,684.8,302.2,50.02,21.2,241.0,False
2025-01-14T13:43:21.915320,0.0,56.0,-78.7,40.6,50.02,48.1,238.2,False
2025-01-14T13:43:22.021561,1.0,95.0,-38.8,43.1,50.01,52.7,240.3,False
2025-01-14T13:43:22.132670,2.0,77.0,40.9,36.2,50.01,21.1,241.0,False
2025-01-14T13:43:33.491532,0.0,44.6,-8.3,19.1,50.01,48.0,238.2,False
2025-01-14T13:43:33.606040,1.0,95.0,-38.8,43.1,50.02,41.1,240.3,False
2025-01-14T13:43:33.720080,2.0,77.0,40.9,36.2,50.0,16.2,241.0,False
2025-01-14T13:44:33.518631,0.0,28.7,-68.8,31.0,49.99,47.5,237.8,False
2025-01-14T13:44:33.639735,2.0,68.4,143.7,66.3,49.98,27.7,240.6,False
2025-01-14T13:44:33.767532,0.0,54.5,-76.4,39.6,49.97,47.6,237.7,False
2025-01-14T13:44:33.885433,1.0,95.0,-38.8,43.1,49.97,65.4,239.8,False
2025-01-14T13:44:34.005426,2.0,77.0,40.9,36.2,49.98,27.7,240.6,False
2025-01-14T13:44:45.494529,0.0,69.6,-9.1,29.5,49.99,49.1,237.8,False
2025-01-14T13:44:45.622485,1.0,94.3,-37.9,42.9,50.0,80.7,239.9,False
2025-01-14T13:44:45.726665,2.0,42.7,84.8,39.6,49.99,34.7,240.7,False
2025-01-14T13:44:57.495950,0.0,87.7,-8.3,37.1,50.0,47.0,237.9,False
2025-01-14T13:44:57.593398,1.0,95.0,-38.8,43.1,50.0,61.3,240.0,False
2025-01-14T13:44:57.731243,2.0,77.0,40.9,36.2,49.99,25.4,240.7,False
2025-01-14T13:44:57.836819,1.0,94.3,-37.9,42.9,50.01,50.9,240.3,False
2025-01-14T13:45:21.498615,0.0,98.3,-115.7,63.7,49.99,48.1,238.1,False
2025-01-14T13:45:21.615756,1.0,63.5,-83.9,43.7,50.0,41.1,240.2,False
2025-01-14T13:45:21.769411,2.0,42.7,84.8,39.6,50.0,16.3,241.0,False
2025-01-14T13:45:33.497700,0.0,179.2,-118.7,90.7,49.99,46.8,237.9,False
2025-01-14T13:45:33.618295,1.0,95.0,-38.8,43.1,49.99,70.2,240.0,False
2025-01-14T13:45:33.755419,2.0,77.0,40.9,36.2,49.99,30.7,240.8,False
2025-01-14T13:45:45.501837,0.0,97.6,0.0,41.0,50.01,51.7,237.9,False
2025-01-14T13:45:45.633649,1.0,94.3,-37.9,42.9,50.0,87.5,240.0,False
2025-01-14T13:45:45.756956,2.0,77.0,40.9,36.2,50.0,78.6,241.4,False
2025-01-14T13:45:57.511018,2.0,129.3,3.8,53.6,50.01,53.6,241.3,False
2025-01-14T13:46:09.499407,0.0,21.2,-43.9,20.6,50.02,48.0,237.8,False
2025-01-14T13:46:09.634898,1.0,95.0,-38.8,43.1,50.01,64.3,240.0,False
2025-01-14T13:46:09.782587,0.0,78.7,18.9,34.0,50.02,48.9,237.7,False
2025-01-14T13:46:09.916646,1.0,94.3,-37.9,42.9,50.02,39.8,239.9,False
2025-01-14T13:46:10.057561,2.0,89.2,31.0,39.2,50.02,29.8,241.3,False
2025-01-14T13:46:10.190404,0.0,21.9,-28.7,15.5,50.03,48.2,237.9,False
2025-01-14T13:46:33.497981,0.0,37.8,-6.1,15.9,50.02,47.8,237.8,False
2025-01-14T13:46:33.640414,1.0,95.0,-38.8,43.1,50.02,72.1,240.0,False
2025-01-14T13:46:33.774876,2.0,77.0,40.9,36.2,50.01,61.8,241.4,False
2025-01-14T13:46:45.587890,1.0,95.0,-38.8,43.1,50.01,59.8,240.3,False
2025-01-14T13:46:45.711998,2.0,77.0,40.9,36.2,50.0,47.4,241.7,False
2025-01-14T13:46:57.499421,0.0,98.3,-22.7,42.3,50.01,46.7,238.1,False
2025-01-14T13:46:57.623987,1.0,43.9,-11.3,18.9,50.01,49.5,240.3,False
2025-01-14T13:46:57.751466,2.0,43.1,-11.3,18.4,50.01,38.8,241.7,False
2025-01-14T13:47:33.499709,0.0,133.1,-20.4,57.0,50.0,48.9,237.8,False
2025-01-14T13:47:33.634556,1.0,95.0,-38.8,43.1,49.99,78.8,239.9,False
2025-01-14T13:47:33.755445,2.0,77.0,40.9,36.2,50.0,67.9,241.2,False
2025-01-14T13:47:45.507063,0.0,189.8,-114.2,93.5,49.99,45.1,238.0,False
2025-01-14T13:47:45.710651,1.0,95.0,-38.8,43.1,50.0,50.2,240.1,False
2025-01-14T13:47:45.851801,2.0,77.0,40.9,36.2,49.99,38.9,241.6,False
2025-01-14T13:47:57.503333,0.0,96.8,-109.7,61.2,49.99,49.5,238.2,False
2025-01-14T13:47:57.637991,1.0,95.0,-38.8,43.1,49.99,39.0,240.4,False
2025-01-14T13:47:57.773675,2.0,77.0,40.9,36.2,49.99,28.5,241.7,False
2025-01-14T13:47:57.911015,0.0,60.5,-3.8,25.5,49.98,46.5,238.3,False
2025-01-14T13:48:09.503288,0.0,48.4,-81.7,39.8,49.98,45.9,238.1,False
2025-01-14T13:48:21.502002,0.0,163.4,-95.3,79.9,49.99,49.7,237.9,False
2025-01-14T13:48:21.623604,1.0,94.3,-37.9,42.9,49.99,86.1,240.1,False
2025-01-14T13:48:21.749584,2.0,39.6,82.5,37.9,49.98,77.1,241.5,False
2025-01-14T13:48:33.546244,0.0,80.9,-3.8,34.1,50.0,46.2,237.9,False
2025-01-14T13:48:33.669355,1.0,95.0,-38.8,43.1,49.99,71.7,240.1,False
2025-01-14T13:48:33.805895,2.0,77.0,40.9,36.2,50.0,60.0,241.4,False
2025-01-14T13:48:33.947414,0.0,90.8,-2.3,38.0,50.0,46.4,237.7,False
2025-01-14T13:48:34.097569,1.0,94.3,-37.9,42.9,49.99,50.3,239.8,False
2025-01-14T13:48:34.232615,2.0,39.6,82.5,37.9,50.0,37.7,241.2,False
2025-01-14T13:49:09.504641,0.0,85.5,-1.5,35.4,50.0,46.1,238.2,False
2025-01-14T13:49:09.622071,1.0,95.0,-38.8,43.1,50.0,69.3,240.4,False
2025-01-14T13:49:09.767459,2.0,77.0,40.9,36.2,50.0,59.2,241.8,False
2025-01-14T13:49:33.509062,0.0,57.5,-0.8,24.1,50.0,45.3,238.1,False
2025-01-14T13:49:33.609003,1.0,95.0,-38.8,43.1,50.01,50.2,240.3,False
2025-01-14T13:49:33.712607,2.0,77.0,40.9,36.2,50.01,37.1,241.7,False
2025-01-14T13:49:33.856124,0.0,45.4,-9.8,19.2,50.02,47.2,237.9,False
2025-01-14T13:49:34.000227,1.0,43.1,-0.0,17.9,50.02,38.6,240.1,False
2025-01-14T13:49:57.506313,0.0,68.8,-73.4,42.4,50.01,47.3,238.0,False
2025-01-14T13:50:09.509240,0.0,63.5,-78.7,42.6,50.01,47.5,237.9,False
2025-01-14T13:50:09.628372,1.0,95.0,-38.8,43.1,50.01,69.7,240.1,False
2025-01-14T13:50:09.751265,2.0,77.0,40.9,36.2,50.02,59.0,241.4,False
2025-01-14T13:50:09.877852,0.0,34.0,-74.1,34.7,50.02,48.5,238.2,False
2025-01-14T13:50:09.989715,1.0,95.0,-38.8,43.1,50.02,77.3,240.3,False
2025-01-14T13:50:10.112517,2.0,77.0,40.9,36.2,50.02,67.5,241.7,False
2025-01-14T13:50:33.510124,0.0,62.8,-70.3,39.7,50.0,46.8,238.0,False
2025-01-14T13:50:33.654368,0.0,34.8,-25.0,18.1,49.99,50.8,238.1,False
2025-01-14T13:50:33.773558,1.0,48.4,-12.1,20.8,50.0,39.2,240.2,False
2025-01-14T13:50:33.931174,2.0,40.1,-4.5,16.7,49.99,29.2,241.6,False
2025-01-14T13:50:45.535962,2.0,246.2,684.8,302.2,49.99,14.7,241.3,False
2025-01-14T13:51:09.510612,0.0,91.5,-9.8,39.0,50.02,51.4,238.4,False
2025-01-14T13:51:09.634699,1.0,95.0,-38.8,43.1,50.01,88.4,240.4,False
2025-01-14T13:51:09.776668,2.0,77.0,40.9,36.2,50.01,40.0,241.3,False
2025-01-14T13:51:33.511744,0.0,106.6,-8.3,45.0,49.99,47.4,238.5,False
2025-01-14T13:51:33.640632,1.0,95.0,-38.8,43.1,50.0,40.4,240.6,False
2025-01-14T13:51:33.770270,2.0,77.0,40.9,36.2,50.0,15.3,241.5,False
2025-01-14T13:51:45.539855,0.0,37.8,-50.7,26.5,50.0,47.4,238.5,False
2025-01-14T13:51:45.657469,2.0,246.2,684.8,302.2,50.0,15.8,241.5,False
2025-01-14T13:51:45.786613,0.0,113.4,-60.5,53.8,50.0,46.3,238.5,False
2025-01-14T13:51:45.916803,1.0,95.0,-38.8,43.1,49.99,64.7,240.6,False
2025-01-14T13:51:46.052613,2.0,77.0,40.9,36.2,50.01,27.6,241.5,False
2025-01-14T13:51:57.508100,0.0,37.1,-4.5,15.8,50.01,47.0,238.4,False
2025-01-14T13:51:57.630985,1.0,38.7,62.5,31.0,50.01,72.4,240.5,False
2025-01-14T13:52:09.512447,0.0,54.5,-4.5,23.0,50.03,46.3,238.5,False
2025-01-14T13:52:09.646669,1.0,95.0,-38.8,43.1,50.02,60.6,240.6,False
2025-01-14T13:52:09.749167,2.0,77.0,40.9,36.2,50.02,24.5,241.4,False
2025-01-14T13:52:33.565979,1.0,38.7,62.5,31.0,50.02,50.3,240.8,False
2025-01-14T13:52:33.686895,2.0,35.5,7.6,15.5,50.03,19.9,241.7,False
2025-01-14T13:52:57.510735,0.0,120.3,-12.1,50.5,50.03,48.4,238.9,False
2025-01-14T13:52:57.640080,1.0,95.0,-38.8,43.1,50.02,78.6,240.9,False
2025-01-14T13:52:57.772379,2.0,77.0,40.9,36.2,50.03,34.6,241.8,False
2025-01-14T13:53:09.578018,1.0,95.0,-38.8,43.1,50.03,50.5,240.9,False
2025-01-14T13:53:09.722058,2.0,77.0,40.9,36.2,50.02,20.7,241.8,False
2025-01-14T13:53:21.514250,0.0,41.6,-56.7,29.4,50.01,47.3,238.7,False
2025-01-14T13:53:21.646534,1.0,52.1,82.9,41.3,50.02,71.0,240.8,False
2025-01-14T13:53:21.756194,2.0,39.6,82.5,37.9,50.03,30.6,241.7,False
2025-01-14T13:53:21.876819,0.0,62.0,-55.2,34.7,50.02,48.0,239.0,False
2025-01-14T13:53:22.012368,1.0,52.1,82.9,41.3,50.02,41.0,241.1,False
2025-01-14T13:53:22.138115,2.0,39.6,82.5,37.9,50.02,16.6,242.0,False
2025-01-14T13:53:33.514647,0.0,48.4,-65.0,33.9,50.03,47.2,239.0,False
2025-01-14T13:53:33.648017,1.0,14.4,-48.4,20.9,50.03,39.2,241.0,False
2025-01-14T13:53:33.776051,2.0,81.7,-49.9,39.3,50.02,15.3,241.9,False
2025-01-14T13:53:33.896905,0.0,45.4,-62.0,32.5,50.02,48.2,238.9,False
2025-01-14T13:53:34.013203,1.0,95.0,-38.8,43.1,50.03,39.3,240.8,False
2025-01-14T13:53:34.161678,2.0,77.0,40.9,36.2,50.03,15.5,241.8,False
2025-01-14T13:53:45.516040,0.0,136.1,-12.9,57.2,50.03,51.0,238.8,False
2025-01-14T13:53:45.647492,1.0,94.3,-37.9,42.9,50.02,88.1,240.8,False
2025-01-14T13:53:45.786241,2.0,68.4,143.7,66.3,50.03,40.0,241.7,False
2025-01-14T13:53:57.516856,0.0,109.7,-12.9,46.0,50.02,47.2,238.6,False
2025-01-14T13:53:57.635309,1.0,95.0,-38.8,43.1,50.01,69.9,240.6,False
2025-01-14T13:53:57.757594,2.0,77.0,40.9,36.2,50.02,30.7,241.5,False
2025-01-14T13:53:57.883857,0.0,82.4,-5.3,34.6,50.02,46.4,238.6,False
2025-01-14T13:53:58.017063,1.0,94.3,-37.9,42.9,50.02,49.2,240.6,False
2025-01-14T13:53:58.132672,2.0,68.4,143.7,66.3,50.02,20.1,241.5,False
2025-01-14T13:54:33.517128,0.0,100.6,-8.3,42.6,50.0,46.8,238.3,False
2025-01-14T13:54:33.638705,1.0,95.0,-38.8,43.1,50.02,71.4,240.3,False
2025-01-14T13:54:33.794392,2.0,77.0,40.9,36.2,50.02,30.9,241.2,False
2025-01-14T13:54:45.518015,0.0,62.8,-3.8,26.3,50.02,46.6,238.2,False
2025-01-14T13:54:45.665250,1.0,95.0,-38.8,43.1,50.01,59.8,240.3,False
2025-01-14T13:54:45.788783,2.0,77.0,40.9,36.2,50.01,24.8,241.3,False
2025-01-14T13:54:57.515638,0.0,79.4,-88.5,49.6,50.01,47.5,238.1,False
2025-01-14T13:54:57.640516,1.0,59.7,-60.5,35.2,50.0,39.2,240.2,False
2025-01-14T13:54:57.763819,2.0,130.8,-53.7,58.3,50.02,15.0,241.1,False
2025-01-14T13:55:33.518039,0.0,127.8,-11.3,53.8,50.0,49.0,238.4,False
2025-01-14T13:55:33.645136,1.0,95.0,-38.8,43.1,50.01,79.2,240.4,False
2025-01-14T13:55:33.761135,2.0,77.0,40.9,36.2,50.02,35.2,241.4,False
2025-01-14T13:55:33.884466,0.0,93.0,-6.8,39.3,50.01,46.4,238.5,False
2025-01-14T13:55:34.012854,1.0,95.0,-38.8,43.1,50.01,59.6,240.5,False
2025-01-14T13:55:34.138531,2.0,77.0,40.9,36.2,50.01,24.5,241.4,False
2025-01-14T13:55:45.539707,2.0,817.6,-15.1,339.0,50.01,47.2,241.9,False
2025-01-14T13:55:57.532503,0.0,29.5,-46.9,23.2,50.0,46.0,238.3,False
2025-01-14T13:55:57.677043,1.0,14.4,-38.6,17.1,50.01,58.1,240.5,False
2025-01-14T13:55:57.823937,2.0,13.6,-34.0,15.1,50.0,46.4,241.9,False
2025-01-14T13:55:57.955134,0.0,37.1,-46.9,25.4,50.01,46.4,238.1,False
2025-01-14T13:55:58.077744,1.0,95.0,-38.8,43.1,50.0,57.4,240.2,False
2025-01-14T13:55:58.208469,2.0,77.0,40.9,36.2,50.01,47.0,241.6,False
2025-01-14T13:55:58.343123,0.0,42.4,-3.8,18.0,50.0,46.8,238.3,False
2025-01-14T13:55:58.488669,1.0,95.0,-38.8,43.1,50.0,38.4,240.2,False
2025-01-14T13:55:58.617782,2.0,77.0,40.9,36.2,50.0,28.0,241.6,False
2025-01-14T13:56:33.523375,0.0,108.9,-6.1,46.0,49.99,50.7,237.6,False
2025-01-14T13:56:33.656724,1.0,95.0,-38.8,43.1,50.0,85.3,239.7,False
2025-01-14T13:56:33.787993,2.0,77.0,40.9,36.2,49.99,77.6,241.1,False
2025-01-14T13:56:45.520429,0.0,83.9,-15.9,35.8,50.01,48.7,237.8,False
2025-01-14T13:56:45.663811,0.0,81.7,-23.4,36.0,50.02,47.7,238.0,False
2025-01-14T13:56:45.797035,1.0,95.0,-38.8,43.1,50.02,67.8,240.3,False
2025-01-14T13:56:45.928733,2.0,77.0,40.9,36.2,50.01,57.7,241.6,False
2025-01-14T13:56:57.518468,0.0,159.6,-56.7,71.0,50.01,51.4,237.8,False
2025-01-14T13:56:57.638762,1.0,144.5,-40.1,62.3,50.01,37.9,240.1,False
2025-01-14T13:56:57.761649,2.0,136.9,-23.4,57.4,50.01,27.7,241.4,False
2025-01-14T13:57:09.521215,0.0,32.5,-45.4,23.4,50.01,51.4,237.9,False
2025-01-14T13:57:09.646938,2.0,77.0,40.9,36.2,50.01,26.8,241.5,False
2025-01-14T13:57:09.772815,0.0,40.8,-68.1,33.4,50.0,43.8,237.9,False
2025-01-14T13:57:09.893013,2.0,39.6,82.5,37.9,50.0,49.5,241.4,False
2025-01-14T13:57:10.029751,0.0,78.7,-76.4,46.0,50.01,51.2,237.9,False
2025-01-14T13:57:10.145194,1.0,95.0,-38.8,43.1,50.01,60.8,240.1,False
2025-01-14T13:57:10.271262,0.0,84.7,-5.3,35.7,50.01,48.2,237.9,False
2025-01-14T13:57:21.521973,0.0,173.2,-124.0,89.3,50.03,48.8,237.8,False
2025-01-14T13:57:21.660856,1.0,95.0,-38.8,43.1,50.03,64.9,240.0,False
2025-01-14T13:57:21.791627,2.0,77.0,40.9,36.2,50.03,53.1,241.4,False
2025-01-14T13:57:33.530657,0.0,40.1,-4.5,17.0,50.03,44.8,237.8,False
2025-01-14T13:57:33.655463,1.0,95.0,-38.8,43.1,50.03,58.9,239.9,False
2025-01-14T13:57:33.782147,2.0,77.0,40.9,36.2,50.03,47.1,241.3,False
2025-01-14T13:57:45.521867,0.0,26.5,-26.5,15.6,50.02,44.9,237.9,False
2025-01-14T13:57:45.647616,0.0,65.0,-96.1,48.6,50.01,45.4,237.8,False
2025-01-14T13:57:45.784778,1.0,95.0,-38.8,43.1,50.02,58.6,239.9,False
2025-01-14T13:57:45.912741,2.0,77.0,40.9,36.2,50.01,48.2,241.3,False
2025-01-14T13:57:57.525730,0.0,30.3,-93.0,40.8,50.03,45.9,238.0,False
2025-01-14T13:57:57.663068,1.0,95.0,-38.8,43.1,50.02,49.3,240.1,False
2025-01-14T13:57:57.791055,2.0,77.0,40.9,36.2,50.02,37.7,241.5,False
2025-01-14T13:58:21.526729,0.0,43.9,-65.0,32.6,50.02,45.5,237.7,False
2025-01-14T13:58:21.667113,1.0,95.0,-38.8,43.1,50.03,49.1,239.9,False
2025-01-14T13:58:21.796000,2.0,77.0,40.9,36.2,50.02,37.6,241.2,False
2025-01-14T13:58:33.529739,0.0,15.9,-57.5,25.0,50.02,47.4,237.8,False
2025-01-14T13:58:33.639148,1.0,95.0,-38.8,43.1,50.02,37.9,239.9,False
2025-01-14T13:58:33.772568,2.0,77.0,40.9,36.2,50.03,27.4,241.3,False
2025-01-14T13:58:33.891625,2.0,77.0,40.9,36.2,50.03,27.4,241.3,False
2025-01-14T13:58:34.047842,2.0,39.6,82.5,37.9,50.03,27.4,241.3,False
2025-01-14T13:58:34.192352,0.0,114.2,-10.6,48.0,50.03,45.4,238.0,False
2025-01-14T13:58:34.337727,1.0,94.3,-37.9,42.9,50.03,67.9,240.2,False
2025-01-14T13:58:34.479642,2.0,77.0,40.9,36.2,50.04,57.1,241.5,False
2025-01-14T13:58:45.527888,0.0,83.2,-3.0,35.3,50.04,48.4,237.8,False
2025-01-14T13:58:45.681003,0.0,100.6,-3.8,42.5,50.04,45.4,237.9,False
2025-01-14T13:58:57.532596,0.0,127.8,-40.8,56.3,50.03,45.8,237.8,False
2025-01-14T13:58:57.682421,1.0,95.0,-38.8,43.1,50.03,38.9,240.0,False
2025-01-14T13:58:57.817452,2.0,77.0,40.9,36.2,50.03,27.9,241.3,False
2025-01-14T13:58:57.946184,0.0,17.4,-31.8,15.3,50.04,46.1,237.8,False
2025-01-14T13:58:58.078140,0.0,95.3,-9.8,40.3,50.03,46.0,237.8,False
2025-01-14T13:58:58.214928,1.0,95.0,-38.8,43.1,50.03,63.5,240.0,False
2025-01-14T13:58:58.378108,2.0,77.0,40.9,36.2,50.03,51.8,241.3,False
2025-01-14T13:59:09.838701,0.0,128.6,0.0,54.5,50.03,50.4,237.5,False
2025-01-14T13:59:10.634698,1.0,52.1,82.9,41.3,50.03,86.6,239.7,False
2025-01-14T13:59:11.457210,2.0,68.4,143.7,66.3,50.04,77.1,241.0,False
2025-01-14T13:59:21.531887,0.0,93.8,0.8,39.5,50.04,47.4,237.5,False
2025-01-14T13:59:21.683853,1.0,95.0,-38.8,43.1,50.03,71.7,239.6,False
2025-01-14T13:59:21.811312,2.0,77.0,40.9,36.2,50.03,60.4,240.9,False
2025-01-14T13:59:33.528428,0.0,105.1,-10.6,44.7,50.03,45.2,237.6,False
2025-01-14T13:59:33.642409,1.0,94.3,-37.9,42.9,50.02,49.2,239.7,False
2025-01-14T13:59:33.760699,2.0,68.4,143.7,66.3,50.03,37.6,241.1,False
2025-01-14T13:59:45.530496,0.0,114.2,-12.1,48.0,50.01,47.4,237.9,False
2025-01-14T13:59:45.637136,1.0,95.0,-38.8,43.1,50.0,73.1,240.1,False
2025-01-14T13:59:45.756072,2.0,77.0,40.9,36.2,50.0,62.6,241.4,False
2025-01-14T14:00:09.532467,0.0,31.0,-46.9,24.1,50.02,45.9,238.2,False
2025-01-14T14:00:09.681990,1.0,95.0,-38.8,43.1,50.01,59.0,240.4,False
2025-01-14T14:00:09.810620,2.0,77.0,40.9,36.2,50.02,47.6,241.7,False
2025-01-14T14:00:21.531984,0.0,22.7,-32.5,16.6,50.02,46.0,238.3,False
2025-01-14T14:00:21.663580,1.0,52.1,82.9,41.3,50.02,48.5,240.5,False
2025-01-14T14:00:33.582658,1.0,41.6,-3.0,17.2,50.0,39.0,240.0,False
2025-01-14T14:00:33.697839,2.0,39.3,3.8,16.3,50.0,28.0,241.4,False
2025-01-14T14:03:33.521820,0.0,20.4,-2.3,8.7,50.04,46.4,238.0,False
2025-01-14T14:03:33.650135,1.0,0.0,-0.0,0.1,50.04,38.6,240.0,False
2025-01-14T14:03:33.786347,2.0,0.0,-0.8,0.2,50.05,27.0,241.3,False
2025-01-14T14:06:33.521831,0.0,7.6,-6.8,3.7,50.03,47.2,237.6,False
2025-01-14T14:06:33.661944,1.0,2.3,-1.5,0.9,50.02,37.9,239.6,False
2025-01-14T14:06:33.804463,2.0,0.0,-0.8,0.1,50.03,27.0,241.0,False
2025-01-14T14:09:33.538179,0.0,49.9,-79.4,39.2,50.02,47.3,237.4,False
2025-01-14T14:09:33.678954,1.0,12.1,-62.0,26.1,50.02,38.4,239.4,False
2025-01-14T14:09:33.808629,2.0,11.3,-59.7,25.1,50.02,26.2,240.9,False
2025-01-14T14:12:33.523827,0.0,4.5,-0.0,2.0,50.0,43.1,237.5,False
2025-01-14T14:12:33.621121,1.0,3.0,2.3,1.5,49.99,35.6,239.4,False
2025-01-14T14:12:33.709374,2.0,6.1,1.5,2.6,49.99,29.1,241.0,False
2025-01-14T14:15:33.526843,0.0,5.3,-5.3,3.1,50.0,43.4,237.6,False
2025-01-14T14:15:33.667600,1.0,5.3,-0.8,2.2,50.0,37.3,239.7,False
2025-01-14T14:15:33.790170,2.0,3.8,-4.5,2.6,49.99,30.1,241.1,False
2025-01-14T14:16:09.539671,0.0,9.8,-406.9,171.4,50.02,77.8,237.5,False
2025-01-14T14:16:09.686314,1.0,56.7,-401.6,169.3,50.01,67.7,239.6,False
2025-01-14T14:16:09.837654,2.0,32.5,-394.8,164.4,50.02,49.2,241.0,False
2025-01-14T14:16:57.540125,0.0,49.9,-34.0,25.7,50.01,77.3,237.8,False
2025-01-14T14:19:57.543274,0.0,49.2,-20.4,22.4,49.98,84.4,237.8,False
2025-01-14T14:19:57.652695,1.0,7.6,-17.4,7.9,50.0,79.4,240.1,False
2025-01-14T14:19:57.776629,2.0,9.8,-14.4,7.2,50.0,56.2,241.5,False
2025-01-14T14:22:57.528501,0.0,4.5,12.1,5.5,50.0,78.5,237.7,False
2025-01-14T14:22:57.654400,1.0,0.0,-1.5,0.5,50.0,68.1,239.6,False
2025-01-14T14:22:57.754233,2.0,0.8,0.8,0.5,50.0,48.1,241.1,False
2025-01-14T14:25:45.528956,0.0,6.8,12.9,6.3,49.99,84.2,237.9,False
2025-01-14T14:25:45.624661,1.0,0.8,0.8,0.6,49.99,77.7,240.1,False
2025-01-14T14:25:45.744111,2.0,0.8,3.0,1.4,49.99,54.2,241.5,False
2025-01-14T14:28:45.531060,0.0,6.1,-6.1,3.7,49.99,84.8,237.9,False
2025-01-14T14:28:45.651731,1.0,1.5,-1.5,1.0,49.99,80.7,239.8,False
2025-01-14T14:28:45.757939,2.0,0.0,-2.3,1.0,49.99,54.2,241.3,False
2025-01-14T14:31:45.532586,0.0,5.3,-4.5,2.9,50.01,85.7,237.9,False
2025-01-14T14:31:45.709572,1.0,0.8,-0.0,0.3,50.01,78.7,239.9,False
2025-01-14T14:31:45.835201,2.0,0.8,-0.8,0.4,49.99,53.6,241.3,False
2025-01-14T14:34:45.531809,0.0,1.5,-3.0,1.5,50.02,85.5,237.9,False
2025-01-14T14:34:45.663255,1.0,0.0,0.0,0.0,50.03,79.5,239.8,False
2025-01-14T14:34:45.798525,2.0,1.5,-0.8,0.7,50.03,54.8,241.4,False
2025-01-14T14:37:45.618700,1.0,0.8,-1.5,0.8,50.0,76.8,240.0,False
2025-01-14T14:37:46.254157,2.0,0.0,-1.5,0.7,50.02,51.5,241.6,False
2025-01-14T14:38:09.553933,0.0,45.4,-497.6,210.0,49.99,47.5,238.1,False
2025-01-14T14:38:09.721860,1.0,95.0,-38.8,43.1,49.99,38.2,240.1,False
2025-01-14T14:38:09.856315,2.0,77.0,40.9,36.2,49.99,26.6,241.7,False
2025-01-14T14:38:45.547842,0.0,26.5,-52.2,24.6,49.99,48.4,238.1,False
2025-01-14T14:39:45.548961,0.0,31.8,-47.6,24.8,50.0,47.9,237.7,False
2025-01-14T14:41:33.548982,0.0,30.3,-43.1,23.0,49.99,47.6,238.2,False
2025-01-14T14:41:33.659525,1.0,6.1,-31.8,14.1,50.0,38.5,240.2,False
2025-01-14T14:41:33.762037,2.0,77.0,40.9,36.2,49.99,27.6,241.7,False
2025-01-14T14:41:33.878974,0.0,27.2,-47.6,23.0,50.0,47.4,238.3,False
2025-01-14T14:41:33.980863,2.0,77.0,40.9,36.2,50.01,26.7,241.8,False
2025-01-14T14:44:33.539961,0.0,5.3,4.5,2.9,50.0,48.7,238.1,False
2025-01-14T14:44:33.653514,1.0,3.0,-0.8,1.2,50.0,38.4,240.1,False
2025-01-14T14:44:33.765512,2.0,1.5,-0.8,0.8,50.0,26.4,241.6,False
2025-01-14T14:45:33.549745,0.0,38.6,-15.1,17.5,50.0,47.5,238.1,False
2025-01-14T14:45:33.656989,0.0,41.6,-11.3,18.2,49.99,47.8,238.1,False
2025-01-14T14:47:45.849498,1.0,94.3,-37.9,42.9,50.02,49.8,240.3,False
2025-01-14T14:47:46.634743,1.0,95.0,-38.8,43.1,50.02,49.8,240.3,False
2025-01-14T14:47:47.464980,2.0,39.6,82.5,37.9,50.03,36.7,241.8,False
2025-01-14T14:48:09.586336,1.0,94.3,-37.9,42.9,50.03,40.2,240.1,False
2025-01-14T14:51:09.556375,0.0,40.1,-8.3,17.5,50.02,47.1,237.9,False
2025-01-14T14:51:09.676148,1.0,95.0,-38.8,43.1,50.03,49.4,239.9,False
2025-01-14T14:51:09.805977,2.0,35.5,3.8,14.8,50.03,35.7,241.3,False
2025-01-14T14:51:21.557205,0.0,36.3,-7.6,15.2,50.02,47.3,237.5,False
2025-01-14T14:51:21.707745,1.0,95.0,-38.8,43.1,50.01,38.8,239.4,False
2025-01-14T14:51:21.837758,2.0,77.0,40.9,36.2,50.02,26.1,240.9,False
2025-01-14T14:54:09.542957,0.0,3.8,-13.6,6.5,49.97,48.7,237.8,False
2025-01-14T14:54:09.837850,1.0,2.3,-7.6,3.7,49.99,39.6,239.7,False
2025-01-14T14:54:09.947514,2.0,0.8,-12.1,5.5,49.98,28.1,241.3,False
2025-01-14T14:54:45.551807,0.0,40.8,-480.3,202.6,49.98,86.0,237.6,False
2025-01-14T14:54:45.671253,1.0,70.3,-449.2,189.7,49.99,78.0,239.5,False
2025-01-14T14:54:45.778219,2.0,39.6,82.5,37.9,50.0,52.0,241.0,False
2025-01-14T14:56:09.558784,0.0,40.1,-16.6,18.0,49.97,79.2,237.8,False
2025-01-14T14:59:09.566162,0.0,43.9,-13.6,19.5,50.04,86.5,238.2,False
2025-01-14T14:59:09.732084,1.0,0.0,-1.5,0.6,50.05,83.7,240.2,False
2025-01-14T14:59:09.842308,2.0,0.0,-0.8,0.3,50.04,53.6,241.7,False
2025-01-14T14:59:09.951764,0.0,53.7,-15.9,23.7,50.05,81.0,238.0,False
2025-01-14T14:59:10.066403,0.0,50.7,-12.1,22.0,50.06,85.3,238.2,False
2025-01-14T14:59:21.564955,0.0,80.9,-16.6,34.8,50.05,77.2,238.2,False
2025-01-14T14:59:21.687771,0.0,79.4,-16.6,34.1,50.05,84.5,238.2,False
2025-01-14T15:02:21.550509,0.0,0.0,4.5,1.8,50.08,85.9,238.2,False
2025-01-14T15:02:21.691941,1.0,2.3,-0.8,1.0,50.09,79.2,240.2,False
2025-01-14T15:02:21.832424,2.0,0.0,-0.8,0.3,50.07,52.9,241.8,False
2025-01-14T15:04:57.556680,0.0,43.1,-488.6,205.7,50.05,50.6,238.4,False
2025-01-14T15:04:57.693262,1.0,95.0,-38.8,43.1,50.06,37.3,240.5,False
2025-01-14T15:04:57.791591,2.0,77.0,40.9,36.2,50.05,26.6,242.1,False
2025-01-14T15:05:45.558815,0.0,65.8,-110.4,53.8,50.05,50.1,238.3,False
2025-01-14T15:05:45.650751,1.0,95.0,-38.8,43.1,50.04,37.5,240.4,False
2025-01-14T15:05:45.741860,2.0,77.0,40.9,36.2,50.05,27.3,241.9,False
2025-01-14T15:05:45.853502,0.0,96.1,-111.2,61.8,50.03,49.1,238.2,False
2025-01-14T15:05:45.962068,1.0,95.0,-38.8,43.1,50.03,48.1,240.2,False
2025-01-14T15:05:46.074461,2.0,77.0,40.9,36.2,50.03,37.5,241.8,False
2025-01-14T15:06:21.563895,0.0,38.6,-14.4,17.1,50.04,47.7,238.3,False
2025-01-14T15:06:21.673327,1.0,94.3,-37.9,42.9,50.03,58.3,240.3,False
2025-01-14T15:06:33.563694,0.0,35.5,-8.3,15.2,50.03,48.2,238.2,False
2025-01-14T15:06:33.701660,1.0,95.0,-38.8,43.1,50.03,47.8,240.1,False
2025-01-14T15:06:33.846318,2.0,77.0,40.9,36.2,50.03,35.7,241.7,False
2025-01-14T15:07:45.562026,0.0,37.8,-18.2,17.3,50.02,47.3,238.4,False
2025-01-14T15:07:57.564621,0.0,54.5,-24.2,24.7,50.02,49.2,238.2,False
2025-01-14T15:08:09.568808,0.0,56.0,-92.3,45.2,50.02,48.2,238.1,False
2025-01-14T15:08:09.685846,1.0,94.3,-37.9,42.9,50.02,51.4,240.0,False
2025-01-14T15:08:09.800430,2.0,9.8,-69.6,29.0,50.02,39.8,241.5,False
2025-01-14T15:08:09.929639,0.0,15.1,-83.2,35.9,50.02,49.0,237.9,False
2025-01-14T15:08:10.047182,1.0,95.0,-38.8,43.1,50.02,38.3,239.8,False
2025-01-14T15:08:10.182638,2.0,77.0,40.9,36.2,50.02,27.1,241.3,False
2025-01-14T15:08:57.567378,0.0,31.0,-28.0,18.2,50.0,48.1,238.3,False
2025-01-14T15:09:09.571112,0.0,52.2,-88.5,43.0,50.0,47.3,238.1,False
2025-01-14T15:09:09.720186,1.0,95.0,-38.8,43.1,49.98,37.1,240.1,False
2025-01-14T15:09:09.858520,2.0,77.0,40.9,36.2,49.99,25.9,241.6,False
2025-01-14T15:12:09.568980,0.0,49.9,-87.0,42.1,49.98,47.3,238.2,False
2025-01-14T15:12:09.692860,1.0,95.0,-38.8,43.1,49.97,38.3,240.1,False
2025-01-14T15:12:09.832069,2.0,246.2,684.8,302.2,49.98,26.6,241.6,False
2025-01-14T15:12:09.948637,2.0,246.2,684.8,302.2,49.98,26.6,241.6,False
2025-01-14T15:14:57.558365,0.0,0.8,1.5,0.6,50.0,46.6,238.2,False
2025-01-14T15:14:57.726518,1.0,0.0,-1.5,0.5,50.0,38.3,240.2,False
2025-01-14T15:14:57.839046,2.0,0.0,-0.0,0.1,50.0,26.2,241.6,False
2025-01-14T15:17:57.558319,0.0,0.0,-1.5,0.4,50.01,46.4,238.1,False
2025-01-14T15:17:57.711831,1.0,0.0,-2.3,0.7,50.01,38.3,239.9,False
2025-01-14T15:17:57.865062,2.0,0.0,0.0,0.2,50.01,26.1,241.5,False
2025-01-14T15:20:57.559486,0.0,2.3,0.0,1.0,49.99,46.7,238.1,False
2025-01-14T15:20:57.714073,1.0,0.8,-2.3,0.9,49.99,38.5,240.1,False
2025-01-14T15:20:57.829613,2.0,0.8,0.8,0.5,49.99,27.0,241.6,False
2025-01-14T15:23:57.559382,0.0,0.8,-0.8,0.7,49.97,47.4,237.9,False
2025-01-14T15:23:57.700668,1.0,1.5,-0.0,0.6,49.98,38.0,240.0,False
2025-01-14T15:23:57.834720,2.0,0.8,-0.8,0.4,49.98,26.1,241.5,False
2025-01-14T15:26:57.560095,0.0,3.0,-0.0,1.2,49.97,46.4,237.9,False
2025-01-14T15:26:57.711851,1.0,3.0,-3.0,1.7,49.97,38.4,240.0,False
2025-01-14T15:26:57.850155,2.0,2.3,-2.3,1.4,49.98,25.9,241.4,False
2025-01-14T15:29:57.565133,0.0,10.6,-5.3,4.4,50.01,47.8,238.5,False
2025-01-14T15:29:57.766266,1.0,0.8,-1.5,0.2,50.0,39.3,240.5,False
2025-01-14T15:29:57.916196,2.0,0.0,-3.0,0.7,50.01,25.4,242.0,False
2025-01-14T15:32:57.562478,0.0,12.9,-4.5,5.6,50.0,47.6,238.3,False
2025-01-14T15:32:57.703969,1.0,0.0,-1.5,0.8,50.0,38.6,240.4,False
2025-01-14T15:32:57.842896,2.0,0.8,2.3,0.8,50.0,26.8,241.8,False
2025-01-14T15:35:57.564362,0.0,0.0,-3.8,1.1,49.99,47.4,238.8,False
2025-01-14T15:35:57.691692,1.0,0.0,-3.0,0.7,50.0,38.5,240.9,False
2025-01-14T15:35:57.815214,2.0,1.5,-1.5,0.6,49.98,27.1,242.2,False
2025-01-14T15:38:57.605166,1.0,0.8,-5.3,1.7,49.98,39.1,240.4,False
2025-01-14T15:38:57.805453,2.0,2.3,1.5,1.3,49.97,25.9,241.9,False
2025-01-14T15:41:57.565980,0.0,5.3,-8.3,2.8,49.94,47.2,237.6,False
2025-01-14T15:41:57.701697,1.0,0.0,-0.0,0.8,49.96,38.7,239.7,False
2025-01-14T15:41:57.830472,2.0,3.0,-6.1,2.2,49.97,27.9,241.2,False
2025-01-14T15:44:57.566845,0.0,18.9,-25.7,13.9,49.97,48.1,237.8,False
2025-01-14T15:44:57.675041,1.0,3.0,-18.2,8.0,49.98,38.0,239.9,False
2025-01-14T15:44:57.787940,2.0,1.5,-27.2,11.5,49.98,28.5,241.3,False
2025-01-14T15:47:57.568042,0.0,15.1,-28.0,13.0,50.02,47.4,238.1,False
2025-01-14T15:47:57.672045,1.0,1.5,-25.0,10.3,50.02,37.3,240.1,False
2025-01-14T15:47:57.770278,2.0,6.8,-29.5,12.1,50.02,28.7,241.7,False
2025-01-14T15:50:57.570236,0.0,2.3,-0.8,1.0,49.99,47.9,238.1,False
2025-01-14T15:50:57.739419,1.0,1.5,0.0,0.6,49.99,37.9,240.2,False
2025-01-14T15:50:57.884232,2.0,1.5,-2.3,1.2,49.99,29.8,241.7,False
2025-01-14T15:53:57.570192,0.0,3.0,-2.3,1.4,49.98,47.6,238.3,False
2025-01-14T15:53:57.697534,1.0,0.8,-1.5,0.8,49.96,38.0,240.3,False
2025-01-14T15:53:57.825931,2.0,2.3,-3.8,1.8,49.99,28.6,241.8,False
2025-01-14T15:56:57.571230,0.0,3.0,-3.0,1.7,49.98,47.7,238.5,False
2025-01-14T15:56:57.696979,1.0,2.3,0.0,0.9,49.94,39.5,240.6,False
2025-01-14T15:56:57.806354,2.0,1.5,-2.3,1.3,49.99,29.7,242.0,False
2025-01-14T15:59:57.575790,0.0,0.8,1.5,0.9,50.01,48.6,238.7,False
2025-01-14T15:59:57.709766,1.0,2.3,3.8,1.7,50.04,37.2,240.7,False
2025-01-14T15:59:57.831575,2.0,3.8,-3.0,1.8,50.02,28.3,242.2,False
2025-01-14T16:02:57.574024,0.0,0.0,-4.5,1.4,50.06,48.5,238.3,False
2025-01-14T16:02:57.694965,1.0,0.8,-3.8,1.1,50.06,38.0,240.3,False
2025-01-14T16:02:57.819536,2.0,0.0,1.5,0.2,50.05,29.2,241.9,False
2025-01-14T16:05:57.576418,0.0,1.5,-2.3,1.2,50.05,48.2,238.2,False
2025-01-14T16:05:57.751104,1.0,1.5,0.0,0.6,50.03,38.6,240.3,False
2025-01-14T16:05:57.904179,2.0,1.5,-0.8,0.6,50.03,29.4,241.7,False
2025-01-14T16:08:57.618249,1.0,0.8,-1.5,0.8,49.99,38.0,240.2,False
2025-01-14T16:08:57.805924,2.0,1.5,-1.5,0.9,49.99,29.8,241.7,False
2025-01-14T16:11:45.578194,0.0,0.0,0.0,0.1,50.0,47.5,238.1,False
2025-01-14T16:11:45.710947,1.0,0.8,-3.0,1.3,50.0,38.5,240.1,False
2025-01-14T16:11:45.834783,2.0,1.5,-0.8,0.7,50.0,29.5,241.7,False
2025-01-14T16:14:45.578368,0.0,11.3,-1.5,4.6,50.02,48.5,238.4,False
2025-01-14T16:14:45.705788,1.0,0.0,-1.5,0.4,50.01,38.8,240.4,False
2025-01-14T16:14:45.806039,2.0,2.3,-3.0,1.4,50.02,30.1,241.9,False
2025-01-14T16:17:45.580338,0.0,9.1,-4.5,3.8,49.99,46.7,238.0,False
2025-01-14T16:17:45.741552,1.0,2.3,-0.8,0.9,50.0,38.3,239.9,False
2025-01-14T16:17:45.860707,2.0,0.0,-0.8,0.1,49.98,30.1,241.5,False
2025-01-14T16:20:45.585032,0.0,2.3,-2.3,1.3,49.98,47.0,238.2,False
2025-01-14T16:20:45.702129,1.0,0.0,-1.5,0.4,49.98,38.0,240.1,False
2025-01-14T16:20:45.817110,2.0,0.8,0.0,0.4,49.99,30.0,241.8,False
2025-01-14T16:23:45.598442,0.0,0.8,-3.8,1.5,49.97,47.2,238.3,False
2025-01-14T16:23:46.396340,1.0,4.5,-1.5,1.8,49.98,38.8,240.5,False
2025-01-14T16:23:47.056019,2.0,2.3,-0.8,1.1,49.98,29.8,241.9,False
2025-01-14T16:26:45.583991,0.0,2.3,-0.8,1.0,49.99,46.8,238.3,False
2025-01-14T16:26:45.731682,1.0,0.8,-0.8,0.3,49.99,38.2,240.3,False
2025-01-14T16:26:45.846637,2.0,1.5,-2.3,1.1,49.98,30.1,241.8,False
2025-01-14T16:29:45.601769,0.0,29.5,-56.7,26.8,50.0,47.4,238.2,False
2025-01-14T16:29:45.743089,1.0,95.0,-38.8,43.1,50.0,38.6,240.3,False
2025-01-14T16:29:45.887248,2.0,12.9,-47.6,20.4,50.0,29.2,241.8,False
2025-01-14T16:32:45.602364,0.0,34.0,-59.7,28.4,50.02,46.8,238.6,False
2025-01-14T16:32:45.738351,1.0,95.0,-38.8,43.1,50.03,37.5,240.5,False
2025-01-14T16:32:45.861425,2.0,77.0,40.9,36.2,50.03,28.7,242.0,False
2025-01-14T16:35:45.587920,0.0,3.8,-3.8,2.2,50.01,47.8,238.7,False
2025-01-14T16:35:45.748566,1.0,2.3,-0.8,0.9,50.02,39.0,240.8,False
2025-01-14T16:35:45.873295,2.0,0.0,0.8,0.6,50.03,29.2,242.2,False
2025-01-14T16:38:45.628262,1.0,3.0,-0.8,1.3,49.99,37.7,240.7,False
2025-01-14T16:38:45.721866,2.0,0.8,-3.0,1.2,50.01,28.7,242.3,False
2025-01-14T16:41:45.589010,0.0,0.0,-3.8,1.5,50.0,47.9,238.9,False
2025-01-14T16:41:45.708490,1.0,2.3,-1.5,1.1,50.0,38.1,240.8,False
2025-01-14T16:41:45.822292,2.0,0.0,0.0,0.0,50.0,28.7,242.4,False
2025-01-14T16:44:45.592269,0.0,3.8,-0.8,1.6,49.99,47.8,238.8,False
2025-01-14T16:44:45.755208,1.0,0.0,-0.8,0.3,49.99,38.1,240.8,False
2025-01-14T16:44:45.877238,2.0,0.8,-1.5,0.6,49.99,28.6,242.3,False
2025-01-14T16:47:45.591779,0.0,2.3,-0.8,0.8,50.0,47.9,239.5,False
2025-01-14T16:47:45.707691,1.0,3.0,-2.3,1.4,50.01,37.6,241.5,False
2025-01-14T16:47:45.826611,2.0,0.0,-6.1,1.7,50.0,28.5,243.1,False
2025-01-14T16:50:45.595274,0.0,0.8,-18.9,4.4,50.01,46.6,236.1,False
2025-01-14T16:50:45.739430,1.0,0.8,-15.1,2.7,50.01,38.4,237.9,False
2025-01-14T16:50:45.842389,2.0,2.3,-16.6,3.7,50.02,29.3,239.6,False
2025-01-14T16:53:45.594550,0.0,4.5,0.0,2.0,50.0,47.3,236.2,False
2025-01-14T16:53:45.742315,1.0,1.5,-2.3,0.9,50.0,38.5,238.1,False
2025-01-14T16:53:45.879352,2.0,0.0,-2.3,1.1,49.99,30.3,239.7,False
2025-01-14T16:56:45.596365,0.0,0.0,-5.3,1.5,50.02,46.9,236.8,False
2025-01-14T16:56:45.737236,1.0,0.8,-2.3,0.3,50.01,38.7,238.8,False
2025-01-14T16:56:45.848603,2.0,0.8,-3.0,0.8,50.02,29.9,240.4,False
2025-01-14T16:59:45.597028,0.0,10.6,3.0,4.9,50.02,47.9,236.3,False
2025-01-14T16:59:45.690619,1.0,2.3,-2.3,1.0,50.02,38.7,238.3,False
2025-01-14T16:59:45.781537,2.0,0.0,1.5,0.2,50.02,30.8,239.9,False
2025-01-14T17:02:33.599037,0.0,18.9,-12.9,9.7,50.03,46.7,236.3,False
2025-01-14T17:02:33.770989,1.0,0.0,-13.6,5.8,50.03,40.0,238.4,False
2025-01-14T17:02:33.913925,2.0,4.5,-13.6,5.9,50.04,30.1,239.8,False
2025-01-14T17:05:33.600049,0.0,6.8,-18.2,7.8,50.01,48.0,236.5,False
2025-01-14T17:05:33.761548,1.0,4.5,-14.4,6.2,50.01,37.5,238.5,False
2025-01-14T17:05:33.902149,2.0,3.0,-12.9,5.2,50.01,28.3,240.1,False
2025-01-14T17:08:33.640710,1.0,0.8,-1.5,0.6,50.0,37.2,238.4,False
2025-01-14T17:08:33.771890,2.0,1.5,0.0,0.6,50.01,28.5,239.9,False
2025-01-14T17:11:33.602620,0.0,2.3,-1.5,1.4,50.02,47.0,236.6,False
2025-01-14T17:11:33.737684,1.0,0.8,-1.5,0.6,50.02,38.0,238.6,False
2025-01-14T17:11:33.853356,2.0,1.5,-0.8,0.6,50.02,29.2,240.1,False
2025-01-14T17:14:33.602979,0.0,3.8,0.0,1.9,50.02,46.9,236.2,False
2025-01-14T17:14:33.710648,1.0,0.0,-3.0,1.0,50.02,38.4,238.3,False
2025-01-14T17:14:33.829150,2.0,1.5,-0.8,0.6,50.02,28.5,239.7,False
2025-01-14T17:17:33.614173,0.0,1.5,-2.3,1.0,49.99,47.3,236.1,False
2025-01-14T17:17:33.773568,1.0,0.0,-1.5,0.8,49.99,37.7,238.1,False
2025-01-14T17:17:33.933178,2.0,2.3,0.8,1.0,49.99,29.6,239.7,False
2025-01-14T17:20:33.604850,0.0,0.0,-1.5,1.1,50.02,46.9,236.5,False
2025-01-14T17:20:33.744957,1.0,2.3,-0.8,1.0,50.02,37.5,238.4,False
2025-01-14T17:20:33.889715,2.0,1.5,-3.0,1.1,50.02,29.8,240.0,False
2025-01-14T17:23:33.607551,0.0,9.8,-3.0,4.2,50.03,49.0,236.6,False
2025-01-14T17:23:33.769515,1.0,0.8,0.0,0.3,50.01,37.8,238.5,False
2025-01-14T17:23:33.896787,2.0,2.3,-1.5,1.2,50.02,29.2,240.0,False
2025-01-14T17:26:33.606308,0.0,6.8,-1.5,3.0,50.0,47.7,236.6,False
2025-01-14T17:26:33.742500,1.0,2.3,-0.8,1.1,50.01,37.0,238.6,False
2025-01-14T17:26:33.874556,2.0,0.8,-4.5,1.9,50.0,28.3,240.1,False
2025-01-14T17:29:33.611031,0.0,0.8,3.0,1.5,49.98,46.4,236.5,False
2025-01-14T17:29:33.765302,1.0,3.8,0.8,1.6,49.98,38.0,238.5,False
2025-01-14T17:29:33.916766,2.0,0.0,-3.8,1.5,49.99,28.3,240.0,False
2025-01-14T17:32:33.609293,0.0,1.5,-6.8,2.5,50.0,46.8,236.1,False
2025-01-14T17:32:33.747321,1.0,4.5,-0.0,1.9,50.0,36.7,238.1,False
2025-01-14T17:32:33.876549,2.0,3.0,-1.5,1.6,50.01,28.9,239.7,False
2025-01-14T17:35:33.610263,0.0,4.5,-6.1,1.2,49.98,47.6,234.8,False
2025-01-14T17:35:33.745802,1.0,3.8,-3.0,1.9,49.98,37.5,236.8,False
2025-01-14T17:35:33.874941,2.0,1.5,-10.6,3.3,49.98,29.7,238.5,False
2025-01-14T17:38:33.655315,1.0,3.0,-0.0,1.3,50.01,37.1,236.8,False
2025-01-14T17:38:33.824230,2.0,0.0,-3.0,1.3,50.0,29.7,238.5,False
2025-01-14T17:41:33.616307,0.0,6.8,-4.5,2.3,50.01,47.0,233.8,False
2025-01-14T17:41:33.740758,1.0,0.8,-7.6,2.3,50.01,38.6,235.9,False
2025-01-14T17:41:33.864410,2.0,3.0,-6.8,2.0,50.02,30.2,237.4,False
2025-01-14T17:44:33.614484,0.0,0.8,-2.3,0.8,50.0,47.4,234.1,False
2025-01-14T17:44:33.749637,1.0,0.8,-2.3,0.6,49.99,38.1,236.3,False
2025-01-14T17:44:33.881735,2.0,0.8,-2.3,0.7,49.99,29.6,237.7,False
2025-01-14T17:47:33.617028,0.0,0.0,-2.3,1.4,50.02,47.6,233.8,False
2025-01-14T17:47:33.824702,1.0,3.0,1.5,1.4,50.01,38.5,235.9,False
2025-01-14T17:47:33.963769,2.0,1.5,-1.5,0.7,50.01,28.9,237.4,False
2025-01-14T17:50:33.617568,0.0,5.3,-0.8,2.0,50.01,46.8,234.2,False
2025-01-14T17:50:33.741856,1.0,3.8,-2.3,2.1,50.01,38.6,236.3,False
2025-01-14T17:50:33.864641,2.0,1.5,-3.0,1.2,50.01,28.6,237.7,False
2025-01-14T17:53:33.618420,0.0,6.8,-1.5,2.5,50.0,46.1,233.6,False
2025-01-14T17:53:33.755998,1.0,3.0,-1.5,1.7,49.98,39.0,235.9,False
2025-01-14T17:53:33.878644,2.0,0.0,-6.1,2.1,49.99,30.0,237.3,False
2025-01-14T17:56:33.619105,0.0,0.0,0.8,0.5,50.03,46.5,233.7,False
2025-01-14T17:56:33.734120,1.0,0.8,0.8,0.5,50.02,38.3,235.9,False
2025-01-14T17:56:33.839363,2.0,1.5,-0.8,0.7,50.03,29.4,237.4,False
2025-01-14T17:59:33.620590,0.0,8.3,0.0,3.7,50.03,46.7,233.5,False
2025-01-14T17:59:33.755361,1.0,0.8,-0.0,0.3,50.02,38.0,235.7,False
2025-01-14T17:59:33.870109,2.0,1.5,-0.8,0.9,50.02,30.1,237.2,False
2025-01-14T18:02:21.622938,0.0,7.6,2.3,3.5,50.03,45.5,233.8,False
2025-01-14T18:02:21.723320,1.0,0.8,1.5,0.9,50.03,39.4,236.0,False
2025-01-14T18:02:21.849807,2.0,2.3,-0.8,1.0,50.04,29.8,237.6,False
2025-01-14T18:05:21.626795,0.0,0.8,0.0,0.3,50.01,45.4,233.8,False
2025-01-14T18:05:21.778331,1.0,0.0,-1.5,0.6,50.02,39.1,236.0,False
2025-01-14T18:05:21.899220,2.0,2.3,0.8,1.0,50.01,28.3,237.5,False
2025-01-14T18:08:21.666559,1.0,11.3,-32.5,14.4,50.03,39.7,235.8,False
2025-01-14T18:08:21.846151,2.0,3.0,-34.8,14.6,50.02,31.5,237.3,False
2025-01-14T18:11:21.639643,0.0,28.0,-45.4,22.4,50.0,46.1,233.9,False
2025-01-14T18:11:21.773148,1.0,6.8,-30.3,13.1,50.0,38.6,235.9,False
2025-01-14T18:11:21.905120,2.0,246.2,684.8,302.2,50.0,28.6,237.2,False
2025-01-14T18:11:22.033116,2.0,246.2,684.8,302.2,50.0,28.6,237.2,False
2025-01-14T18:11:22.158542,2.0,77.0,40.9,36.2,50.0,28.6,237.2,False
2025-01-14T18:14:21.626160,0.0,2.3,-0.8,1.1,49.99,47.1,233.6,False
2025-01-14T18:14:21.729719,1.0,3.0,-0.8,1.5,49.99,39.3,235.5,False
2025-01-14T18:14:21.846038,2.0,0.8,-3.8,1.4,49.99,29.0,237.0,False
2025-01-14T18:17:21.641016,0.0,54.5,-96.1,47.8,49.97,46.7,233.9,False
2025-01-14T18:17:21.770349,1.0,95.0,-38.8,43.1,49.97,39.5,235.9,False
2025-01-14T18:17:21.910463,2.0,17.4,-78.7,34.4,49.98,28.9,237.5,False
2025-01-14T18:20:21.629175,0.0,0.8,-0.0,0.8,50.01,45.6,234.4,False
2025-01-14T18:20:21.736993,1.0,0.8,-0.8,0.4,50.02,39.2,236.4,False
2025-01-14T18:20:21.854562,2.0,0.0,-2.3,0.5,50.01,27.8,237.9,False
2025-01-14T18:23:21.646809,0.0,62.8,-104.4,51.3,50.03,47.5,234.9,False
2025-01-14T18:23:21.812567,1.0,95.0,-38.8,43.1,50.03,38.6,237.0,False
2025-01-14T18:23:21.936656,2.0,246.2,684.8,302.2,50.03,29.4,238.6,False
2025-01-14T18:23:22.063119,2.0,246.2,684.8,302.2,50.03,29.4,238.6,False
2025-01-14T18:26:21.632075,0.0,8.3,-3.8,3.6,50.02,46.1,234.7,False
2025-01-14T18:26:21.766154,1.0,0.8,-2.3,0.7,50.03,38.4,236.8,False
2025-01-14T18:26:21.882341,2.0,1.5,0.0,0.8,50.02,29.2,238.3,False
2025-01-14T18:29:21.634240,0.0,2.3,-1.5,1.5,50.04,46.0,234.4,False
2025-01-14T18:29:21.755249,1.0,1.5,-4.5,1.7,50.03,39.4,236.4,False
2025-01-14T18:29:21.868152,2.0,3.8,-1.5,1.5,50.03,27.9,237.9,False
2025-01-14T18:32:21.636624,0.0,0.8,-0.8,0.5,50.01,45.9,234.6,False
2025-01-14T18:32:21.814595,1.0,3.0,2.3,1.5,50.0,38.3,236.5,False
2025-01-14T18:32:21.934556,2.0,2.3,-2.3,1.2,50.01,28.5,238.0,False
2025-01-14T18:35:21.636103,0.0,4.5,0.8,1.9,50.03,46.2,234.5,False
2025-01-14T18:35:21.756815,1.0,3.0,-0.8,1.3,50.02,38.7,236.5,False
2025-01-14T18:35:21.877444,2.0,0.8,-3.8,1.6,50.03,29.1,238.0,False
2025-01-14T18:38:09.736084,1.0,0.0,0.8,0.5,50.02,39.4,236.7,False
2025-01-14T18:38:09.828944,2.0,1.5,-1.5,0.8,50.03,28.3,238.1,False
2025-01-14T18:41:09.641311,0.0,3.0,1.5,1.4,50.03,46.2,234.8,False
2025-01-14T18:41:09.788001,1.0,3.0,0.8,1.3,50.03,38.3,236.6,False
2025-01-14T18:41:09.921426,2.0,2.3,-3.8,1.8,50.04,28.0,238.2,False
2025-01-14T18:44:09.639575,0.0,0.8,-0.8,0.1,50.03,46.1,234.6,False
2025-01-14T18:44:09.741765,1.0,1.5,-2.3,1.1,50.03,38.9,236.5,False
2025-01-14T18:44:09.844539,2.0,2.3,-2.3,1.2,50.03,27.8,238.0,False
2025-01-14T18:47:09.640970,0.0,0.0,-1.5,0.4,50.04,45.7,234.4,False
2025-01-14T18:47:09.778132,1.0,1.5,0.8,0.7,50.02,38.3,236.4,False
2025-01-14T18:47:09.879528,2.0,1.5,0.0,0.7,50.03,28.1,237.9,False
2025-01-14T18:50:09.641456,0.0,1.5,-0.0,0.6,50.01,45.7,234.3,False
2025-01-14T18:50:09.761192,1.0,2.3,-1.5,1.2,50.02,38.4,236.3,False
2025-01-14T18:50:09.889307,2.0,1.5,-2.3,1.2,50.01,28.5,237.9,False
2025-01-14T18:53:09.650387,0.0,2.3,-0.8,0.9,50.03,45.1,234.5,False
2025-01-14T18:53:10.313529,1.0,1.5,-3.0,1.5,50.02,39.3,236.4,False
2025-01-14T18:53:11.166013,2.0,2.3,-2.3,1.4,50.03,28.2,237.8,False
2025-01-14T18:56:09.644837,0.0,0.8,-1.5,0.9,50.02,45.2,234.6,False
2025-01-14T18:56:09.785644,1.0,0.8,-2.3,0.9,50.03,39.0,236.5,False
2025-01-14T18:56:09.919516,2.0,1.5,0.0,0.6,50.03,29.0,238.0,False
2025-01-14T18:59:09.650202,0.0,0.8,-3.8,1.4,50.03,44.9,234.8,False
2025-01-14T18:59:09.803208,1.0,0.8,-0.8,0.6,50.03,39.1,236.6,False
2025-01-14T18:59:09.923607,2.0,0.0,-2.3,0.8,50.04,28.9,238.1,False
2025-01-14T19:02:09.647067,0.0,0.8,-0.0,1.3,49.92,43.4,234.0,False
2025-01-14T19:02:09.779246,1.0,1.5,-4.5,1.4,49.91,40.2,236.0,False
2025-01-14T19:02:09.907987,2.0,2.3,-6.1,1.8,49.91,28.9,237.4,False
2025-01-14T19:05:09.647288,0.0,0.8,-2.3,1.0,49.96,43.3,234.8,False
2025-01-14T19:05:09.763757,1.0,0.8,-7.6,2.4,49.95,38.6,236.7,False
2025-01-14T19:05:09.915208,2.0,3.8,-4.5,1.6,49.96,29.2,238.3,False
2025-01-14T19:08:09.770235,1.0,95.0,-38.8,43.1,50.0,39.9,237.0,False
2025-01-14T19:08:09.909950,2.0,15.9,-68.8,29.9,50.0,28.3,238.5,False
2025-01-14T19:11:09.663458,0.0,43.1,-82.4,39.9,50.01,42.9,234.8,False
2025-01-14T19:11:09.832569,1.0,95.0,-38.8,43.1,50.01,38.8,236.8,False
2025-01-14T19:11:09.935318,2.0,246.2,684.8,302.2,50.01,28.6,238.4,False
2025-01-14T19:11:10.048285,2.0,246.2,684.8,302.2,50.01,28.6,238.4,False
2025-01-14T19:14:09.651061,0.0,0.8,-0.8,0.1,50.02,43.5,235.1,False
2025-01-14T19:14:09.779542,1.0,0.8,0.8,0.5,50.02,39.1,236.9,False
2025-01-14T19:14:09.893511,2.0,3.0,0.8,1.3,50.02,28.1,238.4,False
2025-01-14T19:17:09.653253,0.0,3.0,-1.5,1.5,50.01,43.5,234.7,False
2025-01-14T19:17:09.793240,1.0,3.8,0.0,1.7,50.0,39.7,236.7,False
2025-01-14T19:17:09.925622,2.0,0.8,-4.5,1.5,50.01,28.2,238.1,False
2025-01-14T19:20:09.653082,0.0,3.8,3.0,2.2,50.02,44.7,235.0,False
2025-01-14T19:20:09.780385,1.0,2.3,-1.5,1.1,50.02,39.2,236.9,False
2025-01-14T19:20:09.908031,2.0,0.8,-3.8,1.4,50.03,29.0,238.3,False
2025-01-14T19:23:09.655198,0.0,5.3,-6.1,2.4,50.03,44.8,235.7,False
2025-01-14T19:23:09.811971,1.0,0.8,-3.0,0.7,50.02,39.5,237.6,False
2025-01-14T19:23:09.923195,2.0,0.8,-3.8,0.7,50.03,30.2,239.2,False
2025-01-14T19:26:09.655705,0.0,6.1,0.8,2.6,50.05,44.1,235.8,False
2025-01-14T19:26:09.785524,1.0,1.5,0.8,0.7,50.05,40.0,237.7,False
2025-01-14T19:26:09.894707,2.0,0.8,0.8,0.5,50.04,29.3,239.2,False
2025-01-14T19:28:57.656884,0.0,0.0,-0.8,0.2,50.05,43.9,236.0,False
2025-01-14T19:28:57.813538,1.0,0.8,-0.8,0.6,50.04,39.8,237.9,False
2025-01-14T19:28:57.929073,2.0,0.8,0.8,0.4,50.04,28.5,239.3,False
2025-01-14T19:31:57.658674,0.0,2.3,-3.0,1.8,50.0,43.9,236.1,False
2025-01-14T19:31:57.977972,1.0,1.5,-5.3,2.2,50.0,38.5,237.9,False
2025-01-14T19:31:58.109862,2.0,4.5,-0.8,1.8,50.0,29.4,239.5,False
2025-01-14T19:34:57.658282,0.0,0.8,-1.5,0.8,50.01,44.2,236.0,False
2025-01-14T19:34:57.800960,1.0,1.5,0.0,0.7,50.02,38.4,237.8,False
2025-01-14T19:34:57.911333,2.0,0.8,-1.5,0.7,50.0,29.5,239.5,False
2025-01-14T19:37:57.771861,1.0,1.5,-0.8,0.7,50.01,38.5,238.2,False
2025-01-14T19:37:57.865549,2.0,0.0,-2.3,0.7,50.03,29.0,239.7,False
2025-01-14T19:40:57.660380,0.0,0.8,-1.5,0.6,50.03,43.4,236.2,False
2025-01-14T19:40:57.797167,1.0,0.8,-1.5,0.5,50.02,38.6,238.1,False
2025-01-14T19:40:57.919178,2.0,0.0,-0.8,0.4,50.03,29.0,239.6,False
2025-01-14T19:43:57.663121,0.0,1.5,-3.0,0.9,50.02,44.5,236.6,False
2025-01-14T19:43:57.781099,1.0,1.5,-0.8,0.6,50.02,39.5,238.4,False
2025-01-14T19:43:57.902622,2.0,1.5,-1.5,0.8,50.03,29.1,240.0,False
2025-01-14T19:46:57.664284,0.0,6.8,-2.3,2.9,49.99,44.2,236.6,False
2025-01-14T19:46:57.796891,1.0,0.8,-0.0,0.4,50.0,38.5,238.5,False
2025-01-14T19:46:57.921417,2.0,0.8,-0.0,0.3,49.99,27.9,240.0,False
2025-01-14T19:49:57.665587,0.0,9.8,0.8,4.3,50.02,43.7,236.8,False
2025-01-14T19:49:57.750338,1.0,1.5,-1.5,0.8,50.01,39.4,238.6,False
2025-01-14T19:49:57.829343,2.0,0.0,2.3,1.2,50.02,29.7,240.2,False
2025-01-14T19:52:57.665900,0.0,1.5,-0.8,0.4,50.03,43.4,237.2,False
2025-01-14T19:52:57.791730,1.0,1.5,0.0,0.8,50.02,39.5,238.9,False
2025-01-14T19:52:57.906407,2.0,0.8,-4.5,1.5,50.02,29.1,240.6,False
2025-01-14T19:55:57.666570,0.0,2.3,-4.5,1.8,50.03,43.3,237.8,False
2025-01-14T19:55:57.779614,1.0,2.3,-5.3,1.8,50.04,39.1,239.6,False
2025-01-14T19:55:57.904301,2.0,0.8,0.0,0.6,50.04,29.8,241.2,False
2025-01-14T19:58:57.668157,0.0,4.5,2.3,2.1,50.03,43.3,237.6,False
2025-01-14T19:58:57.797505,1.0,3.8,-1.5,1.6,50.04,37.8,239.4,False
2025-01-14T19:58:57.907312,2.0,0.8,-3.8,1.7,50.03,28.4,241.1,False
2025-01-14T20:01:57.673379,0.0,3.8,-0.8,1.8,49.97,44.3,237.5,False
2025-01-14T20:01:57.833106,1.0,3.0,0.0,1.3,49.97,39.3,239.3,False
2025-01-14T20:01:57.977821,2.0,0.8,-4.5,1.8,49.97,29.9,240.9,False
2025-01-14T20:04:57.670905,0.0,5.3,-0.0,2.4,49.97,42.9,237.7,False
2025-01-14T20:04:57.797049,1.0,0.8,1.5,0.6,49.98,38.2,239.4,False
2025-01-14T20:04:57.913607,2.0,2.3,-1.5,1.1,49.97,30.0,241.0,False
2025-01-14T20:07:45.823155,1.0,95.0,-38.8,43.1,49.96,38.6,239.3,False
2025-01-14T20:07:45.956169,2.0,12.1,-58.2,24.7,49.97,29.6,241.0,False
2025-01-14T20:10:45.691579,0.0,46.9,-74.1,37.0,49.96,43.9,237.7,False
2025-01-14T20:10:45.881829,1.0,95.0,-38.8,43.1,49.96,37.9,239.3,False
2025-01-14T20:10:46.008956,2.0,246.2,684.8,302.2,49.96,29.2,241.0,False
2025-01-14T20:10:46.138993,2.0,246.2,684.8,302.2,49.96,29.2,241.0,False
2025-01-14T20:13:45.676264,0.0,9.1,-0.8,3.8,50.0,42.4,237.5,False
2025-01-14T20:13:45.801097,1.0,2.3,-0.8,1.0,50.0,38.8,239.2,False
2025-01-14T20:13:45.940637,2.0,0.8,-2.3,1.0,50.0,29.7,240.9,False
2025-01-14T20:16:45.675843,0.0,0.0,-2.3,1.0,50.02,42.9,237.5,False
2025-01-14T20:16:45.774124,1.0,1.5,0.0,0.6,50.02,39.3,239.2,False
2025-01-14T20:16:45.879621,2.0,0.8,-2.3,0.9,50.02,30.2,240.9,False
2025-01-14T20:19:45.678983,0.0,1.5,-2.3,0.2,50.02,42.0,238.4,False
2025-01-14T20:19:45.847312,1.0,1.5,-3.0,0.9,50.01,39.0,240.0,False
2025-01-14T20:19:45.963848,2.0,0.8,-6.1,1.6,50.02,29.7,241.8,False
2025-01-14T20:22:45.695990,0.0,40.8,-75.6,35.5,50.04,42.6,238.0,False
2025-01-14T20:22:45.856843,1.0,95.0,-38.8,43.1,50.04,37.8,239.6,False
2025-01-14T20:22:45.978261,2.0,12.1,-60.5,25.1,50.04,29.2,241.4,False
2025-01-14T20:25:45.698822,0.0,50.7,-77.1,38.5,50.03,43.6,238.2,False
2025-01-14T20:25:45.875071,1.0,95.0,-38.8,43.1,50.03,39.0,239.9,False
2025-01-14T20:25:45.995995,2.0,77.0,40.9,36.2,50.04,29.7,241.5,False
2025-01-14T20:28:45.681328,0.0,11.3,-4.5,4.9,50.04,43.1,238.0,False
2025-01-14T20:28:45.797234,1.0,0.8,-0.8,0.3,50.03,39.1,239.6,False
2025-01-14T20:28:45.900442,2.0,0.8,-0.8,0.3,50.05,29.8,241.3,False
2025-01-14T20:31:45.682025,0.0,0.0,-1.5,0.4,49.98,43.1,237.4,False
2025-01-14T20:31:45.813449,1.0,2.3,-0.8,1.0,49.99,38.6,239.2,False
2025-01-14T20:31:45.939579,2.0,1.5,-3.8,1.3,49.97,30.2,240.8,False
2025-01-14T20:34:45.685263,0.0,0.0,0.8,0.2,49.99,43.4,237.3,False
2025-01-14T20:34:45.890708,1.0,0.0,-1.5,0.5,50.0,39.0,239.0,False
2025-01-14T20:34:46.037117,2.0,0.0,-1.5,0.6,49.99,30.2,240.7,False
2025-01-14T20:37:45.723598,1.0,2.3,-2.3,1.2,50.01,38.1,239.5,False
2025-01-14T20:37:45.862995,2.0,0.0,-5.3,1.8,50.01,29.7,241.2,False
2025-01-14T20:40:45.685147,0.0,3.0,-0.8,1.4,50.03,42.7,238.0,False
2025-01-14T20:40:45.784611,1.0,0.0,-0.8,0.3,50.04,38.4,239.5,False
2025-01-14T20:40:45.879823,2.0,0.0,0.8,0.4,50.04,30.0,241.3,False
2025-01-14T20:43:45.689300,0.0,0.0,-0.8,0.3,50.04,42.5,238.4,False
2025-01-14T20:43:45.861447,1.0,0.8,-3.8,1.2,50.03,37.6,239.9,False
2025-01-14T20:43:45.974698,2.0,3.0,-3.0,1.4,50.05,30.5,241.8,False
2025-01-14T20:46:45.689124,0.0,0.0,1.5,0.7,50.01,41.9,238.2,False
2025-01-14T20:46:45.818198,1.0,1.5,0.8,0.7,50.01,37.9,239.8,False
2025-01-14T20:46:45.942857,2.0,1.5,-1.5,0.8,50.01,29.9,241.7,False
2025-01-14T20:49:45.689313,0.0,1.5,-3.0,0.8,50.03,42.8,237.9,False
2025-01-14T20:49:45.795540,1.0,0.0,-1.5,0.3,50.04,37.9,239.6,False
2025-01-14T20:49:45.906231,2.0,0.8,-3.0,0.9,50.03,29.6,241.3,False
2025-01-14T20:52:45.690645,0.0,3.8,-3.8,2.2,50.05,42.5,237.5,False
2025-01-14T20:52:45.809838,1.0,2.3,-2.3,0.9,50.05,37.5,239.0,False
2025-01-14T20:52:45.928746,2.0,1.5,-0.8,1.1,50.05,30.2,240.9,False
2025-01-14T20:55:45.690994,0.0,7.6,-4.5,3.0,50.05,43.9,238.1,False
2025-01-14T20:55:45.843805,1.0,1.5,-2.3,0.6,50.04,38.3,239.7,False
2025-01-14T20:55:45.981355,2.0,0.8,-1.5,0.4,50.06,29.8,241.4,False
2025-01-14T20:58:45.692937,0.0,9.8,-0.8,4.3,50.08,42.3,238.4,False
2025-01-14T20:58:45.815776,1.0,1.5,-0.0,0.7,50.07,38.0,239.9,False
2025-01-14T20:58:45.939000,2.0,0.8,-2.3,0.7,50.09,30.0,241.7,False
2025-01-14T21:01:33.695723,0.0,0.0,-5.3,1.2,49.99,41.4,239.2,False
2025-01-14T21:01:33.837948,1.0,3.8,-6.1,2.0,50.0,38.0,240.7,False
2025-01-14T21:01:33.989125,2.0,0.0,0.0,1.0,49.99,30.7,242.5,False
2025-01-14T21:04:33.694992,0.0,3.0,-2.3,1.7,50.01,41.4,238.5,False
2025-01-14T21:04:33.816771,1.0,1.5,-6.1,1.9,50.01,37.9,240.0,False
2025-01-14T21:04:33.949979,2.0,2.3,-0.0,1.1,50.02,29.2,241.8,False
2025-01-14T21:07:33.737821,1.0,0.8,-2.3,0.2,50.0,37.4,239.3,False
2025-01-14T21:07:33.883706,2.0,0.0,-3.8,0.9,50.01,28.8,241.1,False
2025-01-14T21:10:33.698360,0.0,3.0,2.3,1.9,49.98,43.0,237.0,False
2025-01-14T21:10:33.845195,1.0,0.0,-6.8,2.1,49.98,38.9,238.6,False
2025-01-14T21:10:33.988685,2.0,2.3,-3.0,0.9,49.99,29.1,240.3,False
2025-01-14T21:13:33.698684,0.0,3.8,-4.5,2.3,50.04,42.3,237.8,False
2025-01-14T21:13:33.824635,1.0,0.8,-3.8,0.9,50.03,39.1,239.3,False
2025-01-14T21:13:33.959233,2.0,0.0,-2.3,0.3,50.04,29.0,241.0,False
2025-01-14T21:16:33.704045,0.0,1.5,1.5,0.9,50.02,42.8,237.5,False
2025-01-14T21:16:33.825658,1.0,0.0,-0.8,0.1,50.01,38.8,238.9,False
2025-01-14T21:16:33.945256,2.0,0.8,-1.5,0.6,50.01,29.0,240.8,False
2025-01-14T21:19:33.701403,0.0,9.8,3.0,4.4,50.01,43.7,237.4,False
2025-01-14T21:19:33.811209,1.0,3.0,-0.8,1.3,50.0,38.4,238.8,False
2025-01-14T21:19:33.940566,2.0,2.3,-2.3,1.4,50.01,29.2,240.7,False
2025-01-14T21:22:33.703931,0.0,11.3,0.8,4.7,50.02,41.5,237.2,False
2025-01-14T21:22:33.837207,1.0,3.0,0.0,1.3,50.01,39.2,238.7,False
2025-01-14T21:22:33.978741,2.0,1.5,-4.5,1.7,50.02,29.9,240.4,False
2025-01-14T21:25:33.705574,0.0,16.6,-27.2,13.7,50.04,41.2,237.4,False
2025-01-14T21:25:33.865707,1.0,4.5,-21.9,9.7,50.02,38.7,239.0,False
2025-01-14T21:25:33.987437,2.0,4.5,-22.7,9.9,50.03,29.8,240.7,False
2025-01-14T21:28:33.705879,0.0,18.2,-28.7,14.1,50.02,42.3,237.6,False
2025-01-14T21:28:33.815559,1.0,3.8,-24.2,10.1,50.03,38.1,239.1,False
2025-01-14T21:28:33.926571,2.0,5.3,-25.7,10.7,50.03,29.7,240.9,False
2025-01-14T21:31:33.706854,0.0,1.5,-0.8,0.7,49.99,42.3,237.6,False
2025-01-14T21:31:33.824425,1.0,0.0,-2.3,0.9,49.98,37.4,239.1,False
2025-01-14T21:31:33.956880,2.0,2.3,0.8,1.0,49.98,29.9,240.9,False
2025-01-14T21:34:33.707704,0.0,8.3,-1.5,3.7,49.99,43.5,237.5,False
2025-01-14T21:34:33.822330,1.0,1.5,0.8,0.7,49.99,37.9,238.9,False
2025-01-14T21:34:33.928705,2.0,1.5,-0.8,0.6,50.0,29.7,240.7,False
2025-01-14T21:37:33.748895,1.0,0.8,0.0,0.5,50.04,38.3,239.3,False
2025-01-14T21:37:33.868187,2.0,0.0,-3.0,0.8,50.04,29.6,241.2,False
2025-01-14T21:40:33.719206,0.0,0.8,-0.8,0.3,50.0,41.7,237.8,False
2025-01-14T21:40:33.835613,1.0,0.0,0.0,0.0,50.0,38.7,239.2,False
2025-01-14T21:40:33.939488,2.0,0.0,1.5,0.6,50.0,30.5,241.1,False
2025-01-14T21:43:21.711005,0.0,0.0,-0.0,0.3,50.03,41.2,238.0,False
2025-01-14T21:43:21.840740,1.0,0.8,-2.3,0.8,50.02,38.0,239.4,False
2025-01-14T21:43:21.943552,2.0,0.8,-1.5,0.6,50.03,30.4,241.3,False
2025-01-14T21:46:21.710293,0.0,1.5,-1.5,0.6,50.0,41.0,238.2,False
2025-01-14T21:46:21.842296,1.0,0.8,-1.5,0.8,50.01,38.0,239.5,False
2025-01-14T21:46:21.958083,2.0,0.8,-1.5,0.6,50.0,29.6,241.4,False
2025-01-14T21:49:21.711738,0.0,12.9,-3.8,5.5,50.02,42.0,238.4,False
2025-01-14T21:49:21.835860,1.0,1.5,-0.0,0.7,50.01,37.8,239.7,False
2025-01-14T21:49:21.954701,2.0,1.5,-2.3,1.0,50.01,28.8,241.6,False
2025-01-14T21:52:21.713294,0.0,9.1,-0.8,4.1,50.02,41.8,238.8,False
2025-01-14T21:52:21.819455,1.0,0.8,-1.5,0.4,50.03,38.4,240.1,False
2025-01-14T21:52:21.922674,2.0,0.8,-2.3,0.6,50.03,28.7,242.0,False
2025-01-14T21:55:21.732306,0.0,21.2,-29.5,15.4,50.02,42.0,238.9,False
2025-01-14T21:55:21.855075,1.0,4.5,-20.4,8.9,50.02,37.9,240.3,False
2025-01-14T21:55:21.945169,2.0,3.8,-25.7,10.9,50.02,29.5,242.1,False
2025-01-14T21:58:21.730553,0.0,30.3,-58.2,27.8,50.0,41.5,239.1,False
2025-01-14T21:58:21.875487,1.0,95.0,-38.8,43.1,50.0,37.4,240.5,False
2025-01-14T21:58:21.980262,2.0,77.0,40.9,36.2,49.99,29.3,242.4,False
2025-01-14T22:01:21.716537,0.0,0.8,-0.8,0.3,49.97,41.6,238.6,False
2025-01-14T22:01:21.856511,1.0,0.0,-2.3,0.4,49.98,38.3,239.9,False
2025-01-14T22:01:21.987579,2.0,1.5,-4.5,1.4,49.97,30.0,241.8,False
2025-01-14T22:04:21.730021,0.0,49.2,-83.9,41.4,49.94,42.2,238.3,False
2025-01-14T22:04:21.873811,1.0,95.0,-38.8,43.1,49.94,37.8,239.6,False
2025-01-14T22:04:21.995241,2.0,246.2,684.8,302.2,49.94,28.4,241.5,False
2025-01-14T22:04:22.104585,2.0,246.2,684.8,302.2,49.94,28.4,241.5,False
2025-01-14T22:07:21.759426,1.0,0.8,-3.8,0.9,50.01,36.8,240.3,False
2025-01-14T22:07:21.852012,2.0,0.0,-4.5,1.0,50.0,29.0,242.3,False
2025-01-14T22:10:21.718930,0.0,1.5,-4.5,1.8,50.03,41.6,239.3,False
2025-01-14T22:10:21.839404,1.0,3.0,-0.8,1.2,50.04,37.9,240.6,False
2025-01-14T22:10:21.970405,2.0,2.3,-2.3,1.4,50.03,29.2,242.5,False
2025-01-14T22:13:21.720977,0.0,0.8,-1.5,0.6,50.04,41.8,239.7,False
2025-01-14T22:13:21.826742,1.0,0.0,-3.0,0.9,50.05,37.4,241.0,False
2025-01-14T22:13:21.918639,2.0,1.5,-3.0,0.9,50.04,29.0,243.0,False
2025-01-14T22:16:21.721825,0.0,0.0,-0.8,0.6,50.0,42.1,239.4,False
2025-01-14T22:16:21.835674,1.0,1.5,2.3,1.0,50.0,38.4,240.8,False
2025-01-14T22:16:21.949899,2.0,1.5,-1.5,0.7,50.0,28.4,242.8,False
2025-01-14T22:19:21.721944,0.0,3.0,-3.0,1.8,50.04,42.2,239.4,False
2025-01-14T22:19:21.831613,1.0,3.8,0.8,1.6,50.04,37.3,240.8,False
2025-01-14T22:19:21.936685,2.0,1.5,-3.0,1.4,50.04,29.0,242.8,False
2025-01-14T22:22:21.725110,0.0,7.6,-12.1,6.5,50.03,40.9,239.7,False
2025-01-14T22:22:21.935593,1.0,3.0,-12.9,5.7,50.02,36.9,241.0,False
2025-01-14T22:22:22.091125,2.0,3.8,-10.6,4.9,50.03,27.8,243.0,False
2025-01-14T22:25:09.725146,0.0,6.1,-16.6,7.1,50.03,41.8,239.9,False
2025-01-14T22:25:09.859460,1.0,4.5,-14.4,6.0,50.03,37.5,241.2,False
2025-01-14T22:25:09.989878,2.0,3.0,-11.3,4.6,50.03,28.6,243.2,False
2025-01-14T22:28:09.728561,0.0,12.9,-3.8,5.6,50.04,43.3,239.9,False
2025-01-14T22:28:09.837150,1.0,1.5,2.3,1.1,50.04,38.5,241.3,False
2025-01-14T22:28:09.971868,2.0,2.3,-0.0,0.9,50.04,28.0,243.2,False
2025-01-14T22:31:09.729279,0.0,12.1,-4.5,5.0,49.96,42.3,239.6,False
2025-01-14T22:31:09.885298,1.0,0.8,-0.0,0.5,49.96,38.2,240.9,False
2025-01-14T22:31:09.995078,2.0,0.0,-3.0,0.8,49.96,28.4,242.8,False
2025-01-14T22:34:09.728395,0.0,2.3,0.8,1.2,49.98,41.6,239.8,False
2025-01-14T22:34:09.862247,1.0,0.0,-3.0,1.0,49.98,37.5,241.1,False
2025-01-14T22:34:10.010689,2.0,1.5,0.0,0.7,49.99,29.2,243.1,False
2025-01-14T22:37:09.768456,1.0,0.0,-3.8,1.1,49.99,37.9,240.6,False
2025-01-14T22:37:09.891702,2.0,0.0,-0.8,0.8,49.99,28.8,242.6,False
2025-01-14T22:40:09.737265,0.0,2.3,-6.1,2.1,50.04,41.7,240.3,False
2025-01-14T22:40:09.897414,1.0,0.0,-3.8,0.7,50.04,38.1,241.6,False
2025-01-14T22:40:10.025506,2.0,0.8,-4.5,1.1,50.05,28.2,243.6,False
2025-01-14T22:43:09.732508,0.0,0.8,-3.8,1.3,50.07,41.5,240.1,False
2025-01-14T22:43:09.850819,1.0,0.8,-0.8,0.5,50.06,38.1,241.5,False
2025-01-14T22:43:09.961275,2.0,3.0,0.8,1.3,50.05,29.2,243.5,False
2025-01-14T22:46:09.734366,0.0,1.5,-4.5,1.5,49.99,42.2,239.2,False
2025-01-14T22:46:09.915032,1.0,0.8,-4.5,1.1,49.99,37.9,240.5,False
2025-01-14T22:46:10.054053,2.0,0.8,-4.5,1.0,49.99,28.6,242.5,False
2025-01-14T22:49:09.735993,0.0,2.3,-2.3,1.3,50.04,43.1,239.4,False
2025-01-14T22:49:09.854729,1.0,1.5,-1.5,0.8,50.03,38.4,240.7,False
2025-01-14T22:49:09.960376,2.0,0.8,-2.3,1.2,50.02,29.6,242.7,False
2025-01-14T22:52:09.741250,0.0,0.8,-2.3,0.8,50.03,42.5,239.5,False
2025-01-14T22:52:09.885330,1.0,0.8,0.0,0.4,50.03,38.8,240.9,False
2025-01-14T22:52:10.030684,2.0,0.8,-2.3,0.9,50.03,28.7,242.8,False
2025-01-14T22:55:09.738775,0.0,0.8,-0.8,0.4,50.02,42.6,240.1,False
2025-01-14T22:55:09.853618,1.0,0.0,-4.5,1.3,50.03,37.7,241.4,False
2025-01-14T22:55:09.974550,2.0,2.3,-3.0,1.0,50.02,29.4,243.4,False
2025-01-14T22:58:09.748904,0.0,1.5,-2.3,1.1,50.04,42.2,240.1,False
2025-01-14T22:58:10.734907,1.0,0.8,-1.5,0.7,50.04,38.1,241.5,False
2025-01-14T22:58:11.711291,2.0,1.5,-0.8,0.7,50.03,29.0,243.5,False
2025-01-14T23:01:09.743862,0.0,0.0,-0.8,0.3,49.94,42.1,239.8,False
2025-01-14T23:01:09.891058,1.0,2.3,-3.0,1.4,49.95,38.9,241.2,False
2025-01-14T23:01:10.014567,2.0,0.8,-3.0,0.8,49.94,28.6,243.1,False
2025-01-14T23:04:09.766567,0.0,38.6,-74.9,35.6,49.97,41.6,240.1,False
2025-01-14T23:04:09.956176,1.0,95.0,-38.8,43.1,49.96,38.4,241.4,False
2025-01-14T23:04:10.087936,2.0,12.9,-58.2,24.9,49.97,28.8,243.4,False
2025-01-14T23:07:09.887348,1.0,95.0,-38.8,43.1,49.97,38.3,241.5,False
2025-01-14T23:07:10.025661,2.0,246.2,684.8,302.2,49.97,28.7,243.5,False
2025-01-14T23:07:10.144600,2.0,246.2,684.8,302.2,49.97,28.7,243.5,False
2025-01-14T23:10:09.745589,0.0,0.8,-12.9,2.8,49.99,42.4,237.0,False
2025-01-14T23:10:09.910529,1.0,0.8,-17.4,4.1,49.99,39.4,238.2,False
2025-01-14T23:10:10.056680,2.0,3.0,-15.1,2.9,49.99,27.9,240.2,False
2025-01-14T23:13:09.750941,0.0,7.6,3.8,3.7,50.0,43.6,236.4,False
2025-01-14T23:13:09.912423,1.0,3.0,-2.3,1.2,50.0,38.7,237.7,False
2025-01-14T23:13:10.033631,2.0,1.5,-0.8,0.8,50.01,27.3,239.6,False
2025-01-14T23:16:09.748295,0.0,10.6,-10.6,4.2,49.99,42.9,234.8,False
2025-01-14T23:16:09.851348,1.0,1.5,-4.5,1.0,50.0,38.3,236.1,False
2025-01-14T23:16:09.963975,2.0,0.0,-9.8,2.6,49.98,28.3,238.1,False
2025-01-14T23:18:57.752666,0.0,0.8,-14.4,2.8,49.97,42.9,237.9,False
2025-01-14T23:18:57.885800,1.0,0.0,-15.9,3.6,49.97,37.5,239.2,False
2025-01-14T23:18:58.015817,2.0,3.0,-12.9,2.5,49.98,29.1,241.0,False
2025-01-14T23:21:57.750255,0.0,2.3,0.8,1.0,49.98,42.4,237.8,False
2025-01-14T23:21:57.897479,1.0,2.3,0.0,1.0,49.97,38.3,239.1,False
2025-01-14T23:21:58.006498,2.0,0.8,1.5,0.7,49.97,29.9,241.0,False
2025-01-14T23:24:57.753592,0.0,0.8,-3.8,1.2,49.97,42.1,238.1,False
2025-01-14T23:24:57.913362,1.0,0.0,0.0,0.5,49.98,38.7,239.6,False
2025-01-14T23:24:58.011545,2.0,3.0,-3.0,1.6,49.97,28.9,241.4,False
2025-01-14T23:27:57.771446,0.0,38.6,-89.2,40.9,50.01,43.4,238.1,False
2025-01-14T23:27:57.892369,1.0,95.0,-38.8,43.1,50.01,38.1,239.4,False
2025-01-14T23:27:57.986088,2.0,12.1,-71.8,30.2,50.02,28.6,241.4,False
2025-01-14T23:30:57.770732,0.0,40.1,-83.2,39.4,49.98,42.9,237.7,False
2025-01-14T23:30:57.897363,1.0,95.0,-38.8,43.1,49.99,38.0,239.0,False
2025-01-14T23:30:58.029021,2.0,246.2,684.8,302.2,49.99,28.3,240.9,False
2025-01-14T23:30:58.152730,2.0,246.2,684.8,302.2,49.99,28.3,240.9,False
2025-01-14T23:33:57.755148,0.0,9.8,-13.6,7.2,49.97,41.9,237.8,False
2025-01-14T23:33:57.865465,1.0,2.3,-9.1,4.0,49.96,37.7,239.1,False
2025-01-14T23:33:57.998304,2.0,1.5,-12.9,5.5,49.98,29.5,241.1,False
2025-01-14T23:36:57.757388,0.0,10.6,-13.6,7.5,49.99,42.1,237.6,False
2025-01-14T23:36:57.860136,1.0,2.3,-9.8,4.4,49.98,37.7,238.9,False
2025-01-14T23:36:57.965925,2.0,3.0,-12.9,5.6,49.98,29.1,240.9,False
2025-01-14T23:39:57.756715,0.0,1.5,-3.0,1.2,50.02,41.7,238.0,False
2025-01-14T23:39:57.859468,1.0,0.8,-0.8,0.3,50.01,37.9,239.4,False
2025-01-14T23:39:57.961896,2.0,1.5,-0.8,0.7,50.01,28.8,241.3,False
2025-01-14T23:42:57.758883,0.0,10.6,-3.0,4.5,50.02,42.4,238.1,False
2025-01-14T23:42:57.860672,1.0,0.8,0.8,0.5,50.01,38.4,239.5,False
2025-01-14T23:42:57.950716,2.0,1.5,-0.8,0.7,50.02,28.9,241.4,False
2025-01-14T23:45:57.760527,0.0,8.3,-3.0,3.6,50.01,42.0,238.0,False
2025-01-14T23:45:57.883168,1.0,0.8,-0.0,0.4,50.02,37.9,239.2,False
2025-01-14T23:45:57.994732,2.0,1.5,-0.8,0.8,50.02,28.3,241.3,False
2025-01-14T23:48:57.761969,0.0,2.3,-2.3,1.4,50.01,42.2,237.9,False
2025-01-14T23:48:57.878830,1.0,2.3,-0.8,1.0,50.0,38.7,239.3,False
2025-01-14T23:48:57.994735,2.0,1.5,-2.3,1.1,50.01,29.0,241.3,False
2025-01-14T23:51:57.763170,0.0,2.3,-5.3,2.2,50.0,41.7,237.6,False
2025-01-14T23:51:57.865497,1.0,3.0,-2.3,1.4,49.99,38.0,239.0,False
2025-01-14T23:51:57.974255,2.0,2.3,-1.5,1.4,50.0,28.7,240.9,False
2025-01-14T23:54:57.764828,0.0,1.5,-0.8,0.7,50.01,42.0,237.6,False
2025-01-14T23:54:57.859390,1.0,0.0,-0.8,0.4,50.01,38.1,239.1,False
2025-01-14T23:54:57.935362,2.0,1.5,-0.0,0.6,50.0,27.9,240.9,False
2025-01-14T23:57:57.765576,0.0,0.0,-1.5,0.3,50.01,42.0,238.0,False
2025-01-14T23:57:57.909023,1.0,0.8,-0.8,0.4,50.01,37.8,239.3,False
2025-01-14T23:57:58.014276,2.0,0.0,-2.3,0.8,50.01,27.4,241.1,False
2025-01-15T00:00:57.767262,0.0,0.8,0.8,0.3,49.94,42.2,237.6,False
2025-01-15T00:00:57.923599,1.0,1.5,2.3,0.9,49.95,39.0,238.9,False
2025-01-15T00:00:58.076681,2.0,0.8,-4.5,1.5,49.94,28.4,240.8,False
2025-01-15T00:03:57.782218,0.0,20.4,-44.6,21.0,49.97,42.6,237.8,False
2025-01-15T00:03:57.899107,1.0,95.0,-38.8,43.1,49.96,38.8,239.1,False
2025-01-15T00:03:58.023677,2.0,6.8,-31.8,13.7,49.97,27.8,241.0,False
2025-01-15T00:06:57.784966,0.0,18.9,-42.4,19.6,49.95,42.9,237.8,False
2025-01-15T00:06:57.920210,1.0,95.0,-38.8,43.1,49.95,37.6,239.0,False
2025-01-15T00:06:58.024041,2.0,7.6,-32.5,14.0,49.94,28.7,240.9,False
2025-01-15T00:09:57.768843,0.0,3.0,-0.8,1.3,50.0,42.1,238.0,False
2025-01-15T00:09:57.866529,1.0,3.0,0.8,1.3,50.0,37.4,239.2,False
2025-01-15T00:09:57.972886,2.0,1.5,-6.1,2.3,50.01,28.2,241.1,False
2025-01-15T00:12:45.770165,0.0,7.6,-3.8,3.8,50.02,42.5,237.8,False
2025-01-15T00:12:45.917626,1.0,3.0,0.8,1.3,50.01,38.1,239.2,False
2025-01-15T00:12:46.026783,2.0,3.0,-3.8,1.9,50.01,28.1,241.0,False
2025-01-15T00:15:45.770436,0.0,11.3,-5.3,5.1,50.02,42.4,237.6,False
2025-01-15T00:15:45.898959,1.0,1.5,0.8,0.8,50.02,37.6,238.9,False
2025-01-15T00:15:46.038052,2.0,3.0,1.5,1.4,50.01,28.7,240.8,False
2025-01-15T00:18:45.772108,0.0,3.8,-1.5,1.7,49.99,42.1,237.6,False
2025-01-15T00:18:45.883475,1.0,0.0,-3.0,1.2,49.99,38.4,238.8,False
2025-01-15T00:18:46.001000,2.0,1.5,-2.3,1.2,49.98,27.5,240.8,False
2025-01-15T00:21:45.773015,0.0,1.5,1.5,0.9,49.98,41.4,237.5,False
2025-01-15T00:21:45.901693,1.0,1.5,-0.8,0.8,49.97,38.5,238.8,False
2025-01-15T00:21:46.032927,2.0,0.0,-3.8,1.5,49.98,28.9,240.7,False
2025-01-15T00:24:45.774410,0.0,2.3,-0.8,0.7,50.02,42.2,238.0,False
2025-01-15T00:24:45.905152,1.0,0.8,-2.3,0.6,50.02,38.2,239.2,False
2025-01-15T00:24:46.040987,2.0,0.8,-4.5,1.4,50.01,27.8,241.2,False
2025-01-15T00:27:45.778213,0.0,3.0,-3.8,2.0,50.01,42.0,238.0,False
2025-01-15T00:27:45.907947,1.0,1.5,-0.8,0.7,50.02,38.0,239.3,False
2025-01-15T00:27:46.034355,2.0,1.5,-1.5,1.0,50.01,27.6,241.2,False
2025-01-15T00:30:45.779116,0.0,2.3,-5.3,2.2,49.97,41.3,237.8,False
2025-01-15T00:30:45.915854,1.0,3.0,-2.3,1.4,49.97,37.3,239.1,False
2025-01-15T00:30:46.046577,2.0,1.5,-1.5,1.1,49.97,28.2,241.0,False
2025-01-15T00:33:45.779154,0.0,3.0,-3.8,2.0,49.98,42.1,237.9,False
2025-01-15T00:33:45.908678,1.0,4.5,-3.0,2.2,49.99,38.9,239.2,False
2025-01-15T00:33:46.039699,2.0,0.0,-3.8,1.8,49.99,29.2,241.2,False
2025-01-15T00:36:45.781773,0.0,4.5,-3.0,1.9,50.0,41.9,238.2,False
2025-01-15T00:36:45.898771,1.0,0.0,-1.5,1.0,50.01,38.6,239.6,False
2025-01-15T00:36:46.017523,2.0,3.0,-3.0,1.6,50.0,28.2,241.5,False
2025-01-15T00:39:45.783984,0.0,4.5,0.8,2.2,50.01,41.3,238.6,False
2025-01-15T00:39:45.919057,1.0,1.5,-3.8,1.4,50.01,38.0,239.9,False
2025-01-15T00:39:46.038647,2.0,1.5,-2.3,0.8,50.01,28.0,241.9,False
2025-01-15T00:42:45.784349,0.0,1.5,-2.3,1.0,50.01,41.0,238.2,False
2025-01-15T00:42:45.910489,1.0,0.8,-5.3,1.7,50.01,38.9,239.4,False
2025-01-15T00:42:46.029131,2.0,1.5,-1.5,0.5,50.01,28.2,241.2,False
2025-01-15T00:45:45.790224,0.0,2.3,-2.3,1.1,49.99,41.1,238.4,False
2025-01-15T00:45:45.944532,1.0,0.0,-0.8,0.1,49.99,38.9,239.6,False
2025-01-15T00:45:46.077233,2.0,0.0,-2.3,0.7,49.99,27.2,241.5,False
2025-01-15T00:48:45.786524,0.0,1.5,-1.5,1.0,50.01,41.1,238.4,False
2025-01-15T00:48:45.930810,1.0,0.0,0.8,0.3,50.01,38.1,239.6,False
2025-01-15T00:48:46.061359,2.0,0.0,-0.8,0.3,50.0,27.2,241.5,False
2025-01-15T00:51:45.790977,0.0,3.0,-3.0,1.7,50.01,41.3,238.1,False
2025-01-15T00:51:45.918043,1.0,1.5,-0.8,0.6,50.02,37.9,239.4,False
2025-01-15T00:51:46.043798,2.0,3.0,0.0,1.3,50.02,27.8,241.3,False
2025-01-15T00:54:45.790047,0.0,5.3,2.3,2.4,50.02,41.0,238.1,False
2025-01-15T00:54:45.914583,1.0,3.0,-1.5,1.4,50.02,38.6,239.3,False
2025-01-15T00:54:46.028373,2.0,2.3,-3.8,1.8,50.02,29.0,241.3,False
2025-01-15T00:57:33.791316,0.0,3.8,3.8,2.2,50.02,41.5,237.6,False
2025-01-15T00:57:33.926960,1.0,2.3,-5.3,2.0,50.02,38.7,238.9,False
2025-01-15T00:57:34.054845,2.0,0.0,0.8,0.9,50.01,27.2,240.7,False
2025-01-15T01:00:33.799543,0.0,3.0,-0.0,1.2,49.98,41.3,237.5,False
2025-01-15T01:00:34.025520,1.0,3.0,-1.5,1.5,49.98,39.0,238.7,False
2025-01-15T01:00:34.176729,2.0,0.0,-4.5,1.8,49.97,28.6,240.7,False
2025-01-15T01:03:33.794379,0.0,0.8,-2.3,0.4,49.96,41.3,237.1,False
2025-01-15T01:03:33.941850,1.0,1.5,-3.0,1.0,49.96,39.2,238.4,False
2025-01-15T01:03:34.072585,2.0,0.8,-0.8,0.4,49.95,28.0,240.3,False
2025-01-15T01:06:33.800078,0.0,6.1,-12.9,6.0,49.95,41.9,237.1,False
2025-01-15T01:06:33.927354,1.0,0.8,-12.9,5.3,49.96,39.2,238.3,False
2025-01-15T01:06:34.061927,2.0,5.3,-12.9,5.7,49.95,27.9,240.1,False
2025-01-15T01:09:33.795664,0.0,9.8,-12.9,6.9,50.0,41.5,237.0,False
2025-01-15T01:09:33.966231,1.0,0.8,-12.9,5.3,49.99,38.9,238.3,False
2025-01-15T01:09:34.099761,2.0,4.5,-14.4,6.2,50.0,27.7,240.1,False
2025-01-15T01:12:33.797307,0.0,3.8,0.8,1.7,50.02,41.4,237.2,False
2025-01-15T01:12:33.918594,1.0,0.0,-1.5,0.5,50.02,39.2,238.4,False
2025-01-15T01:12:34.046939,2.0,0.8,0.0,0.3,50.02,28.1,240.3,False
2025-01-15T01:15:33.814985,0.0,20.4,-43.9,20.6,50.02,41.1,237.4,False
2025-01-15T01:15:34.020750,1.0,95.0,-38.8,43.1,50.02,38.2,238.6,False
2025-01-15T01:15:34.161998,2.0,6.8,-32.5,14.0,50.03,27.9,240.5,False
2025-01-15T01:18:33.797535,0.0,18.2,-31.0,14.6,49.98,41.3,236.9,False
2025-01-15T01:18:33.928464,1.0,2.3,-25.0,10.1,49.97,38.7,238.1,False
2025-01-15T01:18:34.055155,2.0,4.5,-28.7,11.6,49.98,27.9,240.1,False
2025-01-15T01:21:33.819438,0.0,32.5,-60.5,28.7,50.0,41.2,237.1,False
2025-01-15T01:21:34.002419,1.0,95.0,-38.8,43.1,50.0,38.8,238.4,False
2025-01-15T01:21:34.151559,2.0,77.0,40.9,36.2,50.02,27.7,240.3,False
2025-01-15T01:24:33.803012,0.0,15.9,-31.8,14.9,50.01,42.1,237.1,False
2025-01-15T01:24:33.930762,1.0,6.1,-21.9,9.4,50.01,38.1,238.3,False
2025-01-15T01:24:34.058053,2.0,3.0,-24.2,10.1,50.02,27.9,240.2,False
2025-01-15T01:24:57.812991,0.0,24.2,-44.6,21.3,50.01,41.7,237.1,False
2025-01-15T01:24:57.907981,2.0,246.2,684.8,302.2,50.0,27.7,240.3,False
2025-01-15T01:24:58.022187,2.0,246.2,684.8,302.2,50.0,27.7,240.3,False
2025-01-15T01:27:57.802112,0.0,2.3,-1.5,1.1,49.99,41.6,237.1,False
2025-01-15T01:27:57.953313,1.0,0.8,-3.0,1.3,49.98,38.0,238.4,False
2025-01-15T01:27:58.084806,2.0,3.0,0.0,1.3,50.0,28.7,240.3,False
2025-01-15T01:30:57.802507,0.0,2.3,-1.5,1.2,49.96,41.1,236.9,False
2025-01-15T01:30:57.933079,1.0,1.5,-5.3,1.9,49.96,38.5,238.1,False
2025-01-15T01:30:58.062222,2.0,3.0,-0.0,1.2,49.96,28.5,240.1,False
2025-01-15T01:33:57.805018,0.0,0.8,-3.0,1.4,49.96,41.3,236.8,False
2025-01-15T01:33:57.929292,1.0,3.0,1.5,1.4,49.95,39.3,238.1,False
2025-01-15T01:33:58.042184,2.0,1.5,-1.5,0.8,49.96,27.8,240.0,False
2025-01-15T01:36:45.804295,0.0,5.3,-4.5,1.9,49.99,42.2,237.5,False
2025-01-15T01:36:45.901972,1.0,0.8,-5.3,1.4,50.0,38.5,238.8,False
2025-01-15T01:36:45.992642,2.0,0.8,-3.8,0.8,49.99,27.3,240.7,False
2025-01-15T01:39:45.815292,0.0,8.3,1.5,3.7,49.99,41.7,237.8,False
2025-01-15T01:39:45.908833,1.0,1.5,-3.0,1.2,49.99,38.6,239.1,False
2025-01-15T01:39:45.999288,2.0,0.0,2.3,1.2,50.0,28.7,241.0,False
2025-01-15T01:42:45.805946,0.0,4.5,0.0,1.7,50.0,41.2,238.2,False
2025-01-15T01:42:45.921678,1.0,3.0,-2.3,1.9,50.01,38.6,239.4,False
2025-01-15T01:42:46.024646,2.0,0.8,-6.1,2.2,50.01,27.3,241.3,False
2025-01-15T01:45:45.807855,0.0,0.8,-3.0,1.4,50.02,41.6,238.1,False
2025-01-15T01:45:45.923493,1.0,3.0,-0.8,1.3,50.01,39.0,239.3,False
2025-01-15T01:45:46.035701,2.0,0.8,-3.0,1.2,50.01,27.4,241.2,False
2025-01-15T01:48:45.809589,0.0,1.5,-0.0,0.8,50.01,41.1,238.3,False
2025-01-15T01:48:45.955337,1.0,0.8,-3.0,1.1,50.01,38.7,239.6,False
2025-01-15T01:48:46.070122,2.0,2.3,-1.5,0.9,50.01,27.6,241.5,False
2025-01-15T01:51:45.809720,0.0,3.8,-3.0,1.9,50.01,41.2,238.2,False
2025-01-15T01:51:45.932586,1.0,0.8,-1.5,0.8,50.01,38.0,239.5,False
2025-01-15T01:51:46.030726,2.0,2.3,-1.5,1.1,50.02,27.8,241.4,False
2025-01-15T01:54:45.811657,0.0,0.8,-1.5,0.2,50.03,41.3,238.6,False
2025-01-15T01:54:46.241236,1.0,0.0,-1.5,0.3,50.01,37.6,239.8,False
2025-01-15T01:54:46.367063,2.0,0.8,-0.8,0.4,50.02,28.8,241.7,False
2025-01-15T01:57:45.812596,0.0,0.8,-2.3,0.7,49.98,41.7,238.1,False
2025-01-15T01:57:45.897855,1.0,0.0,-2.3,0.5,49.98,38.3,239.3,False
2025-01-15T01:57:45.988773,2.0,0.0,-1.5,0.1,49.98,28.8,241.2,False
2025-01-15T02:00:45.814945,0.0,1.5,-1.5,0.9,49.96,41.1,237.9,False
2025-01-15T02:00:45.947641,1.0,1.5,-3.0,1.2,49.96,38.5,239.2,False
2025-01-15T02:00:46.081720,2.0,0.0,-1.5,0.9,49.96,27.8,241.0,False
2025-01-15T02:03:45.814785,0.0,1.5,-0.0,0.6,49.97,41.2,237.8,False
2025-01-15T02:03:45.939322,1.0,1.5,-0.8,0.7,49.97,38.7,239.1,False
2025-01-15T02:03:46.057286,2.0,0.0,-1.5,0.6,49.98,27.9,241.0,False
2025-01-15T02:06:45.837827,0.0,53.7,-98.3,47.4,49.98,41.2,238.0,False
2025-01-15T02:06:45.961956,1.0,95.0,-38.8,43.1,49.98,39.7,239.4,False
2025-01-15T02:06:46.077462,2.0,77.0,40.9,36.2,49.97,27.9,241.2,False
2025-01-15T02:09:45.834317,0.0,46.9,-89.2,41.7,50.03,41.4,238.5,False
2025-01-15T02:09:45.973333,1.0,95.0,-38.8,43.1,50.02,38.8,239.9,False
2025-01-15T02:09:46.108670,2.0,246.2,684.8,302.2,50.02,27.2,241.8,False
2025-01-15T02:09:46.236079,2.0,246.2,684.8,302.2,50.02,27.2,241.8,False
2025-01-15T02:12:45.836488,0.0,18.2,-34.0,15.4,50.0,41.5,238.0,False
2025-01-15T02:12:45.936351,1.0,5.3,-21.9,8.9,50.0,38.5,239.3,False
2025-01-15T02:12:46.034366,2.0,2.3,-28.0,11.1,50.0,28.8,241.2,False
2025-01-15T02:15:45.832865,0.0,25.7,-46.9,22.4,49.99,41.4,238.0,False
2025-01-15T02:15:45.960708,1.0,7.6,-32.5,13.9,50.01,39.0,239.4,False
2025-01-15T02:15:46.089059,2.0,77.0,40.9,36.2,50.0,27.7,241.2,False
2025-01-15T02:18:45.824666,0.0,2.3,0.0,0.9,50.01,41.7,238.1,False
2025-01-15T02:18:45.967103,1.0,0.0,-0.8,0.4,50.01,39.1,239.4,False
2025-01-15T02:18:46.105466,2.0,0.8,-1.5,0.7,50.01,26.9,241.3,False
2025-01-15T02:21:45.822736,0.0,0.0,-3.8,1.5,50.01,41.4,238.0,False
2025-01-15T02:21:45.947860,1.0,3.0,-0.0,1.2,50.01,38.3,239.3,False
2025-01-15T02:21:46.049582,2.0,3.0,0.0,1.3,50.01,27.4,241.2,False
2025-01-15T02:24:45.822845,0.0,1.5,-0.8,0.7,50.01,41.6,237.9,False
2025-01-15T02:24:45.956856,1.0,0.8,-0.8,0.6,50.02,38.9,239.1,False
2025-01-15T02:24:46.080054,2.0,0.0,0.8,0.1,50.02,27.9,241.1,False
2025-01-15T02:27:45.827967,0.0,11.3,0.0,5.1,49.99,43.1,237.5,False
2025-01-15T02:27:45.946641,1.0,0.8,-3.8,1.3,49.98,38.9,238.8,False
2025-01-15T02:27:46.061969,2.0,2.3,-1.5,0.9,49.97,27.3,240.7,False
2025-01-15T02:30:45.826223,0.0,14.4,-2.3,5.9,50.0,41.9,237.3,False
2025-01-15T02:30:45.965683,1.0,1.5,-3.0,1.6,49.99,39.1,238.7,False
2025-01-15T02:30:46.088305,2.0,2.3,-4.5,2.0,50.0,28.9,240.5,False
2025-01-15T02:33:45.828052,0.0,3.8,-1.5,1.7,49.99,41.5,237.2,False
2025-01-15T02:33:45.953422,1.0,2.3,-1.5,1.0,49.98,37.9,238.5,False
2025-01-15T02:33:46.086647,2.0,0.8,-3.0,1.4,49.99,28.3,240.5,False
2025-01-15T02:36:45.829936,0.0,0.8,-2.3,0.7,50.0,42.1,237.6,False
2025-01-15T02:36:45.938210,1.0,1.5,-0.8,0.6,50.01,38.8,238.9,False
2025-01-15T02:36:46.034988,2.0,1.5,0.0,0.8,50.0,28.5,240.7,False
2025-01-15T02:39:33.830938,0.0,0.8,-1.5,0.7,50.0,42.2,237.6,False
2025-01-15T02:39:34.008136,1.0,0.8,-1.5,0.6,50.0,38.1,239.0,False
2025-01-15T02:39:34.132738,2.0,0.0,-1.5,0.5,50.0,28.0,240.8,False
2025-01-15T02:42:33.831320,0.0,1.5,-15.1,6.1,50.02,43.6,237.4,False
2025-01-15T02:42:33.962488,1.0,3.8,-12.1,5.0,50.02,37.7,238.7,False
2025-01-15T02:42:34.102292,2.0,0.0,-11.3,4.5,50.01,28.2,240.7,False
2025-01-15T02:45:33.845297,0.0,40.8,-53.7,28.8,50.02,41.4,237.7,False
2025-01-15T02:45:33.998703,1.0,95.0,-38.8,43.1,50.04,38.5,239.0,False
2025-01-15T02:45:34.121777,2.0,77.0,40.9,36.2,50.02,28.4,240.9,False
2025-01-15T02:48:33.844202,0.0,40.8,-74.1,35.3,50.0,41.6,237.9,False
2025-01-15T02:48:33.972434,1.0,95.0,-38.8,43.1,50.0,38.3,239.2,False
2025-01-15T02:48:34.096372,2.0,246.2,684.8,302.2,50.01,27.6,241.2,False
2025-01-15T02:48:34.218466,2.0,246.2,684.8,302.2,50.01,27.6,241.2,False
2025-01-15T02:51:33.834552,0.0,1.5,-2.3,1.4,50.0,42.0,238.0,False
2025-01-15T02:51:33.966332,1.0,1.5,-1.5,0.8,50.0,38.1,239.3,False
2025-01-15T02:51:34.112109,2.0,1.5,-0.8,0.6,49.99,28.3,241.3,False
2025-01-15T02:54:33.835942,0.0,1.5,-1.5,0.9,50.01,41.8,238.0,False
2025-01-15T02:54:33.966018,1.0,2.3,0.0,0.9,50.0,38.9,239.4,False
2025-01-15T02:54:34.152485,2.0,1.5,-2.3,1.1,50.0,28.5,241.3,False
2025-01-15T02:57:33.844065,0.0,11.3,2.3,4.9,50.02,44.1,237.9,False
2025-01-15T02:57:34.021503,1.0,3.8,-0.8,1.6,50.02,37.9,239.2,False
2025-01-15T02:57:34.152972,2.0,0.8,-2.3,1.1,50.01,27.9,241.1,False
2025-01-15T03:00:33.838649,0.0,12.1,-1.5,4.7,49.99,42.3,237.4,False
2025-01-15T03:00:33.987372,1.0,3.0,2.3,1.5,50.0,39.1,238.8,False
2025-01-15T03:00:34.145101,2.0,0.8,-5.3,1.7,50.0,28.5,240.7,False
2025-01-15T03:03:33.842183,0.0,2.3,-1.5,1.3,50.04,43.1,237.3,False
2025-01-15T03:03:33.982267,1.0,1.5,0.0,0.7,50.03,38.9,238.6,False
2025-01-15T03:03:34.141467,2.0,0.8,-1.5,0.5,50.04,28.1,240.5,False
2025-01-15T03:06:33.841317,0.0,2.3,-4.5,2.0,50.02,43.2,237.1,False
2025-01-15T03:06:33.992362,1.0,3.8,-3.8,2.1,50.02,38.4,238.4,False
2025-01-15T03:06:34.143588,2.0,0.0,-2.3,1.3,50.01,27.2,240.1,False
2025-01-15T03:09:33.841981,0.0,2.3,-0.0,0.9,49.99,43.3,236.6,False
2025-01-15T03:09:33.967505,1.0,3.0,1.5,1.4,49.99,38.8,238.0,False
2025-01-15T03:09:34.110287,2.0,2.3,-3.0,1.3,49.99,27.1,239.9,False
2025-01-15T03:12:33.844067,0.0,2.3,-0.8,1.1,49.96,42.2,236.5,False
2025-01-15T03:12:33.967753,1.0,2.3,0.8,0.9,49.96,39.3,237.9,False
2025-01-15T03:12:34.109031,2.0,0.0,-1.5,0.8,49.96,27.5,239.8,False
2025-01-15T03:15:33.844194,0.0,0.8,-3.0,0.9,49.99,43.1,237.0,False
2025-01-15T03:15:33.993632,1.0,1.5,-2.3,0.7,49.99,38.8,238.4,False
2025-01-15T03:15:34.143013,2.0,0.0,-1.5,0.2,50.0,27.0,240.2,False
2025-01-15T03:18:33.845964,0.0,0.8,-1.5,0.6,50.0,43.0,236.9,False
2025-01-15T03:18:33.983531,1.0,0.8,0.8,0.5,50.0,38.2,238.3,False
2025-01-15T03:18:34.124245,2.0,1.5,0.8,0.7,49.99,27.3,240.1,False
2025-01-15T03:21:33.846299,0.0,0.8,-1.5,0.6,49.99,42.7,237.2,False
2025-01-15T03:21:33.981528,1.0,1.5,-1.5,0.7,50.0,38.7,238.6,False
2025-01-15T03:21:34.119477,2.0,0.0,0.0,0.3,49.99,28.2,240.4,False
2025-01-15T03:24:33.849634,0.0,2.3,-0.8,0.8,49.98,43.7,237.3,False
2025-01-15T03:24:34.032713,1.0,0.8,-0.8,0.4,49.99,39.1,238.7,False
2025-01-15T03:24:34.186440,2.0,0.0,-1.5,0.5,49.98,27.8,240.5,False
2025-01-15T03:27:33.849052,0.0,10.6,-3.8,4.5,49.99,44.1,237.5,False
2025-01-15T03:27:33.982542,1.0,0.0,-1.5,0.8,49.97,39.1,238.9,False
2025-01-15T03:27:34.133827,2.0,1.5,-0.8,0.7,49.97,27.5,240.7,False
2025-01-15T03:30:21.868112,0.0,29.5,-30.3,18.0,49.99,42.9,237.6,False
2025-01-15T03:30:22.023895,1.0,3.0,-18.9,8.1,49.98,38.8,239.0,False
2025-01-15T03:30:22.143459,2.0,2.3,-25.7,10.9,49.99,29.0,241.0,False
2025-01-15T03:33:21.851262,0.0,15.1,-28.7,13.4,49.99,42.7,237.8,False
2025-01-15T03:33:21.967501,1.0,3.8,-25.0,10.4,50.0,37.9,239.2,False
2025-01-15T03:33:22.095775,2.0,6.1,-25.7,10.8,49.99,28.0,241.2,False
2025-01-15T03:36:21.852239,0.0,3.0,-2.3,0.9,49.99,43.2,238.4,False
2025-01-15T03:36:21.958467,1.0,1.5,0.8,1.1,50.0,38.4,239.6,False
2025-01-15T03:36:22.057535,2.0,2.3,-5.3,2.0,50.0,27.2,241.6,False
2025-01-15T03:39:21.855614,0.0,0.0,-2.3,0.9,49.99,42.8,238.4,False
2025-01-15T03:39:22.040591,1.0,1.5,0.0,0.6,49.98,38.9,239.7,False
2025-01-15T03:39:22.177676,2.0,0.8,-1.5,0.7,49.99,27.3,241.6,False
2025-01-15T03:42:21.854440,0.0,1.5,-2.3,1.1,49.99,42.7,238.3,False
2025-01-15T03:42:21.962942,1.0,0.0,0.8,0.4,50.0,37.9,239.7,False
2025-01-15T03:42:22.084367,2.0,1.5,0.0,0.6,50.0,27.6,241.6,False
2025-01-15T03:45:21.857180,0.0,4.5,-0.8,2.0,49.99,42.5,238.4,False
2025-01-15T03:45:21.950511,1.0,0.0,-2.3,1.0,50.0,38.2,239.6,False
2025-01-15T03:45:22.051615,2.0,2.3,0.8,1.0,49.99,28.3,241.6,False
2025-01-15T03:48:21.857114,0.0,1.5,-1.5,1.0,50.01,43.4,238.3,False
2025-01-15T03:48:21.986581,1.0,1.5,1.5,0.9,50.0,39.1,239.7,False
2025-01-15T03:48:22.103713,2.0,3.0,-1.5,1.4,50.0,28.2,241.6,False
2025-01-15T03:51:21.857405,0.0,2.3,-0.8,1.0,49.98,42.8,238.3,False
2025-01-15T03:51:21.975819,1.0,3.0,-0.8,1.3,49.98,38.4,239.6,False
2025-01-15T03:51:22.106484,2.0,0.8,-2.3,1.1,49.97,28.1,241.5,False
2025-01-15T03:54:21.858641,0.0,2.3,2.3,0.9,49.98,44.3,238.0,False
2025-01-15T03:54:21.985907,1.0,1.5,-0.8,0.7,49.97,38.2,239.2,False
2025-01-15T03:54:22.109168,2.0,0.8,-2.3,0.7,49.98,27.6,241.1,False
2025-01-15T03:57:21.861779,0.0,3.0,-3.0,1.6,50.03,44.5,238.1,False
2025-01-15T03:57:22.007861,1.0,1.5,-1.5,0.8,50.03,38.7,239.4,False
2025-01-15T03:57:22.118523,2.0,0.0,0.8,0.5,50.02,28.0,241.4,False
2025-01-15T04:00:21.863021,0.0,0.8,-0.8,0.7,50.02,43.5,238.3,False
2025-01-15T04:00:21.978339,1.0,3.8,-2.3,2.0,50.03,37.7,239.6,False
2025-01-15T04:00:22.117062,2.0,0.8,-4.5,1.8,50.03,26.6,241.4,False
2025-01-15T04:03:21.864628,0.0,3.0,-2.3,1.8,50.0,43.8,237.8,False
2025-01-15T04:03:22.040503,1.0,4.5,1.5,2.0,50.0,38.4,239.2,False
2025-01-15T04:03:22.183341,2.0,3.0,-4.5,1.9,49.99,26.6,241.0,False
2025-01-15T04:06:21.865185,0.0,6.8,1.5,2.9,50.02,44.5,237.8,False
2025-01-15T04:06:21.987774,1.0,1.5,-0.8,0.7,50.02,38.2,239.3,False
2025-01-15T04:06:22.119199,2.0,2.3,-0.8,0.9,50.03,26.8,241.2,False
2025-01-15T04:09:21.865193,0.0,5.3,-3.8,2.9,50.02,45.1,238.0,False
2025-01-15T04:09:21.998044,1.0,2.3,0.8,1.0,50.01,37.7,239.4,False
2025-01-15T04:09:22.125855,2.0,0.8,-2.3,0.8,50.02,27.2,241.3,False
2025-01-15T04:12:21.867378,0.0,1.5,-0.0,1.0,50.0,42.8,237.2,False
2025-01-15T04:12:21.969801,1.0,0.0,-3.8,0.9,50.0,38.2,238.6,False
2025-01-15T04:12:22.076577,2.0,0.0,-5.3,1.4,49.99,28.2,240.5,False
2025-01-15T04:15:09.867823,0.0,2.3,-2.3,1.1,49.97,42.5,237.4,False
2025-01-15T04:15:09.973377,1.0,1.5,0.0,0.6,49.98,38.0,238.7,False
2025-01-15T04:15:10.097493,2.0,0.0,0.8,0.3,49.98,27.2,240.5,False
2025-01-15T04:18:09.869177,0.0,0.8,-1.5,0.6,50.0,43.3,237.4,False
2025-01-15T04:18:09.977490,1.0,1.5,0.8,0.8,49.99,38.9,238.9,False
2025-01-15T04:18:10.097600,2.0,2.3,-0.8,1.1,49.99,27.1,240.7,False
2025-01-15T04:21:09.870986,0.0,9.1,0.8,3.7,50.03,45.2,237.6,False
2025-01-15T04:21:10.001719,1.0,3.0,-0.0,1.3,50.03,38.8,239.0,False
2025-01-15T04:21:10.114031,2.0,0.0,-3.0,1.2,50.04,27.4,240.8,False
2025-01-15T04:24:09.873323,0.0,9.8,-0.8,4.0,50.01,43.4,237.4,False
2025-01-15T04:24:10.019526,1.0,1.5,0.8,0.7,50.02,39.4,238.8,False
2025-01-15T04:24:10.158221,2.0,0.8,-2.3,0.8,50.02,27.1,240.6,False
2025-01-15T04:27:09.875901,0.0,0.8,-2.3,0.9,50.02,42.8,237.3,False
2025-01-15T04:27:09.988939,1.0,3.0,-0.0,1.2,50.01,36.9,238.7,False
2025-01-15T04:27:10.114290,2.0,3.0,-3.0,1.8,50.03,26.2,240.5,False
2025-01-15T04:30:09.880492,0.0,2.3,-0.8,1.1,50.02,43.4,236.9,False
2025-01-15T04:30:10.085961,1.0,3.8,1.5,1.7,50.01,38.3,238.4,False
2025-01-15T04:30:10.239518,2.0,2.3,-5.3,2.0,50.02,26.6,240.2,False
2025-01-15T04:33:09.875891,0.0,1.5,-2.3,1.0,49.98,42.9,236.8,False
2025-01-15T04:33:09.999872,1.0,2.3,2.3,1.4,49.98,36.3,238.3,False
2025-01-15T04:33:10.145371,2.0,3.8,0.0,1.6,49.99,27.1,240.2,False
2025-01-15T04:36:09.876579,0.0,4.5,-6.1,2.1,50.0,43.2,237.6,False
2025-01-15T04:36:10.000200,1.0,1.5,-1.5,0.5,50.0,37.3,239.0,False
2025-01-15T04:36:10.130071,2.0,2.3,-4.5,1.6,50.0,27.3,240.9,False
2025-01-15T04:39:09.953664,1.0,1.5,0.8,0.7,49.98,38.2,239.0,False
2025-01-15T04:39:10.076439,2.0,1.5,-2.3,0.9,49.97,26.5,240.7,False
2025-01-15T04:42:09.880189,0.0,3.8,3.8,2.3,49.98,43.5,237.4,False
2025-01-15T04:42:10.031054,1.0,5.3,-1.5,2.3,49.97,36.2,239.0,False
2025-01-15T04:42:10.162737,2.0,1.5,-6.1,2.6,49.98,25.3,240.8,False
2025-01-15T04:45:09.884144,0.0,4.5,-1.5,1.8,50.01,43.3,237.2,False
2025-01-15T04:45:10.009234,1.0,2.3,-0.8,1.1,50.01,37.1,238.8,False
2025-01-15T04:45:10.137940,2.0,0.8,-5.3,2.0,50.0,26.0,240.5,False
2025-01-15T04:48:09.881809,0.0,2.3,-0.8,0.8,49.99,43.4,237.4,False
2025-01-15T04:48:09.996919,1.0,0.8,0.8,0.4,49.98,36.0,238.9,False
2025-01-15T04:48:10.118698,2.0,2.3,-3.0,1.3,49.99,25.2,240.8,False
2025-01-15T04:51:09.889548,0.0,3.8,-2.3,1.9,49.99,43.6,237.2,False
2025-01-15T04:51:10.062093,1.0,3.8,-0.8,1.6,49.98,36.7,238.8,False
2025-01-15T04:51:10.174260,2.0,0.8,-4.5,1.8,49.99,26.8,240.7,False
2025-01-15T04:54:09.901340,0.0,26.5,-46.1,22.2,49.97,43.3,237.1,False
2025-01-15T04:54:10.036935,1.0,7.6,-31.8,13.7,49.98,36.3,238.9,False
2025-01-15T04:54:10.171690,2.0,4.5,-37.8,15.7,49.97,26.8,240.6,False
2025-01-15T04:57:09.897559,0.0,24.2,-45.4,22.1,50.02,43.7,236.8,False
2025-01-15T04:57:10.037500,1.0,9.8,-31.8,14.2,50.0,36.8,238.6,False
2025-01-15T04:57:10.158610,2.0,2.3,-34.0,14.4,50.01,25.6,240.3,False
2025-01-15T05:00:09.909360,0.0,1.5,2.3,1.8,50.04,45.4,237.3,False
2025-01-15T05:00:10.134272,1.0,0.8,-4.5,1.4,50.05,38.7,239.2,False
2025-01-15T05:00:10.313658,2.0,0.8,-2.3,0.4,50.05,27.3,241.0,False
2025-01-15T05:02:57.887471,0.0,0.8,-9.8,3.4,50.06,44.7,238.0,False
2025-01-15T05:02:58.000983,1.0,3.0,1.5,1.2,50.06,36.2,239.7,False
2025-01-15T05:02:58.121200,2.0,0.8,-0.8,0.9,50.07,26.4,241.5,False
2025-01-15T05:06:20.433095,0.0,391.8,-731.3,350.1,50.03,45.0,237.2,False
2025-01-15T05:06:20.597623,1.0,129.3,-580.8,249.3,50.04,36.4,238.8,False
2025-01-15T05:06:20.734631,2.0,111.9,-595.2,251.8,50.03,25.5,240.7,False
2025-01-15T05:09:20.472900,1.0,3.0,0.8,1.4,50.01,34.9,238.3,False
2025-01-15T05:09:20.621028,2.0,3.0,0.8,1.3,50.01,26.2,240.3,False
2025-01-15T05:12:20.436276,0.0,4.5,-1.5,2.2,49.96,45.9,236.5,False
2025-01-15T05:12:20.582787,1.0,5.3,3.0,2.5,49.96,38.7,238.3,False
2025-01-15T05:12:20.694507,2.0,5.3,-5.3,2.8,49.95,27.3,240.0,False
2025-01-15T05:15:20.434238,0.0,3.0,-1.5,1.7,50.0,44.6,236.7,False
2025-01-15T05:15:20.537713,1.0,3.0,0.8,1.3,50.01,38.0,238.4,False
2025-01-15T05:15:20.639583,2.0,2.3,-6.1,2.4,50.0,26.0,240.2,False
2025-01-15T05:18:08.434079,0.0,1.5,0.8,1.0,50.02,43.7,237.1,False
2025-01-15T05:18:08.565029,1.0,1.5,-2.3,0.9,50.02,37.1,238.8,False
2025-01-15T05:18:08.697325,2.0,1.5,0.0,0.7,50.01,26.8,240.7,False
2025-01-15T05:21:08.434987,0.0,2.3,3.8,1.6,50.0,44.7,236.7,False
2025-01-15T05:21:08.561822,1.0,2.3,-0.8,1.1,50.0,37.5,238.6,False
2025-01-15T05:21:08.691599,2.0,2.3,-3.0,1.5,50.01,28.0,240.5,False
2025-01-15T05:24:08.435898,0.0,0.8,-3.8,1.4,49.98,44.6,236.9,False
2025-01-15T05:24:08.561521,1.0,0.0,-3.8,1.6,49.98,38.3,238.7,False
2025-01-15T05:24:08.676596,2.0,5.3,1.5,2.3,49.97,26.2,240.5,False
2025-01-15T05:27:08.439131,0.0,3.0,0.0,1.5,49.99,44.2,236.6,False
2025-01-15T05:27:08.579052,1.0,1.5,-3.0,1.2,49.99,38.6,238.4,False
2025-01-15T05:27:08.708176,2.0,1.5,-0.8,0.6,49.99,26.4,240.1,False
2025-01-15T05:30:08.439852,0.0,0.8,-3.0,1.5,50.04,44.7,236.8,False
2025-01-15T05:30:08.577125,1.0,1.5,2.3,1.1,50.03,37.2,238.5,False
2025-01-15T05:30:08.702801,2.0,2.3,-4.5,1.9,50.02,26.1,240.3,False
2025-01-15T05:33:08.440894,0.0,2.3,-2.3,1.5,50.03,45.1,236.5,False
2025-01-15T05:33:08.614291,1.0,2.3,-0.0,1.1,50.02,36.6,238.2,False
2025-01-15T05:33:08.753146,2.0,0.0,-3.8,1.3,50.03,25.1,240.0,False
2025-01-15T05:36:08.444090,0.0,6.8,2.3,3.4,49.97,46.9,235.8,False
2025-01-15T05:36:08.572660,1.0,0.0,-1.5,0.1,49.98,35.9,237.6,False
2025-01-15T05:36:08.684439,2.0,0.8,-5.3,1.6,49.98,25.1,239.4,False
2025-01-15T05:39:08.520619,1.0,3.0,-5.3,1.3,49.98,34.8,236.3,False
2025-01-15T05:39:08.698345,2.0,1.5,-3.0,0.9,49.98,25.4,238.1,False
2025-01-15T05:42:08.462811,0.0,32.5,-59.0,28.3,49.95,46.0,234.3,False
2025-01-15T05:42:08.598383,1.0,95.0,-38.8,43.1,49.94,35.4,236.1,False
2025-01-15T05:42:08.739159,2.0,7.6,-49.9,20.8,49.94,25.8,237.8,False
2025-01-15T05:45:08.507747,0.0,34.0,-61.3,29.0,49.97,45.0,234.8,False
2025-01-15T05:45:09.329379,1.0,95.0,-38.8,43.1,49.97,35.5,236.6,False
2025-01-15T05:45:10.204083,2.0,77.0,40.9,36.2,49.98,24.9,238.4,False
2025-01-15T05:48:08.447511,0.0,1.5,-3.8,1.6,49.97,45.2,234.9,False
2025-01-15T05:48:08.586348,1.0,2.3,-0.8,0.9,49.97,36.4,236.7,False
2025-01-15T05:48:08.726321,2.0,2.3,-2.3,1.4,49.97,25.7,238.5,False
2025-01-15T05:51:08.448132,0.0,6.8,0.8,2.9,49.97,47.2,234.9,False
2025-01-15T05:51:08.568585,1.0,1.5,0.8,0.7,49.98,35.0,236.7,False
2025-01-15T05:51:08.664879,2.0,0.0,-1.5,0.5,49.98,24.7,238.6,False
2025-01-15T05:54:08.448990,0.0,6.1,-0.8,2.3,49.98,45.3,234.5,False
2025-01-15T05:54:08.559280,1.0,0.8,6.1,2.2,49.98,38.0,236.4,False
2025-01-15T05:54:08.691382,2.0,3.0,-1.5,1.2,49.97,24.5,238.1,False
2025-01-15T05:57:08.469397,0.0,52.2,-87.7,43.4,50.02,45.1,234.4,False
2025-01-15T05:57:08.644670,1.0,95.0,-38.8,43.1,50.01,36.5,236.4,False
2025-01-15T05:57:08.761216,2.0,77.0,40.9,36.2,50.02,25.7,238.1,False
2025-01-15T06:00:08.473591,0.0,46.9,-83.2,40.7,50.05,45.3,234.5,False
2025-01-15T06:00:08.666160,1.0,95.0,-38.8,43.1,50.05,35.8,236.4,False
2025-01-15T06:00:08.817786,2.0,246.2,684.8,302.2,50.06,25.4,238.1,False
2025-01-15T06:00:08.960044,2.0,246.2,684.8,302.2,50.06,25.4,238.1,False
2025-01-15T06:02:56.451834,0.0,3.0,-2.3,1.0,50.04,45.4,234.0,False
2025-01-15T06:02:56.564583,1.0,3.0,0.8,1.4,50.03,36.6,236.0,False
2025-01-15T06:02:56.680964,2.0,0.8,-6.1,2.1,50.04,26.5,237.6,False
2025-01-15T06:05:56.452229,0.0,6.8,-13.6,2.0,50.0,46.3,237.0,False
2025-01-15T06:05:56.602364,1.0,1.5,-14.4,3.3,50.0,34.7,238.9,False
2025-01-15T06:05:56.760276,2.0,1.5,-16.6,3.8,50.01,26.7,240.7,False
2025-01-15T06:08:56.528135,1.0,1.5,-1.5,0.8,49.97,35.6,239.1,False
2025-01-15T06:08:56.666896,2.0,0.0,-1.5,0.8,49.97,26.6,240.8,False
2025-01-15T06:11:56.454211,0.0,2.3,-5.3,1.9,49.97,45.7,236.2,False
2025-01-15T06:11:56.597285,1.0,1.5,-3.0,0.7,49.97,35.0,238.4,False
2025-01-15T06:11:56.732110,2.0,1.5,-1.5,0.8,49.96,26.4,240.1,False
2025-01-15T06:14:56.459727,0.0,3.8,-2.3,1.5,49.98,45.2,236.6,False
2025-01-15T06:14:56.634478,1.0,0.8,-1.5,0.9,49.98,35.6,238.6,False
2025-01-15T06:14:56.764025,2.0,2.3,-1.5,1.1,49.98,25.8,240.1,False
2025-01-15T06:17:56.469301,0.0,48.4,-90.0,42.0,49.98,45.5,235.6,False
2025-01-15T06:17:56.574667,1.0,95.0,-38.8,43.1,49.98,34.4,237.7,False
2025-01-15T06:17:56.707811,2.0,12.9,-74.1,30.6,49.98,25.6,239.3,False
2025-01-15T06:20:56.477014,0.0,45.4,-83.2,41.2,49.98,45.6,235.0,False
2025-01-15T06:20:56.660572,1.0,95.0,-38.8,43.1,49.98,35.9,237.0,False
2025-01-15T06:20:56.805591,2.0,77.0,40.9,36.2,49.98,26.4,238.7,False
2025-01-15T06:23:56.461344,0.0,0.8,0.0,0.3,49.98,46.6,234.9,False
2025-01-15T06:23:56.597225,1.0,1.5,-1.5,0.9,49.99,35.3,237.0,False
2025-01-15T06:23:56.730176,2.0,2.3,-0.8,1.0,49.98,26.2,238.7,False
2025-01-15T06:26:56.462138,0.0,1.5,-3.8,1.5,49.97,45.6,234.6,False
2025-01-15T06:26:56.583049,1.0,3.0,-3.8,1.7,49.97,35.8,236.6,False
2025-01-15T06:26:56.717769,2.0,1.5,-1.5,0.6,49.97,26.4,238.3,False
2025-01-15T06:29:56.464107,0.0,6.1,-4.5,2.6,49.96,46.0,234.1,False
2025-01-15T06:29:56.597098,1.0,0.8,-1.5,1.2,49.96,35.2,236.2,False
2025-01-15T06:29:56.753552,2.0,3.0,-6.1,2.6,49.96,27.4,238.0,False
2025-01-15T06:32:56.470987,0.0,7.6,4.5,3.8,49.98,43.4,234.1,False
2025-01-15T06:32:56.593985,1.0,5.3,-3.0,2.5,49.98,36.5,236.3,False
2025-01-15T06:32:56.715568,2.0,2.3,8.3,3.6,49.98,32.7,237.9,False
2025-01-15T06:35:56.466420,0.0,9.1,1.5,4.3,49.98,44.7,233.5,False
2025-01-15T06:35:56.626805,1.0,0.8,-5.3,1.7,49.98,36.5,235.6,False
2025-01-15T06:35:56.754610,2.0,3.0,-3.8,1.5,49.98,31.9,237.3,False
2025-01-15T06:38:56.541376,1.0,9.8,-1.5,4.4,49.97,35.7,236.1,False
2025-01-15T06:38:56.677152,2.0,1.5,-17.4,6.8,49.98,26.7,237.9,False
2025-01-15T06:41:56.469815,0.0,9.8,3.8,4.5,49.98,43.5,233.9,False
2025-01-15T06:41:56.622578,1.0,7.6,-0.8,3.3,49.98,36.4,235.9,False
2025-01-15T06:41:56.756944,2.0,0.8,-13.6,5.5,49.98,31.0,237.6,False
2025-01-15T06:44:56.469054,0.0,2.3,-1.5,1.4,49.99,43.1,233.3,False
2025-01-15T06:44:56.598716,1.0,0.8,-2.3,0.7,49.98,36.7,235.5,False
2025-01-15T06:44:56.726231,2.0,0.8,-1.5,0.4,49.99,31.0,237.0,False
2025-01-15T06:47:56.470187,0.0,2.3,-2.3,1.1,50.0,44.4,233.5,False
2025-01-15T06:47:56.582887,1.0,1.5,-4.5,2.1,50.01,38.1,235.5,False
2025-01-15T06:47:56.685212,2.0,3.0,-2.3,1.6,50.01,30.9,237.1,False
2025-01-15T06:50:56.473276,0.0,8.3,4.5,4.1,49.99,45.1,233.6,False
2025-01-15T06:50:56.642538,1.0,3.0,3.8,1.9,49.99,35.8,235.7,False
2025-01-15T06:50:56.766171,2.0,0.8,-9.1,3.7,49.99,26.1,237.3,False
2025-01-15T06:53:44.481985,0.0,7.6,2.3,3.3,49.98,43.1,233.4,False
2025-01-15T06:53:45.245545,1.0,3.0,2.3,1.5,49.99,37.4,235.4,False
2025-01-15T06:53:46.053105,2.0,1.5,-9.8,3.9,49.98,30.3,236.9,False
2025-01-15T06:56:44.476600,0.0,9.8,0.0,4.6,49.97,43.4,232.9,False
2025-01-15T06:56:44.613713,1.0,0.8,-3.8,1.2,49.97,36.4,235.0,False
2025-01-15T06:56:44.755864,2.0,1.5,0.8,0.9,49.98,28.7,236.6,False
2025-01-15T06:59:44.482266,0.0,3.8,-17.4,5.1,50.02,44.7,237.4,False
2025-01-15T06:59:44.624634,1.0,0.8,-25.0,6.1,50.01,36.4,239.5,False
2025-01-15T06:59:44.769130,2.0,2.3,-26.5,6.4,50.02,26.6,241.2,False
2025-01-15T07:02:44.479902,0.0,9.1,-4.5,3.4,50.03,41.6,236.6,False
2025-01-15T07:02:44.668267,1.0,2.3,-1.5,1.2,50.03,35.7,238.7,False
2025-01-15T07:02:44.794962,2.0,3.8,-12.9,4.8,50.04,30.8,240.3,False
2025-01-15T07:05:44.478793,0.0,3.0,-1.5,1.4,50.01,41.1,236.5,False
2025-01-15T07:05:44.610710,1.0,0.0,-3.8,1.4,50.02,36.6,238.5,False
2025-01-15T07:05:44.740113,2.0,3.8,-0.0,1.6,50.02,30.0,240.1,False
2025-01-15T07:08:44.554950,1.0,3.8,1.5,1.6,49.99,38.8,238.4,False
2025-01-15T07:08:44.736975,2.0,2.3,-2.3,1.4,49.98,31.8,240.0,False
2025-01-15T07:11:44.481089,0.0,7.6,3.0,3.5,49.99,41.7,236.2,False
2025-01-15T07:11:44.599749,1.0,0.8,2.3,1.2,49.99,35.6,238.2,False
2025-01-15T07:11:44.747637,2.0,3.0,-0.8,1.3,49.99,29.8,239.9,False
2025-01-15T07:14:44.492750,0.0,6.8,-2.3,2.9,49.97,41.1,236.0,False
2025-01-15T07:14:45.344858,1.0,0.0,0.0,0.1,49.98,36.3,238.1,False
2025-01-15T07:14:46.012157,2.0,0.8,0.0,0.4,49.98,31.0,239.8,False
2025-01-15T07:17:44.484923,0.0,6.1,-6.8,4.3,49.98,44.0,235.7,False
2025-01-15T07:17:44.602183,1.0,1.5,6.1,2.3,49.99,39.5,237.8,False
2025-01-15T07:17:44.722846,2.0,5.3,-3.0,2.3,49.98,31.7,239.5,False
2025-01-15T07:20:44.506597,0.0,43.9,-71.8,36.1,49.97,44.9,236.0,False
2025-01-15T07:20:44.636159,1.0,95.0,-38.8,43.1,49.96,40.6,238.1,False
2025-01-15T07:20:44.754046,2.0,77.0,40.9,36.2,49.97,29.7,239.7,False
2025-01-15T07:23:44.501182,0.0,39.3,-68.1,33.6,49.98,40.9,235.8,False
2025-01-15T07:23:44.649333,1.0,95.0,-38.8,43.1,49.99,37.6,238.0,False
2025-01-15T07:23:44.798731,2.0,77.0,40.9,36.2,49.99,29.6,239.4,False
2025-01-15T07:24:20.499979,0.0,34.8,-56.0,28.2,49.99,41.2,236.0,False
2025-01-15T07:24:20.652984,1.0,95.0,-38.8,43.1,49.99,37.4,238.1,False
2025-01-15T07:24:20.786665,2.0,77.0,40.9,36.2,49.98,30.5,239.6,False
2025-01-15T07:27:20.500809,0.0,34.0,-60.5,29.1,49.98,40.9,236.3,False
2025-01-15T07:27:20.613164,1.0,95.0,-38.8,43.1,49.98,36.3,238.3,False
2025-01-15T07:27:20.707819,2.0,77.0,40.9,36.2,49.98,28.3,239.8,False
2025-01-15T07:30:20.491059,0.0,1.5,-3.8,1.3,49.99,45.6,236.5,False
2025-01-15T07:30:20.677604,1.0,3.8,-0.8,1.6,50.0,40.5,238.5,False
2025-01-15T07:30:20.810400,2.0,5.3,-1.5,2.3,49.99,28.0,240.1,False
2025-01-15T07:33:08.490083,0.0,4.5,-3.0,1.8,49.97,40.9,236.1,False
2025-01-15T07:33:08.629730,1.0,2.3,-1.5,1.0,49.98,38.0,238.3,False
2025-01-15T07:33:08.773129,2.0,4.5,-6.1,2.9,49.96,29.3,239.7,False
2025-01-15T07:36:08.491127,0.0,2.3,-1.5,1.6,49.99,41.2,236.4,False
2025-01-15T07:36:08.638066,1.0,3.0,-6.1,2.6,49.99,36.0,238.5,False
2025-01-15T07:36:08.776845,2.0,4.5,-3.8,2.1,49.99,30.1,240.2,False
2025-01-15T07:39:08.569621,1.0,2.3,0.8,1.0,50.0,37.6,238.3,False
2025-01-15T07:39:08.738683,2.0,0.8,-4.5,1.6,50.02,31.8,239.9,False
2025-01-15T07:41:20.510045,0.0,37.1,-82.4,38.4,50.0,45.3,236.2,False
2025-01-15T07:41:20.640702,1.0,60.8,100.2,49.4,50.0,63.7,238.3,False
2025-01-15T07:41:20.763966,2.0,77.0,40.9,36.2,50.0,53.7,240.0,False
2025-01-15T07:41:20.859730,0.0,56.0,-89.2,44.6,49.99,45.9,236.3,False
2025-01-15T07:41:20.975112,1.0,94.3,-37.9,42.9,50.0,64.0,238.4,False
2025-01-15T07:41:21.098973,1.0,60.8,100.2,49.4,50.0,64.0,238.4,False
2025-01-15T07:41:21.210074,2.0,77.0,40.9,36.2,50.0,53.9,240.0,False
2025-01-15T07:41:32.513071,0.0,88.5,-7.6,37.7,50.0,45.3,236.3,False
2025-01-15T07:41:32.647664,1.0,95.0,-38.8,43.1,49.99,39.7,238.5,False
2025-01-15T07:41:32.758404,2.0,77.0,40.9,36.2,49.98,29.9,240.1,False
2025-01-15T07:41:44.566194,0.0,74.1,-100.6,52.9,50.01,45.9,236.5,False
2025-01-15T07:41:44.697226,1.0,94.3,-37.9,42.9,50.0,48.0,238.6,False
2025-01-15T07:41:44.822605,2.0,31.8,-124.8,53.8,50.0,35.3,240.2,False
2025-01-15T07:41:44.946507,0.0,72.6,-104.4,53.7,50.0,44.9,236.6,False
2025-01-15T07:41:45.085000,1.0,95.0,-38.8,43.1,50.01,40.6,238.7,False
2025-01-15T07:41:45.211976,2.0,77.0,40.9,36.2,50.0,29.9,240.3,False
2025-01-15T07:41:56.555158,1.0,94.3,-37.9,42.9,50.0,50.4,238.6,False
2025-01-15T07:41:56.681260,1.0,95.0,-38.8,43.1,50.0,50.4,238.6,False
2025-01-15T07:42:56.509488,0.0,63.5,-20.4,28.4,49.98,40.1,236.4,False
2025-01-15T07:43:20.511870,0.0,37.1,-5.3,15.5,49.98,39.7,236.7,False
2025-01-15T07:43:20.617706,1.0,94.3,-37.9,42.9,50.0,37.2,238.8,False
2025-01-15T07:43:32.510629,0.0,59.0,-6.1,24.8,49.98,40.3,236.4,False
2025-01-15T07:44:20.512809,0.0,37.8,-2.3,16.1,49.98,40.5,236.4,False
2025-01-15T07:44:44.514428,0.0,78.7,-15.9,34.0,49.98,40.4,236.4,False
2025-01-15T07:45:44.511649,0.0,63.5,-14.4,27.1,49.97,40.2,236.8,False
2025-01-15T07:45:44.593741,2.0,2.3,-1.5,0.9,49.98,29.5,240.4,False
2025-01-15T07:46:08.515792,0.0,62.8,-14.4,26.7,49.98,41.0,236.3,False
2025-01-15T07:46:20.515886,0.0,97.6,-17.4,41.9,49.98,40.2,236.4,False
2025-01-15T07:46:44.511816,0.0,66.6,-9.8,28.5,49.98,39.8,236.4,False
2025-01-15T07:46:44.617175,1.0,0.8,-0.0,0.3,49.98,36.0,238.5,False
2025-01-15T07:46:56.513990,0.0,49.9,-6.1,21.1,49.98,40.4,236.6,False
2025-01-15T07:46:56.629769,0.0,57.5,-6.8,24.5,49.98,40.4,236.6,False
2025-01-15T07:47:08.514551,0.0,69.6,-4.5,30.0,49.99,40.6,236.1,False
2025-01-15T07:47:20.514676,0.0,59.7,-7.6,25.5,49.98,40.3,236.0,False
2025-01-15T07:47:44.513940,0.0,56.7,-72.6,39.9,49.99,39.9,236.6,False
2025-01-15T07:47:44.622531,1.0,13.6,-57.5,25.4,49.99,36.2,238.7,False
2025-01-15T07:47:44.727681,2.0,77.0,40.9,36.2,49.98,29.2,240.3,False
2025-01-15T07:48:56.514454,0.0,98.3,-81.7,54.5,49.99,41.4,236.3,False
2025-01-15T07:48:56.655171,1.0,95.0,-38.8,43.1,49.99,37.1,238.3,False
2025-01-15T07:48:56.780802,2.0,77.0,40.9,36.2,49.99,30.3,240.0,False
2025-01-15T07:49:08.515897,0.0,80.2,-70.3,45.2,50.0,41.4,236.3,False
2025-01-15T07:49:08.658082,1.0,95.0,-38.8,43.1,50.0,37.7,238.2,False
2025-01-15T07:49:08.796055,2.0,77.0,40.9,36.2,50.01,31.0,239.9,False
2025-01-15T07:49:56.517725,0.0,93.0,-70.3,49.3,49.99,44.7,236.3,False
2025-01-15T07:49:56.649859,1.0,95.0,-38.8,43.1,49.98,38.7,238.3,False
2025-01-15T07:49:56.765479,2.0,77.0,40.9,36.2,49.99,30.0,240.0,False
2025-01-15T07:50:08.518255,0.0,49.2,-12.1,21.6,49.98,46.0,236.5,False
2025-01-15T07:50:08.652597,0.0,72.6,-18.9,31.5,49.97,43.9,236.7,False
2025-01-15T07:50:20.520853,0.0,77.1,-18.9,33.6,49.99,44.1,236.7,False
2025-01-15T07:50:56.519394,0.0,50.7,-13.6,22.4,49.98,44.4,236.5,False
2025-01-15T07:51:20.519341,0.0,55.2,-16.6,24.5,49.98,44.5,236.6,False
2025-01-15T07:54:20.511275,0.0,3.0,4.5,2.4,49.98,40.6,236.6,False
2025-01-15T07:54:20.620204,1.0,1.5,-2.3,1.1,49.98,36.5,238.6,False
2025-01-15T07:54:20.755226,2.0,1.5,1.5,0.8,49.98,29.1,240.1,False
2025-01-15T07:57:20.506242,0.0,8.3,-3.8,3.9,50.01,41.2,236.6,False
2025-01-15T07:57:20.620052,1.0,1.5,-3.0,1.4,50.01,35.9,238.6,False
2025-01-15T07:57:20.736037,2.0,1.5,-2.3,1.2,50.03,29.8,240.3,False
2025-01-15T07:57:56.522625,0.0,29.5,-41.6,21.5,49.99,40.1,236.4,False
2025-01-15T07:57:56.658571,1.0,95.0,-38.8,43.1,49.99,37.4,238.6,False
2025-01-15T07:57:56.768990,2.0,77.0,40.9,36.2,49.98,30.5,240.2,False
2025-01-15T07:58:44.525886,0.0,6.8,-59.7,25.0,50.01,41.1,236.7,False
2025-01-15T07:58:44.648865,1.0,95.0,-38.8,43.1,50.02,38.4,238.8,False
2025-01-15T07:58:44.796565,2.0,77.0,40.9,36.2,50.02,30.2,240.5,False
2025-01-15T08:00:44.603898,1.0,94.3,-37.9,42.9,50.01,49.8,239.0,False
2025-01-15T08:00:44.828092,1.0,95.0,-38.8,43.1,50.01,49.8,239.0,False
2025-01-15T08:00:44.992332,2.0,39.6,82.5,37.9,50.02,39.1,240.6,False
2025-01-15T08:01:08.524051,0.0,37.1,-9.1,16.2,50.01,42.5,236.8,False
2025-01-15T08:01:20.525662,0.0,70.3,-15.1,30.4,50.02,42.9,236.8,False
2025-01-15T08:01:20.677588,1.0,94.3,-37.9,42.9,50.02,38.3,238.8,False
2025-01-15T08:01:20.825656,2.0,77.0,40.9,36.2,50.03,28.3,240.5,False
2025-01-15T08:01:44.525447,0.0,83.9,-7.6,35.2,50.02,44.0,237.2,False
2025-01-15T08:01:44.659233,1.0,95.0,-38.8,43.1,50.02,62.7,239.2,False
2025-01-15T08:01:44.791292,2.0,77.0,40.9,36.2,50.01,52.7,240.9,False
2025-01-15T08:02:08.525471,0.0,87.0,-9.8,36.9,50.01,43.6,237.1,False
2025-01-15T08:02:08.663231,1.0,95.0,-38.8,43.1,50.0,38.9,239.2,False
2025-01-15T08:02:08.806277,2.0,77.0,40.9,36.2,50.02,29.3,240.8,False
2025-01-15T08:02:20.530360,0.0,95.3,-12.1,40.6,50.01,43.5,237.1,False
2025-01-15T08:02:20.667022,1.0,95.0,-38.8,43.1,50.01,62.7,239.2,False
2025-01-15T08:02:20.798562,2.0,77.0,40.9,36.2,50.02,53.7,240.7,False
2025-01-15T08:02:44.526988,0.0,54.5,-5.3,23.0,50.02,41.1,237.0,False
2025-01-15T08:02:44.664767,1.0,95.0,-38.8,43.1,50.03,47.3,239.0,False
2025-01-15T08:02:44.791079,2.0,77.0,40.9,36.2,50.02,39.8,240.7,False
2025-01-15T08:03:08.527251,0.0,28.0,-31.8,17.7,50.02,41.0,236.9,False
2025-01-15T08:03:44.600751,1.0,37.1,24.2,18.5,50.03,36.5,239.1,False
2025-01-15T08:03:44.723630,2.0,77.0,40.9,36.2,50.02,30.4,240.7,False
2025-01-15T08:06:08.529494,0.0,40.8,-42.4,24.8,50.0,41.1,236.7,False
2025-01-15T08:06:08.687154,1.0,37.8,-70.3,33.3,50.01,41.4,238.8,False
2025-01-15T08:06:08.822614,2.0,77.0,40.9,36.2,50.0,32.7,240.5,False
2025-01-15T08:06:20.532717,0.0,36.3,-45.4,24.5,50.0,41.7,236.8,False
2025-01-15T08:06:20.666951,1.0,95.0,-38.8,43.1,49.99,37.0,238.9,False
2025-01-15T08:06:20.790530,2.0,77.0,40.9,36.2,50.0,30.8,240.6,False
2025-01-15T08:06:44.559792,1.0,94.3,-37.9,42.9,49.99,46.3,239.2,False
2025-01-15T08:06:44.721704,1.0,95.0,-38.8,43.1,49.99,46.3,239.2,False
2025-01-15T08:07:20.551514,1.0,94.3,-37.9,42.9,50.02,36.0,239.1,False
2025-01-15T08:07:56.560681,1.0,95.0,-38.8,43.1,50.0,45.5,238.7,False
2025-01-15T08:07:56.690548,2.0,42.7,84.8,39.6,49.99,41.0,240.3,False
2025-01-15T08:08:08.553850,2.0,77.0,40.9,36.2,50.01,31.2,240.5,False
2025-01-15T08:08:56.533048,0.0,51.4,-3.0,21.9,50.0,41.7,236.6,False
2025-01-15T08:08:56.664992,1.0,94.3,-37.9,42.9,50.0,53.5,238.8,False
2025-01-15T08:08:56.784320,2.0,77.0,40.9,36.2,49.99,48.9,240.4,False
2025-01-15T08:09:08.526852,0.0,51.4,1.5,21.7,49.99,41.6,236.5,False
2025-01-15T08:09:08.684930,1.0,95.0,-38.8,43.1,49.99,38.3,238.7,False
2025-01-15T08:09:08.822973,2.0,77.0,40.9,36.2,49.99,31.2,240.3,False
2025-01-15T08:09:20.528970,0.0,44.6,0.0,19.1,50.0,42.9,236.3,False
2025-01-15T08:09:20.645298,1.0,95.0,-38.8,43.1,50.0,50.8,238.5,False
2025-01-15T08:09:20.766097,1.0,95.0,-38.8,43.1,50.0,50.8,238.5,False
2025-01-15T08:09:20.883709,2.0,77.0,40.9,36.2,49.99,45.6,240.1,False
2025-01-15T08:09:32.534861,0.0,45.4,-1.5,19.1,50.0,41.3,236.1,False
2025-01-15T08:09:32.676543,1.0,94.3,-37.9,42.9,50.01,38.5,238.3,False
2025-01-15T08:09:32.793867,2.0,77.0,40.9,36.2,50.0,31.6,239.9,False
2025-01-15T08:09:32.940446,1.0,95.0,-38.8,43.1,50.0,48.9,238.4,False
2025-01-15T08:09:33.071195,2.0,77.0,40.9,36.2,50.0,42.2,240.0,False
2025-01-15T08:10:44.592926,1.0,95.0,-38.8,43.1,50.0,39.5,238.9,False
2025-01-15T08:10:44.732602,2.0,77.0,40.9,36.2,50.0,30.0,240.5,False
2025-01-15T08:12:32.539428,0.0,53.7,-11.3,23.2,50.01,43.8,236.7,False
2025-01-15T08:12:32.666727,1.0,95.0,-38.8,43.1,50.01,57.0,238.9,False
2025-01-15T08:12:32.779623,2.0,77.0,40.9,36.2,50.0,46.4,240.5,False
2025-01-15T08:12:32.911762,0.0,43.9,-4.5,18.6,50.0,41.5,236.7,False
2025-01-15T08:12:33.035047,1.0,95.0,-38.8,43.1,50.01,40.7,238.9,False
2025-01-15T08:12:33.153104,2.0,77.0,40.9,36.2,50.02,27.6,240.5,False
2025-01-15T08:12:33.259494,1.0,95.0,-38.8,43.1,50.0,50.8,238.7,False
2025-01-15T08:12:33.356524,2.0,77.0,40.9,36.2,50.01,45.6,240.4,False
2025-01-15T08:12:44.537121,0.0,37.8,2.3,16.1,50.01,42.2,236.6,False
2025-01-15T08:12:44.667927,1.0,95.0,-38.8,43.1,50.0,39.0,238.8,False
2025-01-15T08:12:44.797443,2.0,77.0,40.9,36.2,50.01,30.9,240.4,False
2025-01-15T08:15:44.523588,0.0,3.8,-3.8,2.2,50.01,40.4,236.5,False
2025-01-15T08:15:44.658653,1.0,3.0,-2.3,1.4,50.01,38.0,238.5,False
2025-01-15T08:15:44.819517,2.0,0.8,-1.5,0.9,50.01,30.1,240.2,False
2025-01-15T08:18:32.525892,0.0,1.5,-0.8,0.7,49.99,40.7,236.5,False
2025-01-15T08:18:32.668247,1.0,1.5,-1.5,0.8,49.99,38.2,238.7,False
2025-01-15T08:18:32.771676,2.0,0.8,-2.3,1.0,50.0,30.7,240.2,False
2025-01-15T08:19:08.541897,0.0,105.1,-19.7,45.9,49.99,40.9,235.9,False
2025-01-15T08:19:20.538383,0.0,99.1,-15.1,42.6,49.99,41.4,236.0,False
2025-01-15T08:20:44.539042,0.0,48.4,0.0,20.0,50.01,44.4,236.6,False
2025-01-15T08:20:44.667171,1.0,95.0,-38.8,43.1,50.0,57.6,238.7,False
2025-01-15T08:20:44.825286,2.0,77.0,40.9,36.2,50.0,47.1,240.4,False
2025-01-15T08:21:32.542044,0.0,43.1,-6.8,18.4,50.02,43.0,236.6,False
2025-01-15T08:21:32.671369,1.0,95.0,-38.8,43.1,50.02,38.8,238.6,False
2025-01-15T08:21:32.792615,2.0,77.0,40.9,36.2,50.01,29.2,240.2,False
2025-01-15T08:22:08.541429,0.0,87.0,-16.6,36.1,50.0,44.0,237.7,False
2025-01-15T08:22:08.672044,1.0,95.0,-38.8,43.1,50.0,64.9,239.8,False
2025-01-15T08:22:08.796259,2.0,77.0,40.9,36.2,50.0,55.0,241.3,False
2025-01-15T08:22:20.539687,0.0,40.1,-7.6,17.2,50.01,42.8,238.1,False
2025-01-15T08:22:20.657122,1.0,95.0,-38.8,43.1,50.01,39.5,240.2,False
2025-01-15T08:22:20.771601,2.0,77.0,40.9,36.2,50.01,29.3,241.8,False
2025-01-15T08:22:44.765667,0.0,72.6,28.7,32.9,50.01,44.1,237.9,False
2025-01-15T08:22:45.489501,1.0,52.1,82.9,41.3,50.02,65.9,240.0,False
2025-01-15T08:22:46.278360,2.0,77.0,40.9,36.2,50.01,51.4,241.5,False
2025-01-15T08:22:56.582273,0.0,12.1,-36.3,16.1,50.01,41.5,237.9,False
2025-01-15T08:22:56.703139,2.0,68.4,143.7,66.3,50.01,45.3,241.6,False
2025-01-15T08:22:56.821986,2.0,42.7,84.8,39.6,50.01,45.3,241.6,False
2025-01-15T08:22:56.936753,2.0,39.6,82.5,37.9,50.01,45.3,241.6,False
2025-01-15T08:22:57.054526,0.0,36.3,-2.3,15.4,50.0,39.4,238.0,False
2025-01-15T08:22:57.192830,1.0,52.1,82.9,41.3,50.01,38.8,240.1,False
2025-01-15T08:22:57.308307,2.0,77.0,40.9,36.2,50.01,31.7,241.6,False
2025-01-15T08:25:32.544545,0.0,68.8,-3.0,28.8,50.01,42.5,238.1,False
2025-01-15T08:25:32.657171,1.0,95.0,-38.8,43.1,50.02,62.0,240.2,False
2025-01-15T08:25:32.755124,2.0,77.0,40.9,36.2,50.02,55.3,241.9,False
2025-01-15T08:25:44.545094,0.0,62.0,-3.0,26.0,50.01,40.6,238.0,False
2025-01-15T08:25:44.699567,1.0,95.0,-38.8,43.1,50.02,48.0,240.1,False
2025-01-15T08:25:44.848445,2.0,77.0,40.9,36.2,50.02,40.9,241.7,False
2025-01-15T08:25:56.593960,1.0,43.9,-1.5,18.3,50.0,37.5,240.0,False
2025-01-15T08:25:56.694967,2.0,68.4,143.7,66.3,50.0,29.9,241.6,False
2025-01-15T08:26:08.543979,0.0,83.2,-3.8,35.0,50.02,43.4,238.0,False
2025-01-15T08:26:08.676413,1.0,95.0,-38.8,43.1,50.01,61.3,240.1,False
2025-01-15T08:26:08.795674,2.0,77.0,40.9,36.2,50.02,55.1,241.7,False
2025-01-15T08:26:32.545987,0.0,51.4,-3.0,21.5,50.03,41.4,237.7,False
2025-01-15T08:26:32.667084,1.0,95.0,-38.8,43.1,50.01,48.8,239.7,False
2025-01-15T08:26:32.794178,2.0,77.0,40.9,36.2,50.02,42.5,241.4,False
2025-01-15T08:27:32.602521,1.0,43.9,-1.5,18.3,50.01,37.6,239.8,False
2025-01-15T08:27:32.739316,2.0,41.6,9.1,17.6,50.01,29.9,241.4,False
2025-01-15T08:27:56.548758,0.0,49.9,-89.2,43.1,50.0,39.6,237.6,False
2025-01-15T08:27:56.673199,1.0,14.4,-69.6,29.7,50.0,37.7,239.9,False
2025-01-15T08:27:56.800054,2.0,12.1,-73.4,30.8,50.01,30.2,241.4,False
2025-01-15T08:27:56.913588,0.0,52.2,-87.0,42.6,50.0,40.5,237.7,False
2025-01-15T08:27:57.053102,1.0,95.0,-38.8,43.1,50.0,37.1,240.0,False
2025-01-15T08:27:57.181066,2.0,77.0,40.9,36.2,50.0,29.7,241.5,False
2025-01-15T08:28:08.604026,1.0,38.7,62.5,31.0,50.0,47.0,239.9,False
2025-01-15T08:28:08.721042,2.0,77.0,40.9,36.2,50.01,39.4,241.4,False
2025-01-15T08:28:32.636588,1.0,38.7,62.5,31.0,50.01,37.2,240.0,False
2025-01-15T08:28:32.785062,2.0,77.0,40.9,36.2,50.01,30.5,241.5,False
2025-01-15T08:29:08.548439,0.0,100.6,-3.8,42.6,49.99,43.0,237.5,False
2025-01-15T08:29:08.686707,1.0,94.3,-37.9,42.9,50.0,62.0,239.7,False
2025-01-15T08:29:08.814700,2.0,57.4,120.5,55.5,49.99,51.0,241.3,False
2025-01-15T08:29:20.548878,0.0,67.3,-0.8,28.1,49.99,42.0,237.1,False
2025-01-15T08:29:20.666698,1.0,95.0,-38.8,43.1,49.99,39.7,239.2,False
2025-01-15T08:29:20.768494,2.0,77.0,40.9,36.2,49.99,31.6,240.7,False
2025-01-15T08:29:44.549597,0.0,80.9,-5.3,34.2,49.99,43.7,237.1,False
2025-01-15T08:29:44.684024,1.0,95.0,-38.8,43.1,49.99,65.2,239.4,False
2025-01-15T08:29:44.815038,2.0,77.0,40.9,36.2,50.0,59.7,240.9,False
2025-01-15T08:29:56.550634,0.0,51.4,-4.5,21.7,49.99,41.3,237.0,False
2025-01-15T08:29:56.659469,1.0,95.0,-38.8,43.1,49.99,51.0,239.2,False
2025-01-15T08:29:56.750539,2.0,77.0,40.9,36.2,49.98,45.3,240.8,False
2025-01-15T08:30:44.608756,1.0,94.3,-37.9,42.9,49.99,39.6,239.4,False
2025-01-15T08:30:44.742271,2.0,57.4,120.5,55.5,49.98,30.4,241.0,False
2025-01-15T08:32:08.551982,0.0,102.1,-19.7,43.9,49.98,42.0,237.1,False
2025-01-15T08:32:20.553186,0.0,52.2,-5.3,22.2,49.98,44.0,237.2,False
2025-01-15T08:34:08.557202,0.0,55.2,-17.4,24.1,49.98,40.5,236.9,False
2025-01-15T08:34:08.710537,1.0,3.0,-0.0,1.2,49.99,37.9,239.1,False
2025-01-15T08:34:08.842394,2.0,6.1,3.8,2.9,49.99,32.1,240.7,False
2025-01-15T08:35:44.619459,1.0,95.0,-38.8,43.1,49.99,48.4,239.6,False
2025-01-15T08:35:44.742303,2.0,77.0,40.9,36.2,49.99,42.6,241.1,False
2025-01-15T08:36:20.590123,1.0,95.0,-38.8,43.1,50.0,36.4,239.6,False
2025-01-15T08:36:20.714889,2.0,77.0,40.9,36.2,50.0,31.2,241.2,False
2025-01-15T08:36:44.621053,1.0,95.0,-38.8,43.1,49.98,61.1,239.3,False
2025-01-15T08:36:44.734690,2.0,77.0,40.9,36.2,49.98,56.7,240.9,False
2025-01-15T08:36:56.553833,0.0,62.8,-17.4,27.6,49.99,41.8,237.0,False
2025-01-15T08:36:56.688151,0.0,57.5,-18.2,25.6,49.99,41.7,237.1,False
2025-01-15T08:37:08.555379,0.0,46.9,2.3,19.6,49.99,40.7,236.8,False
2025-01-15T08:37:08.677836,1.0,95.0,-38.8,43.1,49.99,37.1,239.2,False
2025-01-15T08:37:08.805207,2.0,77.0,40.9,36.2,49.99,32.1,240.7,False
2025-01-15T08:37:08.931376,0.0,63.5,-12.1,27.5,50.0,40.7,237.1,False
2025-01-15T08:37:20.555457,0.0,83.2,2.3,35.2,50.01,41.5,237.0,False
2025-01-15T08:37:20.679026,1.0,95.0,-38.8,43.1,50.01,59.1,239.2,False
2025-01-15T08:37:20.802555,2.0,77.0,40.9,36.2,50.0,54.5,240.7,False
2025-01-15T08:37:44.749193,0.0,68.8,-22.7,31.0,50.01,39.8,237.4,False
2025-01-15T08:37:45.410429,1.0,95.0,-38.8,43.1,50.01,46.6,239.6,False
2025-01-15T08:37:45.933962,2.0,77.0,40.9,36.2,50.01,40.9,241.1,False
2025-01-15T08:38:32.560894,0.0,55.2,-37.8,28.3,50.0,40.5,237.3,False
2025-01-15T08:38:44.559459,0.0,37.8,-11.3,16.5,50.01,40.1,237.1,False
2025-01-15T08:38:44.700498,1.0,43.1,-0.0,18.0,50.0,36.4,239.4,False
2025-01-15T08:38:44.848314,2.0,37.8,9.1,16.1,49.99,31.1,241.0,False
2025-01-15T08:39:20.554466,0.0,37.8,5.3,16.3,50.02,42.3,236.9,False
2025-01-15T08:39:20.677462,2.0,77.0,40.9,36.2,50.02,43.3,240.8,False
2025-01-15T08:39:44.559690,0.0,40.1,9.8,17.6,50.02,41.0,237.3,False
2025-01-15T08:39:44.696363,2.0,77.0,40.9,36.2,50.03,31.4,240.9,False
2025-01-15T08:40:20.561064,0.0,111.9,-8.3,47.2,50.02,42.8,237.4,False
2025-01-15T08:40:20.671590,1.0,95.0,-38.8,43.1,50.02,61.3,239.6,False
2025-01-15T08:40:20.795905,2.0,77.0,40.9,36.2,50.02,54.3,241.1,False
2025-01-15T08:40:32.561106,0.0,76.4,-8.3,32.2,50.0,40.8,237.2,False
2025-01-15T08:40:32.699890,2.0,77.0,40.9,36.2,50.01,40.3,241.0,False
2025-01-15T08:40:32.852445,1.0,95.0,-38.8,43.1,50.0,37.7,239.3,False
2025-01-15T08:40:56.566183,0.0,93.0,-3.0,39.0,50.01,42.7,237.5,False
2025-01-15T08:40:56.701535,1.0,95.0,-38.8,43.1,50.02,61.3,239.7,False
2025-01-15T08:40:56.827832,2.0,77.0,40.9,36.2,50.01,53.5,241.3,False
2025-01-15T08:41:20.557003,0.0,68.8,-15.1,29.5,49.99,43.3,237.3,False
2025-01-15T08:41:20.691135,1.0,95.0,-38.8,43.1,50.0,49.7,239.5,False
2025-01-15T08:41:20.818846,2.0,77.0,40.9,36.2,49.99,41.4,241.1,False
2025-01-15T08:41:32.562458,0.0,32.5,-21.2,16.3,49.99,43.4,237.3,False
2025-01-15T08:41:32.701074,0.0,62.8,-62.8,37.6,49.99,42.6,237.4,False
2025-01-15T08:41:32.820062,1.0,15.9,-45.4,20.1,50.0,49.5,239.6,False
2025-01-15T08:41:32.939638,2.0,10.6,-43.9,18.9,50.0,41.9,241.2,False
2025-01-15T08:42:20.563667,0.0,6.8,-52.9,22.6,50.01,43.3,237.3,False
2025-01-15T08:42:20.685204,1.0,95.0,-38.8,43.1,50.01,38.4,239.5,False
2025-01-15T08:42:20.829305,2.0,77.0,40.9,36.2,50.01,28.9,241.1,False
2025-01-15T08:43:44.565232,0.0,80.2,-6.1,33.6,50.01,41.4,237.6,False
2025-01-15T08:43:44.706972,1.0,94.3,-37.9,42.9,50.01,60.9,239.9,False
2025-01-15T08:43:44.824749,2.0,68.4,143.7,66.3,50.02,57.0,241.4,False
2025-01-15T08:43:44.932848,0.0,54.5,-12.9,23.5,50.01,40.8,237.6,False
2025-01-15T08:43:56.564010,0.0,49.9,-13.6,21.8,50.01,41.2,237.7,False
2025-01-15T08:44:08.584272,0.0,58.2,-1.5,24.4,50.02,40.1,237.5,False
2025-01-15T08:44:08.692064,1.0,95.0,-38.8,43.1,50.02,36.8,239.7,False
2025-01-15T08:44:08.813500,2.0,77.0,40.9,36.2,50.01,31.9,241.3,False
2025-01-15T08:44:20.563838,0.0,133.9,-14.4,57.1,50.02,41.0,237.1,False
2025-01-15T08:44:20.703150,1.0,95.0,-38.8,43.1,50.02,60.7,239.4,False
2025-01-15T08:44:20.850867,2.0,77.0,40.9,36.2,50.03,56.3,240.9,False
2025-01-15T08:44:32.567126,0.0,74.1,-53.7,38.6,50.02,41.6,237.1,False
2025-01-15T08:44:32.718450,1.0,95.0,-38.8,43.1,50.02,61.1,239.3,False
2025-01-15T08:44:32.865226,2.0,77.0,40.9,36.2,50.03,56.4,240.9,False
2025-01-15T08:44:44.562493,0.0,26.5,-36.3,18.9,50.01,40.5,237.2,False
2025-01-15T08:44:44.687709,0.0,60.5,-98.3,48.8,50.01,39.9,237.3,False
2025-01-15T08:44:44.802890,1.0,94.3,-37.9,42.9,50.01,47.2,239.4,False
2025-01-15T08:44:44.937480,2.0,68.4,143.7,66.3,50.01,41.7,241.0,False
2025-01-15T08:44:45.042815,0.0,69.6,-102.1,52.0,50.01,40.0,237.3,False
2025-01-15T08:44:45.172636,1.0,95.0,-38.8,43.1,50.01,46.4,239.5,False
2025-01-15T08:44:45.302980,2.0,77.0,40.9,36.2,50.01,40.9,241.1,False
2025-01-15T08:45:44.849843,0.0,39.3,-4.5,16.5,49.97,40.7,237.1,False
2025-01-15T08:45:45.735819,1.0,95.0,-38.8,43.1,49.98,36.4,239.2,False
2025-01-15T08:45:45.959176,2.0,77.0,40.9,36.2,49.98,31.3,240.8,False
2025-01-15T08:46:08.623050,1.0,49.2,-88.5,42.5,49.98,41.6,239.5,False
2025-01-15T08:46:08.764025,2.0,20.4,-71.8,31.2,49.99,33.8,241.0,False
2025-01-15T08:46:08.896609,0.0,57.5,-52.9,32.9,49.98,41.4,237.3,False
2025-01-15T08:46:09.012248,1.0,95.0,-38.8,43.1,49.98,35.7,239.5,False
2025-01-15T08:46:09.144336,2.0,77.0,40.9,36.2,49.99,29.9,241.1,False
2025-01-15T08:47:08.571202,0.0,35.5,-7.6,15.6,50.0,40.6,237.0,False
2025-01-15T08:48:44.571048,0.0,54.5,-7.6,22.9,50.01,39.4,237.3,False
2025-01-15T08:48:44.695318,1.0,94.3,-37.9,42.9,50.01,50.9,239.6,False
2025-01-15T08:48:44.808566,2.0,39.6,82.5,37.9,50.0,44.9,241.1,False
2025-01-15T08:48:56.647560,1.0,95.0,-38.8,43.1,50.02,36.0,239.8,False
2025-01-15T08:48:56.762842,2.0,77.0,40.9,36.2,50.02,30.9,241.3,False
2025-01-15T08:49:56.610949,0.0,20.4,-70.3,30.8,50.01,40.3,237.0,False
2025-01-15T08:49:56.722321,1.0,94.3,-37.9,42.9,50.01,37.3,239.2,False
2025-01-15T08:49:56.831989,2.0,39.6,82.5,37.9,50.01,31.9,240.8,False
2025-01-15T08:49:56.930639,0.0,44.6,-74.1,36.7,50.01,40.4,236.9,False
2025-01-15T08:49:57.050126,1.0,95.0,-38.8,43.1,50.0,37.6,239.1,False
2025-01-15T08:49:57.167108,2.0,77.0,40.9,36.2,50.0,31.8,240.7,False
2025-01-15T08:50:44.641096,0.0,38.6,-5.3,16.7,50.02,40.4,237.2,False
2025-01-15T08:51:20.578012,0.0,55.2,-4.5,23.0,50.02,43.1,237.6,False
2025-01-15T08:51:20.706787,1.0,94.3,-37.9,42.9,50.02,52.0,239.8,False
2025-01-15T08:51:20.829410,2.0,39.6,82.5,37.9,50.02,44.4,241.6,False
2025-01-15T08:52:08.591990,2.0,246.2,684.8,302.2,50.01,20.5,240.7,False
2025-01-15T08:52:08.734014,0.0,38.6,-6.8,16.4,50.02,44.2,237.5,False
2025-01-15T08:52:08.860995,1.0,95.0,-38.8,43.1,50.01,38.3,239.6,False
2025-01-15T08:52:08.998341,2.0,77.0,40.9,36.2,50.02,16.3,240.6,False
2025-01-15T08:52:20.602893,1.0,95.0,-38.8,43.1,50.02,48.9,240.0,False
2025-01-15T08:52:20.719967,1.0,95.0,-38.8,43.1,50.02,48.9,240.0,False
2025-01-15T08:52:32.574009,0.0,105.1,-6.1,44.4,50.02,44.4,237.7,False
2025-01-15T08:52:32.703199,1.0,95.0,-38.8,43.1,50.03,68.0,239.9,False
2025-01-15T08:52:32.808811,2.0,77.0,40.9,36.2,50.03,31.1,240.9,False
2025-01-15T08:52:44.577978,0.0,52.2,-6.8,22.4,50.02,43.4,238.0,False
2025-01-15T08:52:44.709901,1.0,95.0,-38.8,43.1,50.03,50.1,240.2,False
2025-01-15T08:52:44.834663,2.0,77.0,40.9,36.2,50.02,21.6,241.2,False
2025-01-15T08:52:56.637092,1.0,94.3,-37.9,42.9,50.01,39.1,240.0,False
2025-01-15T08:52:56.744459,2.0,39.6,82.5,37.9,50.03,16.4,241.1,False
2025-01-15T08:53:08.597808,2.0,246.2,684.8,302.2,50.03,30.4,241.6,False
2025-01-15T08:53:20.574953,0.0,88.5,-8.3,37.5,50.02,43.8,237.7,False
2025-01-15T08:53:20.704480,1.0,95.0,-38.8,43.1,50.02,63.3,239.9,False
2025-01-15T08:53:20.812926,2.0,77.0,40.9,36.2,50.03,55.1,241.4,False
2025-01-15T08:53:20.909526,0.0,123.3,-5.3,52.1,50.03,49.8,237.6,False
2025-01-15T08:53:21.014806,1.0,94.3,-37.9,42.9,50.03,85.3,239.8,False
2025-01-15T08:53:21.132661,2.0,68.4,143.7,66.3,50.03,80.6,241.3,False
2025-01-15T08:53:44.577525,0.0,166.4,-6.8,69.9,50.02,41.0,237.3,False
2025-01-15T08:53:44.696686,1.0,95.0,-38.8,43.1,50.02,48.9,239.6,False
2025-01-15T08:53:44.816065,2.0,77.0,40.9,36.2,50.03,43.4,241.0,False
2025-01-15T08:54:08.577377,0.0,105.9,2.3,44.5,50.01,45.1,237.5,False
2025-01-15T08:54:08.719804,1.0,95.0,-38.8,43.1,50.0,74.1,239.7,False
2025-01-15T08:54:08.845629,2.0,77.0,40.9,36.2,50.01,71.7,241.3,False
2025-01-15T08:54:20.578832,0.0,83.2,-2.3,35.0,50.02,41.3,237.4,False
2025-01-15T08:54:20.684653,1.0,95.0,-38.8,43.1,50.01,56.7,239.7,False
2025-01-15T08:54:20.782396,2.0,77.0,40.9,36.2,50.02,51.2,241.2,False
2025-01-15T08:54:32.578952,0.0,43.1,-69.6,34.3,50.02,41.1,237.3,False
2025-01-15T08:54:32.694299,1.0,94.3,-37.9,42.9,50.03,56.6,239.6,False
2025-01-15T08:54:32.813246,2.0,68.4,143.7,66.3,50.02,51.0,241.2,False
2025-01-15T08:54:32.936180,0.0,19.7,-69.6,30.4,50.02,40.8,237.4,False
2025-01-15T08:54:33.062469,1.0,95.0,-38.8,43.1,50.02,46.4,239.6,False
2025-01-15T08:54:33.177150,2.0,77.0,40.9,36.2,50.03,40.4,241.2,False
2025-01-15T08:55:08.580649,0.0,80.2,-5.3,34.1,50.02,44.1,237.2,False
2025-01-15T08:55:08.711151,1.0,94.3,-37.9,42.9,50.02,71.1,239.4,False
2025-01-15T08:55:08.841320,2.0,57.4,120.5,55.5,50.03,66.4,241.0,False
2025-01-15T08:55:20.579834,0.0,59.0,-57.5,34.9,50.03,42.7,237.3,False
2025-01-15T08:55:20.709076,0.0,31.0,-53.7,26.0,50.03,40.2,237.5,False
2025-01-15T08:55:20.840426,1.0,95.0,-38.8,43.1,50.03,48.6,239.8,False
2025-01-15T08:55:20.961631,2.0,77.0,40.9,36.2,50.03,42.2,241.3,False
2025-01-15T08:55:21.077813,0.0,58.2,-46.1,31.4,50.03,40.3,237.5,False
2025-01-15T08:55:21.198357,1.0,94.3,-37.9,42.9,50.04,38.2,239.8,False
2025-01-15T08:55:21.314893,2.0,57.4,120.5,55.5,50.03,32.1,241.3,False
2025-01-15T08:55:56.583775,0.0,96.8,-2.3,40.9,50.02,50.0,237.1,False
2025-01-15T08:55:56.716636,1.0,95.0,-38.8,43.1,50.03,85.6,239.3,False
2025-01-15T08:55:56.860283,2.0,77.0,40.9,36.2,50.02,83.1,240.9,False
2025-01-15T08:56:20.975043,1.0,95.0,-38.8,43.1,50.02,54.4,239.5,False
2025-01-15T08:56:21.643341,2.0,77.0,40.9,36.2,50.02,48.0,241.1,False
2025-01-15T08:56:21.771390,0.0,35.5,-15.1,16.3,50.03,39.9,237.3,False
2025-01-15T08:56:21.919576,1.0,40.8,13.6,18.0,50.03,37.3,239.5,False
2025-01-15T08:56:22.055444,2.0,32.5,18.9,15.6,50.02,31.8,241.0,False
2025-01-15T08:56:56.582477,0.0,36.3,0.8,15.3,50.03,45.4,237.2,False
2025-01-15T08:56:56.696980,1.0,95.0,-38.8,43.1,50.03,74.7,239.4,False
2025-01-15T08:56:56.810260,2.0,77.0,40.9,36.2,50.03,70.8,241.0,False
2025-01-15T08:57:20.582972,0.0,147.5,-64.3,67.7,50.02,41.4,237.0,False
2025-01-15T08:57:20.681308,1.0,95.0,-38.8,43.1,50.03,47.9,239.3,False
2025-01-15T08:57:20.794016,2.0,77.0,40.9,36.2,50.03,41.6,240.8,False
2025-01-15T08:57:20.926832,0.0,26.5,-59.0,27.4,50.03,40.3,237.0,False
2025-01-15T08:57:21.066220,1.0,95.0,-38.8,43.1,50.03,47.8,239.2,False
2025-01-15T08:57:21.191948,2.0,77.0,40.9,36.2,50.03,41.5,240.8,False
2025-01-15T08:57:21.332958,1.0,95.0,-38.8,43.1,50.02,37.2,239.3,False
2025-01-15T08:57:21.446726,2.0,77.0,40.9,36.2,50.02,31.8,240.9,False
2025-01-15T08:57:56.582617,0.0,80.2,-3.8,33.8,50.02,43.9,237.2,False
2025-01-15T08:57:56.687250,1.0,95.0,-38.8,43.1,50.01,70.3,239.4,False
2025-01-15T08:57:56.801238,2.0,77.0,40.9,36.2,50.02,63.4,241.0,False
2025-01-15T08:58:20.626477,2.0,77.0,40.9,36.2,50.02,41.6,241.0,False
2025-01-15T08:58:20.728101,0.0,26.5,-43.1,21.4,50.02,40.2,237.2,False
2025-01-15T08:58:20.839347,1.0,95.0,-38.8,43.1,50.02,47.3,239.4,False
2025-01-15T08:58:20.958180,0.0,7.6,-41.6,17.8,50.04,40.2,237.3,False
2025-01-15T08:58:21.082894,1.0,95.0,-38.8,43.1,50.03,36.8,239.5,False
2025-01-15T08:58:21.207097,2.0,77.0,40.9,36.2,50.02,32.1,241.1,False
2025-01-15T08:58:32.586728,0.0,87.7,9.8,37.4,50.01,41.2,237.0,False
2025-01-15T08:58:32.711744,1.0,94.3,-37.9,42.9,50.02,59.6,239.3,False
2025-01-15T08:58:32.837639,2.0,57.4,120.5,55.5,50.01,53.1,240.9,False
2025-01-15T08:58:56.640829,0.0,119.5,-12.1,51.1,50.01,49.6,236.7,False
2025-01-15T08:58:56.761849,1.0,52.1,82.9,41.3,50.01,83.3,238.9,False
2025-01-15T08:58:56.876703,2.0,68.4,143.7,66.3,50.0,82.0,240.6,False
2025-01-15T08:58:56.979215,0.0,104.4,-72.6,54.1,50.0,45.8,236.9,False
2025-01-15T08:58:57.086654,1.0,95.0,-38.8,43.1,50.01,74.6,239.1,False
2025-01-15T08:58:57.180997,2.0,77.0,40.9,36.2,50.0,70.8,240.8,False
2025-01-15T08:59:08.588682,0.0,66.6,-67.3,40.0,50.02,40.6,237.0,False
2025-01-15T08:59:08.732300,1.0,52.1,82.9,41.3,50.02,46.5,239.1,False
2025-01-15T08:59:08.866355,2.0,57.4,120.5,55.5,50.02,40.7,240.8,False
2025-01-15T08:59:44.589837,0.0,9.1,-53.7,22.3,50.02,44.7,236.4,False
2025-01-15T08:59:44.731624,1.0,38.7,62.5,31.0,50.01,62.1,238.6,False
2025-01-15T08:59:44.848825,2.0,68.4,143.7,66.3,50.02,56.4,240.2,False
2025-01-15T08:59:56.592564,0.0,23.4,-29.5,15.6,50.01,42.6,236.6,False
2025-01-15T08:59:56.715981,1.0,38.7,62.5,31.0,50.02,49.3,238.8,False
2025-01-15T08:59:56.831655,2.0,33.3,30.3,18.7,50.02,43.0,240.4,False
2025-01-15T09:00:20.600776,0.0,76.4,1.5,32.1,49.98,46.5,236.8,False
2025-01-15T09:00:20.757757,1.0,95.0,-38.8,43.1,49.99,72.2,238.9,False
2025-01-15T09:00:20.922752,2.0,77.0,40.9,36.2,49.98,66.9,240.5,False
2025-01-15T09:00:44.594749,0.0,134.6,-9.1,56.7,49.94,41.6,236.5,False
2025-01-15T09:00:44.757982,1.0,95.0,-38.8,43.1,49.94,40.8,238.6,False
2025-01-15T09:00:44.961766,2.0,77.0,40.9,36.2,49.94,33.7,240.2,False
2025-01-15T09:01:08.685359,0.0,3.0,-84.7,36.1,49.94,43.7,236.6,False
2025-01-15T09:01:08.876885,1.0,94.3,-37.9,42.9,49.95,55.8,238.7,False
2025-01-15T09:01:09.071145,2.0,35.5,-77.1,35.5,49.94,48.0,240.3,False
2025-01-15T09:01:09.216081,0.0,47.6,-91.5,43.7,49.94,42.5,236.6,False
2025-01-15T09:01:09.380284,1.0,95.0,-38.8,43.1,49.95,56.3,238.7,False
2025-01-15T09:01:09.550409,2.0,77.0,40.9,36.2,49.95,48.8,240.3,False
2025-01-15T09:01:09.701717,0.0,52.2,-9.8,22.7,49.95,41.6,236.9,False
2025-01-15T09:01:09.858007,1.0,95.0,-38.8,43.1,49.95,35.4,239.0,False
2025-01-15T09:01:10.015188,2.0,77.0,40.9,36.2,49.95,27.5,240.6,False
2025-01-15T09:01:32.617809,0.0,52.2,-51.4,30.9,49.95,45.4,236.7,False
2025-01-15T09:01:32.790323,0.0,47.6,-59.0,32.0,49.95,45.8,236.8,False
2025-01-15T09:01:32.938409,1.0,95.0,-38.8,43.1,49.95,63.9,238.9,False
2025-01-15T09:01:33.096038,2.0,77.0,40.9,36.2,49.95,55.5,240.5,False
2025-01-15T09:01:33.253212,0.0,96.8,-9.1,41.1,49.95,45.2,236.8,False
2025-01-15T09:01:33.398035,1.0,95.0,-38.8,43.1,49.95,39.9,238.9,False
2025-01-15T09:01:33.544227,2.0,77.0,40.9,36.2,49.94,30.8,240.4,False
2025-01-15T09:01:44.603239,0.0,88.5,-9.8,38.0,49.95,45.2,236.4,False
2025-01-15T09:01:44.748765,1.0,95.0,-38.8,43.1,49.95,64.0,238.6,False
2025-01-15T09:01:44.896809,2.0,77.0,40.9,36.2,49.94,53.8,240.1,False
2025-01-15T09:01:45.042196,0.0,86.2,-9.1,36.8,49.95,45.1,236.5,False
2025-01-15T09:01:45.179055,1.0,95.0,-38.8,43.1,49.94,40.8,238.7,False
2025-01-15T09:01:45.329673,2.0,77.0,40.9,36.2,49.95,31.4,240.2,False
2025-01-15T09:01:56.658393,0.0,95.3,-11.3,40.4,49.95,45.7,236.7,False
2025-01-15T09:01:56.808171,1.0,95.0,-38.8,43.1,49.94,64.1,238.8,False
2025-01-15T09:01:56.957411,2.0,77.0,40.9,36.2,49.95,54.6,240.4,False
2025-01-15T09:01:57.103584,0.0,94.5,-6.8,40.3,49.94,44.8,236.9,False
2025-01-15T09:01:57.250463,1.0,95.0,-38.8,43.1,49.95,40.4,239.0,False
2025-01-15T09:01:57.411355,2.0,77.0,40.9,36.2,49.95,30.9,240.6,False
2025-01-15T09:04:32.603950,0.0,87.7,-11.3,38.3,49.95,40.9,236.0,False
2025-01-15T09:04:44.597275,0.0,93.8,-16.6,40.4,49.94,41.1,236.0,False
2025-01-15T09:05:44.602112,0.0,65.8,-8.3,27.6,49.98,41.2,236.5,False
2025-01-15T09:05:44.746814,1.0,95.0,-38.8,43.1,49.97,53.8,238.5,False
2025-01-15T09:05:44.933650,2.0,77.0,40.9,36.2,49.97,47.4,240.1,False
2025-01-15T09:05:56.727722,1.0,94.3,-37.9,42.9,49.98,61.4,238.7,False
2025-01-15T09:05:56.879247,2.0,39.6,82.5,37.9,49.98,55.7,240.3,False
2025-01-15T09:06:32.600996,0.0,56.7,-7.6,24.1,49.98,40.5,236.4,False
2025-01-15T09:06:32.748452,2.0,77.0,40.9,36.2,49.99,40.3,240.0,False
2025-01-15T09:06:32.886949,1.0,95.0,-38.8,43.1,49.98,37.0,238.6,False
2025-01-15T09:06:56.599814,0.0,119.5,-0.8,50.8,49.98,43.3,236.3,False
2025-01-15T09:06:56.754289,1.0,95.0,-38.8,43.1,49.99,66.1,238.4,False
2025-01-15T09:06:56.864906,2.0,77.0,40.9,36.2,49.99,60.5,239.9,False
2025-01-15T09:07:08.601192,0.0,84.7,1.5,36.1,49.98,40.2,236.6,False
2025-01-15T09:07:08.732009,1.0,95.0,-38.8,43.1,49.99,49.6,238.7,False
2025-01-15T09:07:08.862438,2.0,77.0,40.9,36.2,49.98,42.2,240.3,False
2025-01-15T09:07:20.672861,1.0,94.3,-37.9,42.9,49.98,38.8,238.8,False
2025-01-15T09:07:20.798924,2.0,39.6,82.5,37.9,49.98,32.7,240.4,False
2025-01-15T09:07:44.602185,0.0,111.2,-0.8,47.0,49.98,44.8,236.7,False
2025-01-15T09:07:44.758010,1.0,95.0,-38.8,43.1,49.98,70.0,238.8,False
2025-01-15T09:07:44.903325,2.0,77.0,40.9,36.2,49.98,65.7,240.4,False
2025-01-15T09:07:56.604037,0.0,82.4,-2.3,34.8,49.98,40.1,236.6,False
2025-01-15T09:07:56.741454,1.0,95.0,-38.8,43.1,49.97,49.1,238.8,False
2025-01-15T09:07:56.866951,2.0,77.0,40.9,36.2,49.98,41.8,240.3,False
2025-01-15T09:08:08.600226,0.0,40.1,-1.5,16.9,49.99,40.2,236.6,False
2025-01-15T09:08:08.736415,1.0,46.1,0.8,19.3,49.98,37.5,238.7,False
2025-01-15T09:08:08.869416,2.0,42.4,5.3,17.8,49.98,31.5,240.2,False
2025-01-15T09:09:32.604669,0.0,48.4,-52.2,30.1,50.01,42.4,236.5,False
2025-01-15T09:09:32.717730,0.0,37.8,-59.0,29.7,50.0,42.7,236.5,False
2025-01-15T09:09:32.836661,1.0,95.0,-38.8,43.1,50.01,63.8,238.6,False
2025-01-15T09:09:32.985712,2.0,77.0,40.9,36.2,50.0,55.9,240.2,False
2025-01-15T09:09:56.649157,0.0,56.7,-3.8,23.8,50.02,42.7,236.2,False
2025-01-15T09:09:56.802175,1.0,95.0,-38.8,43.1,50.02,48.7,238.2,False
2025-01-15T09:09:56.944816,2.0,77.0,40.9,36.2,50.02,42.1,240.0,False
2025-01-15T09:09:57.076882,0.0,38.6,4.5,16.5,50.03,42.3,236.2,False
2025-01-15T09:09:57.217188,2.0,40.1,0.8,16.7,50.02,32.0,239.9,False
2025-01-15T09:10:20.608035,0.0,91.5,-3.0,38.4,50.0,43.0,236.6,False
2025-01-15T09:10:20.727076,1.0,95.0,-38.8,43.1,50.0,63.6,238.8,False
2025-01-15T09:10:20.855403,2.0,77.0,40.9,36.2,50.01,57.8,240.3,False
2025-01-15T09:10:44.605662,0.0,65.8,6.8,28.4,50.0,48.7,236.1,False
2025-01-15T09:10:44.733282,1.0,94.3,-37.9,42.9,50.01,78.3,238.2,False
2025-01-15T09:10:44.893103,2.0,39.6,82.5,37.9,50.01,73.8,239.8,False
2025-01-15T09:10:56.670865,0.0,134.6,-51.4,61.1,50.01,40.6,236.2,False
2025-01-15T09:10:56.805445,1.0,95.0,-38.8,43.1,50.01,38.5,238.4,False
2025-01-15T09:10:56.915824,2.0,77.0,40.9,36.2,50.02,31.7,240.0,False
2025-01-15T09:10:57.047144,0.0,24.2,-43.9,21.0,50.01,41.4,236.4,False
2025-01-15T09:10:57.177822,2.0,77.0,40.9,36.2,50.02,31.3,240.1,False
2025-01-15T09:11:20.654972,0.0,53.7,-7.6,22.7,50.0,39.9,236.6,False
2025-01-15T09:11:32.683001,1.0,95.0,-38.8,43.1,49.99,59.6,238.7,False
2025-01-15T09:11:32.805801,2.0,42.7,84.8,39.6,50.0,49.6,240.3,False
2025-01-15T09:11:56.653124,1.0,95.0,-38.8,43.1,50.01,50.3,238.7,False
2025-01-15T09:11:56.759569,2.0,77.0,40.9,36.2,50.0,38.6,240.4,False
2025-01-15T09:11:56.887255,0.0,35.5,-3.8,15.1,50.01,44.3,236.6,False
2025-01-15T09:11:56.997220,1.0,94.3,-37.9,42.9,50.01,39.4,238.7,False
2025-01-15T09:11:57.136377,2.0,39.6,82.5,37.9,50.01,28.2,240.3,False
2025-01-15T09:12:20.609743,0.0,90.8,-5.3,38.6,50.0,44.5,236.5,False
2025-01-15T09:12:20.701325,1.0,95.0,-38.8,43.1,50.0,63.4,238.7,False
2025-01-15T09:12:20.811197,2.0,77.0,40.9,36.2,50.0,53.5,240.2,False
2025-01-15T09:12:32.606739,0.0,55.2,-83.2,42.2,50.01,52.0,236.4,False
2025-01-15T09:12:32.715897,0.0,72.6,-90.0,49.0,50.0,52.1,236.4,False
2025-01-15T09:12:32.818737,1.0,94.3,-37.9,42.9,49.99,88.5,238.6,False
2025-01-15T09:12:32.912956,2.0,68.4,143.7,66.3,50.01,80.4,240.2,False
2025-01-15T09:12:56.609979,0.0,205.7,-8.3,87.3,50.01,43.7,236.6,False
2025-01-15T09:12:56.730501,1.0,95.0,-38.8,43.1,50.0,39.4,238.8,False
2025-01-15T09:12:56.845740,2.0,68.4,143.7,66.3,50.0,28.3,240.4,False
2025-01-15T09:12:56.945988,2.0,77.0,40.9,36.2,50.0,28.3,240.4,False
2025-01-15T09:12:57.073011,2.0,42.7,84.8,39.6,50.0,28.3,240.4,False
2025-01-15T09:13:08.671059,1.0,95.0,-38.8,43.1,50.0,50.6,238.6,False
2025-01-15T09:13:08.775474,1.0,95.0,-38.8,43.1,50.0,50.6,238.6,False
2025-01-15T09:13:08.907052,2.0,77.0,40.9,36.2,49.99,39.3,240.1,False
2025-01-15T09:13:09.044788,0.0,3.8,-80.9,34.4,49.99,44.5,236.4,False
2025-01-15T09:13:09.177543,1.0,94.3,-37.9,42.9,49.99,64.2,238.6,False
2025-01-15T09:13:09.314972,2.0,77.0,40.9,36.2,49.98,53.3,240.2,False
2025-01-15T09:13:09.437863,0.0,189.1,-90.8,89.0,49.99,51.6,236.3,False
2025-01-15T09:13:09.545720,1.0,95.0,-38.8,43.1,49.98,87.7,238.4,False
2025-01-15T09:13:09.667236,2.0,77.0,40.9,36.2,49.99,78.8,240.0,False
2025-01-15T09:13:32.608495,0.0,196.6,-80.9,90.0,49.99,42.9,236.2,False
2025-01-15T09:13:32.715867,1.0,95.0,-38.8,43.1,50.0,59.7,238.5,False
2025-01-15T09:13:32.847675,2.0,77.0,40.9,36.2,49.99,48.0,240.0,False
2025-01-15T09:13:44.614202,0.0,58.2,-73.4,39.8,49.99,44.3,236.2,False
2025-01-15T09:13:44.756278,1.0,95.0,-38.8,43.1,49.99,58.4,238.4,False
2025-01-15T09:13:44.896578,2.0,77.0,40.9,36.2,50.0,48.6,240.0,False
2025-01-15T09:14:20.609734,0.0,49.2,-6.1,21.0,50.0,39.8,236.2,False
2025-01-15T09:14:20.730247,1.0,95.0,-38.8,43.1,50.0,45.6,238.5,False
2025-01-15T09:14:32.613444,0.0,37.8,-4.5,16.1,50.0,40.5,236.2,False
2025-01-15T09:14:32.733660,1.0,41.6,-2.3,17.5,50.0,35.9,238.4,False
2025-01-15T09:14:32.854611,2.0,77.0,40.9,36.2,50.0,29.7,240.1,False
2025-01-15T09:14:56.617017,0.0,96.1,-4.5,40.7,50.0,41.3,236.2,False
2025-01-15T09:14:56.721209,1.0,95.0,-38.8,43.1,50.0,59.5,238.4,False
2025-01-15T09:14:56.832396,2.0,77.0,40.9,36.2,49.99,53.5,240.0,False
2025-01-15T09:15:08.619535,0.0,123.3,-0.8,52.0,50.01,48.0,236.4,False
2025-01-15T09:15:08.763070,1.0,94.3,-37.9,42.9,50.0,80.2,238.6,False
2025-01-15T09:15:08.911224,2.0,68.4,143.7,66.3,50.01,77.5,240.2,False
2025-01-15T09:15:20.616252,0.0,92.3,-4.5,39.4,50.01,42.2,236.6,False
2025-01-15T09:15:20.734315,1.0,95.0,-38.8,43.1,50.02,65.3,238.9,False
2025-01-15T09:15:20.853633,2.0,77.0,40.9,36.2,50.02,60.4,240.5,False
2025-01-15T09:15:32.677391,0.0,161.1,-53.7,71.8,50.01,40.1,236.7,False
2025-01-15T09:15:32.800740,1.0,94.3,-37.9,42.9,50.01,36.6,239.0,False
2025-01-15T09:15:32.917595,2.0,68.4,143.7,66.3,50.01,31.2,240.6,False
2025-01-15T09:15:33.037728,0.0,41.6,-59.0,30.5,50.0,41.2,236.7,False
2025-01-15T09:15:33.156463,1.0,95.0,-38.8,43.1,50.01,37.1,239.0,False
2025-01-15T09:15:33.274610,2.0,77.0,40.9,36.2,50.01,31.4,240.6,False
2025-01-15T09:15:44.617084,0.0,59.0,-2.3,25.2,49.99,41.7,236.5,False
2025-01-15T09:15:44.758087,1.0,94.3,-37.9,42.9,50.0,57.2,238.7,False
2025-01-15T09:15:44.927360,2.0,39.6,82.5,37.9,50.0,51.6,240.4,False
2025-01-15T09:15:45.058593,0.0,66.6,-5.3,28.0,49.99,40.6,236.2,False
2025-01-15T09:15:45.197128,1.0,95.0,-38.8,43.1,50.0,37.4,238.5,False
2025-01-15T09:15:45.338285,2.0,77.0,40.9,36.2,49.99,32.1,240.1,False
2025-01-15T09:18:44.607352,0.0,3.8,-1.5,2.1,49.99,40.2,236.5,False
2025-01-15T09:18:44.793556,1.0,1.5,0.8,0.7,49.99,36.8,238.8,False
2025-01-15T09:18:44.930815,2.0,0.8,-2.3,0.8,49.99,31.7,240.4,False
2025-01-15T09:21:32.628454,0.0,12.9,-74.9,32.2,50.01,40.8,236.6,False
2025-01-15T09:21:32.761922,1.0,94.3,-37.9,42.9,50.02,37.9,238.8,False
2025-01-15T09:21:32.891867,2.0,39.6,82.5,37.9,50.01,31.8,240.4,False
2025-01-15T09:21:33.049324,0.0,59.7,-87.0,44.6,50.02,41.9,236.6,False
2025-01-15T09:21:33.206119,1.0,95.0,-38.8,43.1,50.02,39.1,238.8,False
2025-01-15T09:21:33.338262,2.0,77.0,40.9,36.2,50.01,32.1,240.4,False
2025-01-15T09:23:56.620898,0.0,46.1,-12.1,20.7,50.05,41.2,237.2,False
2025-01-15T09:26:56.610353,0.0,0.8,-3.0,1.5,50.02,40.5,237.0,False
2025-01-15T09:26:56.760454,1.0,3.0,-6.1,2.7,50.03,36.5,239.0,False
2025-01-15T09:26:56.861549,2.0,5.3,-3.0,2.3,50.03,29.9,240.6,False
2025-01-15T09:29:56.609984,0.0,1.5,-1.5,0.6,50.02,40.7,236.8,False
2025-01-15T09:29:56.732298,1.0,0.0,-1.5,0.7,50.03,36.5,239.0,False
2025-01-15T09:29:56.832002,2.0,0.0,-2.3,0.7,50.01,30.4,240.4,False
2025-01-15T09:30:44.628022,0.0,61.3,-18.2,27.0,50.01,40.7,236.7,False
2025-01-15T09:31:20.627125,0.0,37.1,-9.8,16.2,49.98,41.7,236.7,False
2025-01-15T09:32:44.717465,1.0,94.3,-37.9,42.9,49.99,55.4,239.1,False
2025-01-15T09:32:44.857585,2.0,39.6,82.5,37.9,49.99,46.7,240.6,False
2025-01-15T09:32:56.625707,0.0,73.4,-3.0,31.1,49.99,46.0,236.7,False
2025-01-15T09:32:56.744146,1.0,52.1,82.9,41.3,49.98,69.8,239.0,False
2025-01-15T09:32:56.872685,2.0,42.7,84.8,39.6,49.99,60.1,240.5,False
2025-01-15T09:33:20.667575,0.0,57.5,-3.0,24.3,50.0,44.5,236.7,False
2025-01-15T09:33:20.767733,1.0,95.0,-38.8,43.1,49.99,59.0,238.9,False
2025-01-15T09:33:20.880885,2.0,77.0,40.9,36.2,50.0,50.7,240.5,False
2025-01-15T09:33:20.975765,1.0,94.3,-37.9,42.9,50.0,49.1,238.6,False
2025-01-15T09:33:21.078702,2.0,39.6,82.5,37.9,49.99,39.7,240.2,False
2025-01-15T09:33:44.627672,0.0,40.8,-3.8,17.5,50.0,45.5,236.5,False
2025-01-15T09:33:44.756891,1.0,52.1,82.9,41.3,49.99,39.3,238.8,False
2025-01-15T09:33:44.902151,2.0,42.7,84.8,39.6,50.0,31.0,240.3,False
2025-01-15T09:33:56.628930,0.0,80.9,-13.6,34.6,50.0,44.4,236.7,False
2025-01-15T09:33:56.740829,1.0,95.0,-38.8,43.1,50.0,63.2,239.0,False
2025-01-15T09:33:56.843602,2.0,77.0,40.9,36.2,50.0,56.3,240.5,False
2025-01-15T09:34:08.691968,0.0,46.9,-3.8,19.9,50.02,45.2,236.7,False
2025-01-15T09:34:08.837036,1.0,95.0,-38.8,43.1,50.02,50.0,239.1,False
2025-01-15T09:34:08.958214,2.0,77.0,40.9,36.2,50.02,40.4,240.5,False
2025-01-15T09:34:09.087727,0.0,59.7,-6.1,25.5,50.02,43.7,236.6,False
2025-01-15T09:34:09.211975,1.0,95.0,-38.8,43.1,50.03,62.7,238.9,False
2025-01-15T09:34:09.333675,2.0,77.0,40.9,36.2,50.01,52.1,240.4,False
2025-01-15T09:34:09.438286,0.0,70.3,-13.6,30.1,50.02,40.8,236.4,False
2025-01-15T09:34:09.553379,1.0,95.0,-38.8,43.1,50.01,47.3,238.7,False
2025-01-15T09:34:09.688770,2.0,77.0,40.9,36.2,50.02,43.0,240.3,False
2025-01-15T09:34:32.637477,0.0,57.5,-2.3,24.7,50.0,41.8,236.0,False
2025-01-15T09:34:32.809861,1.0,95.0,-38.8,43.1,50.01,62.2,238.3,False
2025-01-15T09:34:32.963222,2.0,77.0,40.9,36.2,50.0,57.6,239.8,False
2025-01-15T09:34:44.692148,0.0,22.7,-25.7,15.4,50.0,41.3,236.6,False
2025-01-15T09:34:56.634585,0.0,93.8,-35.5,42.2,50.01,45.7,236.7,False
2025-01-15T09:34:56.784536,1.0,94.3,-37.9,42.9,50.01,76.8,238.9,False
2025-01-15T09:34:56.929503,2.0,57.4,120.5,55.5,50.02,74.0,240.5,False
2025-01-15T09:35:08.631064,0.0,87.0,-4.5,36.9,50.02,41.4,236.8,False
2025-01-15T09:35:08.772207,1.0,95.0,-38.8,43.1,50.03,57.0,239.1,False
2025-01-15T09:35:08.889407,2.0,77.0,40.9,36.2,50.02,52.8,240.6,False
2025-01-15T09:35:44.631656,0.0,34.0,-65.0,30.2,50.01,41.3,236.2,False
2025-01-15T09:35:44.807973,1.0,94.3,-37.9,42.9,50.01,57.1,238.5,False
2025-01-15T09:35:44.984208,2.0,57.4,120.5,55.5,50.0,51.5,240.1,False
2025-01-15T09:35:56.679243,0.0,5.3,-64.3,26.2,50.0,40.4,237.0,False
2025-01-15T09:35:56.805696,1.0,95.0,-38.8,43.1,50.0,47.7,239.4,False
2025-01-15T09:35:56.936083,2.0,77.0,40.9,36.2,50.0,41.9,240.9,False
2025-01-15T09:35:57.071719,0.0,18.2,-56.0,24.8,49.99,40.8,237.0,False
2025-01-15T09:35:57.203890,1.0,95.0,-38.8,43.1,49.99,47.3,239.4,False
2025-01-15T09:35:57.330671,2.0,77.0,40.9,36.2,50.0,40.2,240.9,False
2025-01-15T09:35:57.457028,0.0,19.7,-57.5,25.7,50.0,40.2,237.0,False
2025-01-15T09:35:57.586880,1.0,95.0,-38.8,43.1,50.0,47.7,239.3,False
2025-01-15T09:35:57.718460,2.0,77.0,40.9,36.2,49.99,41.3,240.9,False
2025-01-15T09:36:08.692052,1.0,95.0,-38.8,43.1,50.0,37.0,239.2,False
2025-01-15T09:36:08.829393,2.0,77.0,40.9,36.2,50.0,31.3,240.8,False
2025-01-15T09:36:20.631842,0.0,56.7,-43.9,30.2,50.0,41.3,236.5,False
2025-01-15T09:36:20.778436,0.0,32.5,-47.6,24.1,50.01,41.8,236.7,False
2025-01-15T09:36:20.919141,1.0,95.0,-38.8,43.1,50.01,61.5,239.0,False
2025-01-15T09:36:21.041114,2.0,77.0,40.9,36.2,50.0,56.9,240.6,False
2025-01-15T09:36:32.637510,0.0,53.7,-0.8,22.9,50.01,40.5,237.0,False
2025-01-15T09:36:32.772255,1.0,95.0,-38.8,43.1,50.01,47.3,239.3,False
2025-01-15T09:36:32.899284,2.0,77.0,40.9,36.2,50.02,40.9,240.8,False
2025-01-15T09:36:56.639222,0.0,87.7,0.8,37.4,49.99,43.7,236.5,False
2025-01-15T09:36:56.778253,1.0,95.0,-38.8,43.1,50.0,68.4,238.8,False
2025-01-15T09:36:56.902665,2.0,77.0,40.9,36.2,50.0,64.1,240.3,False
2025-01-15T09:36:57.026146,0.0,94.5,-2.3,40.1,50.0,40.2,236.7,False
2025-01-15T09:36:57.162730,1.0,95.0,-38.8,43.1,50.0,47.8,238.9,False
2025-01-15T09:36:57.290144,2.0,77.0,40.9,36.2,49.99,42.4,240.4,False
2025-01-15T09:37:08.638139,0.0,64.3,-3.0,27.2,50.03,42.0,236.7,False
2025-01-15T09:37:08.767937,1.0,95.0,-38.8,43.1,50.02,60.6,238.9,False
2025-01-15T09:37:08.904723,2.0,77.0,40.9,36.2,50.02,55.5,240.5,False
2025-01-15T09:37:32.637755,0.0,62.8,-9.8,26.9,50.02,40.7,236.7,False
2025-01-15T09:37:32.775080,1.0,95.0,-38.8,43.1,50.01,46.2,239.0,False
2025-01-15T09:37:32.905479,2.0,77.0,40.9,36.2,50.03,40.9,240.6,False
2025-01-15T09:38:32.639099,0.0,19.7,-43.1,19.9,50.01,40.3,236.6,False
2025-01-15T09:38:32.766328,1.0,13.6,-37.8,16.7,50.01,46.0,238.9,False
2025-01-15T09:38:32.898417,0.0,21.2,-42.4,19.9,50.02,40.7,236.7,False
2025-01-15T09:38:33.032494,1.0,95.0,-38.8,43.1,50.01,45.9,239.0,False
2025-01-15T09:39:08.640426,0.0,64.3,-0.8,27.1,50.02,41.4,236.9,False
2025-01-15T09:39:08.799163,1.0,94.3,-37.9,42.9,50.02,57.6,239.2,False
2025-01-15T09:39:08.940576,2.0,77.0,40.9,36.2,50.02,52.4,240.7,False
2025-01-15T09:39:20.637903,0.0,40.1,-49.2,26.8,50.01,41.3,236.8,False
2025-01-15T09:39:20.754789,1.0,95.0,-38.8,43.1,50.02,59.4,239.1,False
2025-01-15T09:39:20.876935,2.0,77.0,40.9,36.2,50.01,52.4,240.6,False
2025-01-15T09:39:32.642317,0.0,46.9,-56.7,31.1,50.01,40.5,236.8,False
2025-01-15T09:39:32.776751,1.0,94.3,-37.9,42.9,50.01,36.5,239.1,False
2025-01-15T09:39:32.898668,2.0,84.7,60.5,43.3,50.01,29.5,240.5,False
2025-01-15T09:39:44.689005,0.0,28.7,-46.9,23.3,50.0,40.6,236.9,False
2025-01-15T09:39:44.823238,1.0,8.3,-35.5,15.3,50.0,36.2,239.1,False
2025-01-15T09:39:44.951879,0.0,149.0,-48.4,66.2,50.01,42.8,236.9,False
2025-01-15T09:39:45.098406,1.0,95.0,-38.8,43.1,50.0,65.9,239.1,False
2025-01-15T09:39:45.245748,2.0,77.0,40.9,36.2,49.99,60.2,240.6,False
2025-01-15T09:39:56.649865,0.0,87.7,1.5,37.4,50.0,48.0,236.6,False
2025-01-15T09:39:56.786574,1.0,94.3,-37.9,42.9,50.01,80.2,238.8,False
2025-01-15T09:39:56.905398,2.0,57.4,120.5,55.5,50.01,76.0,240.3,False
2025-01-15T09:40:08.696092,0.0,124.8,6.1,53.0,50.01,42.2,236.8,False
2025-01-15T09:40:08.838943,1.0,95.0,-38.8,43.1,50.0,62.6,239.0,False
2025-01-15T09:40:08.952088,2.0,77.0,40.9,36.2,50.01,55.4,240.5,False
2025-01-15T09:40:09.068971,0.0,59.7,-4.5,25.4,50.01,40.8,236.9,False
2025-01-15T09:40:09.193164,1.0,94.3,-37.9,42.9,50.01,48.3,239.2,False
2025-01-15T09:40:09.323846,2.0,57.4,120.5,55.5,50.02,41.7,240.7,False
2025-01-15T09:40:20.645180,0.0,125.5,-3.8,52.9,50.0,46.8,237.1,False
2025-01-15T09:40:20.775040,1.0,95.0,-38.8,43.1,50.01,76.5,239.2,False
2025-01-15T09:40:20.904139,2.0,77.0,40.9,36.2,50.01,68.9,240.8,False
2025-01-15T09:40:44.650500,0.0,86.2,0.8,36.1,50.02,43.2,236.7,False
2025-01-15T09:40:44.817839,1.0,95.0,-38.8,43.1,50.01,59.9,238.9,False
2025-01-15T09:40:44.982042,2.0,77.0,40.9,36.2,50.01,52.4,240.3,False
2025-01-15T09:41:08.697609,1.0,43.9,3.8,18.5,50.01,49.7,239.2,False
2025-01-15T09:41:08.826320,2.0,36.3,10.6,15.7,50.01,42.5,240.8,False
2025-01-15T09:41:44.649166,0.0,34.8,6.8,15.1,50.01,43.6,237.0,False
2025-01-15T09:41:44.796267,1.0,95.0,-38.8,43.1,50.01,63.3,239.1,False
2025-01-15T09:41:44.916219,2.0,77.0,40.9,36.2,50.01,57.0,240.7,False
2025-01-15T09:42:08.649033,0.0,63.5,-6.8,27.0,50.01,44.6,237.3,False
2025-01-15T09:42:08.771099,1.0,95.0,-38.8,43.1,50.0,39.3,239.5,False
2025-01-15T09:42:08.919984,2.0,77.0,40.9,36.2,50.0,29.4,241.0,False
2025-01-15T09:42:20.646613,0.0,115.0,-7.6,48.9,50.01,45.9,237.0,False
2025-01-15T09:42:20.778811,1.0,95.0,-38.8,43.1,50.01,71.1,239.2,False
2025-01-15T09:42:20.908501,2.0,77.0,40.9,36.2,50.01,63.5,240.7,False
2025-01-15T09:42:32.646766,0.0,101.3,-6.8,42.6,50.01,52.5,237.2,False
2025-01-15T09:42:32.778731,1.0,94.3,-37.9,42.9,50.0,88.7,239.4,False
2025-01-15T09:42:32.905888,2.0,68.4,143.7,66.3,50.01,80.9,240.9,False
2025-01-15T09:42:33.025595,0.0,93.8,-6.1,39.7,50.01,46.4,237.3,False
2025-01-15T09:42:33.146698,1.0,95.0,-38.8,43.1,50.01,71.6,239.4,False
2025-01-15T09:42:33.264670,2.0,77.0,40.9,36.2,50.01,62.0,241.0,False
2025-01-15T09:42:44.649082,0.0,85.5,-6.1,36.1,50.01,50.8,237.3,False
2025-01-15T09:42:44.788888,1.0,95.0,-38.8,43.1,50.01,85.0,239.5,False
2025-01-15T09:42:44.948305,2.0,77.0,40.9,36.2,50.0,77.5,241.0,False
2025-01-15T09:42:45.097560,0.0,119.5,-3.8,50.5,50.01,44.3,237.4,False
2025-01-15T09:42:45.236172,1.0,95.0,-38.8,43.1,50.01,63.0,239.6,False
2025-01-15T09:42:45.368494,2.0,77.0,40.9,36.2,50.01,52.5,241.1,False
2025-01-15T09:42:45.515303,0.0,77.1,-6.8,32.7,50.01,43.5,237.5,False
2025-01-15T09:42:45.673496,1.0,94.3,-37.9,42.9,50.0,39.0,239.6,False
2025-01-15T09:42:45.820243,2.0,68.4,143.7,66.3,50.01,29.6,241.1,False
2025-01-15T09:45:44.649970,0.0,39.3,-46.1,25.1,50.01,40.3,237.1,False
2025-01-15T09:45:44.798399,1.0,9.8,-34.8,14.9,50.01,36.4,239.3,False
2025-01-15T09:45:44.944490,2.0,5.3,-38.6,15.8,50.0,30.8,240.8,False
2025-01-15T09:48:44.655670,0.0,18.9,-45.4,19.8,50.01,40.4,237.7,False
2025-01-15T09:48:44.835780,1.0,95.0,-38.8,43.1,50.01,36.2,239.9,False
2025-01-15T09:48:44.982419,2.0,77.0,40.9,36.2,50.01,31.3,241.5,False
2025-01-15T09:49:08.651097,0.0,23.4,-51.4,22.7,49.99,40.7,236.9,False
2025-01-15T09:49:08.800789,1.0,95.0,-38.8,43.1,49.99,36.6,239.1,False
2025-01-15T09:49:44.650480,0.0,15.1,-432.6,182.9,50.01,76.1,237.3,False
2025-01-15T09:49:44.798445,1.0,59.0,-423.5,179.1,50.0,68.0,239.5,False
2025-01-15T09:49:44.904517,2.0,77.0,40.9,36.2,50.0,47.4,241.1,False
2025-01-15T09:50:20.650885,0.0,35.5,-24.2,18.0,50.02,75.3,237.0,False
2025-01-15T09:53:20.656175,0.0,39.3,-18.2,18.0,50.02,81.5,237.4,False
2025-01-15T09:53:20.789374,1.0,6.8,-12.1,5.7,50.02,78.3,239.6,False
2025-01-15T09:53:20.897526,2.0,6.1,-12.9,5.8,50.02,53.1,241.1,False
2025-01-15T09:55:08.659846,0.0,37.1,-18.2,17.3,50.02,75.3,237.3,False
2025-01-15T09:56:08.656091,0.0,66.6,-504.5,214.4,50.01,40.4,237.4,False
2025-01-15T09:56:08.809240,1.0,95.0,-38.8,43.1,50.01,36.6,239.6,False
2025-01-15T09:56:08.968251,2.0,77.0,40.9,36.2,50.01,30.7,241.1,False
2025-01-15T09:56:56.652253,0.0,6.8,-40.8,17.4,50.02,40.1,237.4,False
2025-01-15T09:59:56.655712,0.0,11.3,-37.8,16.8,50.03,41.0,237.3,False
2025-01-15T09:59:56.779579,1.0,9.1,-34.0,14.9,50.03,37.1,239.4,False
2025-01-15T09:59:56.888739,2.0,5.3,-34.0,14.5,50.03,31.2,241.0,False
2025-01-15T10:00:08.658377,0.0,23.4,-40.8,19.7,50.02,40.4,237.2,False
2025-01-15T10:00:08.860071,1.0,95.0,-38.8,43.1,50.03,36.7,239.3,False
2025-01-15T10:00:20.663843,0.0,87.7,4.5,37.1,50.02,49.0,236.9,False
2025-01-15T10:00:20.818341,1.0,95.0,-38.8,43.1,50.01,79.6,238.9,False
2025-01-15T10:00:20.953356,2.0,57.4,120.5,55.5,50.01,76.8,240.6,False
2025-01-15T10:00:32.727167,0.0,151.3,-0.8,64.0,49.99,40.5,237.0,False
2025-01-15T10:00:32.882759,1.0,95.0,-38.8,43.1,49.99,45.2,239.2,False
2025-01-15T10:00:33.050564,2.0,77.0,40.9,36.2,49.99,41.0,240.8,False
2025-01-15T10:00:33.207714,0.0,142.2,5.3,60.1,49.99,49.1,236.9,False
2025-01-15T10:00:33.351951,1.0,95.0,-38.8,43.1,50.0,78.2,239.0,False
2025-01-15T10:00:33.497259,2.0,77.0,40.9,36.2,49.99,77.7,240.7,False
2025-01-15T10:00:33.649487,0.0,115.0,4.5,48.6,49.98,41.4,237.0,False
2025-01-15T10:00:33.793427,1.0,95.0,-38.8,43.1,49.98,51.7,239.1,False
2025-01-15T10:00:33.928190,2.0,77.0,40.9,36.2,49.98,47.3,240.7,False
2025-01-15T10:00:44.657221,0.0,44.6,-1.5,18.9,49.98,45.1,237.0,False
2025-01-15T10:00:44.841992,1.0,95.0,-38.8,43.1,49.98,66.4,239.0,False
2025-01-15T10:00:45.007669,2.0,77.0,40.9,36.2,49.98,63.0,240.7,False
2025-01-15T10:00:56.664962,0.0,51.4,-98.3,46.5,49.99,43.3,236.9,False
2025-01-15T10:00:56.823630,1.0,95.0,-38.8,43.1,49.99,41.1,238.9,False
2025-01-15T10:00:56.983555,2.0,77.0,40.9,36.2,49.99,29.8,240.7,False
2025-01-15T10:02:20.665120,0.0,7.6,-378.2,159.7,50.0,77.6,236.8,False
2025-01-15T10:02:20.842976,1.0,52.2,-368.3,155.8,49.98,67.2,239.0,False
2025-01-15T10:02:20.978382,2.0,57.4,120.5,55.5,49.98,49.2,240.7,False
2025-01-15T10:02:32.661086,0.0,515.8,-211.0,234.4,49.99,85.4,237.4,False
2025-01-15T10:02:32.803202,1.0,95.0,-38.8,43.1,50.0,129.4,239.5,False
2025-01-15T10:02:32.939296,2.0,77.0,40.9,36.2,49.99,96.3,241.1,False
2025-01-15T10:02:44.669569,0.0,478.7,270.8,231.8,49.99,44.7,237.6,False
2025-01-15T10:02:44.806462,1.0,95.0,-38.8,43.1,49.99,37.6,239.7,False
2025-01-15T10:02:44.935118,2.0,77.0,40.9,36.2,50.0,29.0,241.4,False
2025-01-15T10:02:56.661575,0.0,28.7,-62.8,28.8,49.99,45.1,237.3,False
2025-01-15T10:02:56.806992,1.0,7.6,-48.4,20.3,49.99,37.7,239.5,False
2025-01-15T10:02:56.928462,2.0,6.1,-48.4,20.1,50.0,28.6,241.2,False
2025-01-15T10:04:32.662960,0.0,59.0,-67.3,37.8,50.02,44.4,237.3,False
2025-01-15T10:04:32.811196,1.0,95.0,-38.8,43.1,50.01,38.3,239.6,False
2025-01-15T10:04:32.958953,2.0,77.0,40.9,36.2,50.01,29.7,241.2,False
2025-01-15T10:05:08.668122,0.0,31.8,-18.2,15.6,50.02,40.8,237.4,False
2025-01-15T10:06:32.664775,0.0,40.1,-22.7,19.4,50.03,40.9,237.5,False
2025-01-15T10:07:08.665459,0.0,25.0,-31.0,16.6,50.03,40.5,237.4,False
2025-01-15T10:09:44.668107,0.0,50.7,-41.6,27.0,50.03,40.8,236.8,False
2025-01-15T10:09:44.796600,1.0,3.8,-23.4,9.4,50.03,37.2,239.0,False
2025-01-15T10:09:44.917265,2.0,2.3,-28.0,11.2,50.03,33.8,240.7,False
2025-01-15T10:09:45.047907,0.0,31.0,-59.0,27.9,50.02,40.5,237.0,False
2025-01-15T10:09:45.202158,1.0,94.3,-37.9,42.9,50.02,36.5,239.2,False
2025-01-15T10:09:45.353673,1.0,95.0,-38.8,43.1,50.02,36.5,239.2,False
2025-01-15T10:09:45.490815,1.0,94.3,-37.9,42.9,50.02,36.5,239.2,False
2025-01-15T10:09:45.629672,2.0,246.2,684.8,302.2,50.03,33.1,240.9,False
2025-01-15T10:09:45.759747,2.0,246.2,684.8,302.2,50.03,33.1,240.9,False
2025-01-15T10:12:44.659145,0.0,5.3,6.1,3.4,50.03,44.0,237.1,False
2025-01-15T10:12:44.817086,1.0,1.5,-2.3,1.2,50.03,37.1,239.3,False
2025-01-15T10:12:44.932136,2.0,3.8,5.3,2.7,50.03,29.6,240.9,False
2025-01-15T10:13:20.668942,0.0,69.6,-20.4,30.6,50.05,44.0,237.1,False
2025-01-15T10:13:20.790712,0.0,62.8,-13.6,27.2,50.04,44.1,237.3,False
2025-01-15T10:16:20.654086,0.0,5.3,3.8,2.8,50.04,40.9,237.0,False
2025-01-15T10:16:20.793838,1.0,0.8,-2.3,1.3,50.04,36.6,239.1,False
2025-01-15T10:16:20.953837,2.0,5.3,4.5,2.8,50.04,33.4,240.8,False
2025-01-15T10:19:20.655906,0.0,3.0,-0.8,1.6,50.03,41.1,237.2,False
2025-01-15T10:19:20.757802,1.0,0.8,-0.8,0.2,50.03,37.2,239.5,False
2025-01-15T10:19:20.859311,2.0,1.5,0.0,0.8,50.03,33.9,241.2,False
2025-01-15T10:22:20.668240,0.0,0.0,-6.8,3.1,50.05,41.2,237.1,False
2025-01-15T10:22:20.782791,1.0,1.5,1.5,0.8,50.05,38.8,239.3,False
2025-01-15T10:22:20.893986,2.0,2.3,-2.3,1.1,50.04,34.2,240.9,False
2025-01-15T10:25:20.659925,0.0,6.1,-0.8,2.4,50.03,40.7,237.3,False
2025-01-15T10:25:20.815936,1.0,1.5,-2.3,1.3,50.04,38.0,239.5,False
2025-01-15T10:25:20.943585,2.0,0.8,-4.5,1.6,50.03,32.9,241.2,False
2025-01-15T10:28:20.658747,0.0,3.0,-3.0,1.9,50.05,40.9,237.5,False
2025-01-15T10:28:20.777356,1.0,0.8,-4.5,1.8,50.04,36.7,239.7,False
2025-01-15T10:28:20.920858,2.0,1.5,-2.3,1.3,50.06,33.5,241.5,False
2025-01-15T10:29:08.677215,0.0,74.1,-15.1,32.1,50.06,41.0,237.3,False
2025-01-15T10:29:20.675128,0.0,60.5,-12.1,26.2,50.06,40.8,237.5,False
2025-01-15T10:32:08.661122,0.0,9.8,-1.5,3.7,49.99,41.1,236.8,False
2025-01-15T10:32:08.811038,1.0,0.8,-8.3,2.9,49.98,38.1,239.0,False
2025-01-15T10:32:08.942496,2.0,6.1,-2.3,2.4,49.98,31.7,240.6,False
2025-01-15T10:32:44.676560,0.0,50.7,-12.9,21.9,49.99,40.8,236.9,False
2025-01-15T10:32:44.821201,0.0,43.1,-9.8,18.7,49.99,40.9,237.0,False
2025-01-15T10:35:44.664283,0.0,14.4,-3.0,5.7,49.99,41.1,237.5,False
2025-01-15T10:35:44.857400,1.0,0.8,2.3,0.6,50.0,36.3,239.6,False
2025-01-15T10:35:45.000477,2.0,0.8,-3.0,0.9,49.99,30.2,241.3,False
2025-01-15T10:37:08.755011,2.0,39.6,82.5,37.9,50.0,40.7,241.0,False
2025-01-15T10:38:56.663841,0.0,21.2,0.8,9.0,50.02,42.5,237.3,False
2025-01-15T10:38:56.808106,1.0,41.6,-0.0,17.4,50.02,36.7,239.5,False
2025-01-15T10:38:56.918854,2.0,77.0,40.9,36.2,50.03,30.5,241.1,False
2025-01-15T10:41:56.664905,0.0,17.4,-0.0,7.2,50.02,42.5,237.1,False
2025-01-15T10:41:56.793618,1.0,2.3,-0.8,1.2,50.02,39.6,239.2,False
2025-01-15T10:41:56.924770,2.0,3.0,5.3,2.3,50.02,33.2,240.8,False
2025-01-15T10:44:20.686055,0.0,52.9,-10.6,22.6,50.03,44.2,237.3,False
2025-01-15T10:44:20.802245,0.0,43.9,-12.9,19.3,50.03,44.6,237.3,False
2025-01-15T10:44:20.920833,0.0,45.4,-11.3,19.8,50.03,44.4,237.2,False
2025-01-15T10:44:21.050979,0.0,43.9,-11.3,19.2,50.02,43.7,237.2,False
2025-01-15T10:46:32.687104,0.0,56.0,-15.1,24.7,50.01,41.2,237.0,False
2025-01-15T10:46:32.840210,1.0,1.5,-3.0,1.2,50.01,37.2,239.2,False
2025-01-15T10:46:32.987114,2.0,1.5,2.3,1.0,50.01,31.1,240.7,False
2025-01-15T10:46:33.132585,0.0,52.9,-12.1,23.0,50.02,40.5,237.1,False
2025-01-15T10:49:32.668195,0.0,16.6,-18.9,10.5,50.02,41.1,237.0,False
2025-01-15T10:49:32.815700,1.0,0.8,-9.1,3.8,50.03,36.8,239.1,False
2025-01-15T10:49:32.932487,2.0,0.8,-15.9,6.6,50.02,31.5,240.7,False
2025-01-15T10:52:32.670380,0.0,11.3,-22.7,11.3,50.04,43.5,236.6,False
2025-01-15T10:52:32.832193,1.0,4.5,-11.3,5.3,50.04,39.9,239.0,False
2025-01-15T10:52:32.935228,2.0,1.5,-6.8,3.1,50.04,34.4,240.5,False
2025-01-15T10:55:08.689233,0.0,6.1,-37.8,16.7,50.02,47.3,237.0,False
2025-01-15T10:58:08.675807,0.0,2.3,-30.3,12.9,50.02,41.3,236.9,False
2025-01-15T10:58:08.800568,1.0,4.5,-25.0,10.8,50.02,36.6,239.1,False
2025-01-15T10:58:08.915746,2.0,8.3,-18.2,8.3,50.02,31.4,240.8,False
2025-01-15T11:01:08.675420,0.0,0.8,-0.8,0.2,49.99,40.9,237.3,False
2025-01-15T11:01:08.837165,1.0,1.5,0.0,0.8,49.99,37.1,239.5,False
2025-01-15T11:01:09.001672,2.0,0.0,-3.0,0.9,49.99,31.4,241.2,False
2025-01-15T11:02:32.687956,0.0,40.8,9.8,17.9,49.99,41.8,236.9,False
2025-01-15T11:02:32.815718,0.0,33.3,-21.2,16.7,49.98,42.0,237.0,False
2025-01-15T11:03:56.702749,0.0,52.9,-98.3,47.2,50.0,44.1,237.0,False
2025-01-15T11:03:56.844835,1.0,15.1,-68.8,29.5,50.0,38.3,239.3,False
2025-01-15T11:03:56.981820,2.0,39.6,82.5,37.9,49.99,30.1,240.8,False
2025-01-15T11:06:56.688807,0.0,90.0,-103.6,57.4,50.0,40.6,237.3,False
2025-01-15T11:06:56.817643,1.0,95.0,-38.8,43.1,50.01,37.2,239.7,False
2025-01-15T11:06:56.939812,2.0,77.0,40.9,36.2,50.01,31.9,241.2,False
2025-01-15T11:06:57.064526,0.0,38.6,-10.6,16.9,50.01,40.8,237.3,False
2025-01-15T11:09:56.676053,0.0,13.6,-0.8,5.9,50.01,40.8,237.5,False
2025-01-15T11:09:56.808006,1.0,9.8,-0.8,4.2,50.0,35.1,239.8,False
2025-01-15T11:09:56.918087,2.0,9.8,2.3,4.2,50.01,29.5,241.3,False
2025-01-15T11:10:44.690317,0.0,40.1,-75.6,35.8,50.01,40.6,237.3,False
2025-01-15T11:10:44.859740,1.0,95.0,-38.8,43.1,50.03,35.0,239.5,False
2025-01-15T11:10:44.994667,2.0,77.0,40.9,36.2,50.01,29.2,241.1,False
2025-01-15T11:13:44.693363,0.0,59.7,-87.7,44.9,50.01,43.2,237.2,False
2025-01-15T11:13:44.817342,1.0,95.0,-38.8,43.1,50.01,38.0,239.5,False
2025-01-15T11:13:44.938809,2.0,77.0,40.9,36.2,50.01,30.8,241.0,False
2025-01-15T11:14:08.690315,0.0,23.4,-29.5,16.1,50.0,43.7,237.4,False
2025-01-15T11:17:08.680790,0.0,4.5,-15.1,7.1,49.99,41.1,237.1,False
2025-01-15T11:17:08.842356,1.0,2.3,-10.6,5.0,50.0,35.6,239.3,False
2025-01-15T11:17:08.989006,2.0,5.3,-9.1,4.6,50.0,29.4,240.9,False
2025-01-15T11:20:08.700190,0.0,5.3,-43.9,18.7,50.02,39.0,237.1,False
2025-01-15T11:20:08.854236,1.0,1.5,-0.8,0.7,50.01,35.4,239.3,False
2025-01-15T11:20:09.021353,2.0,0.0,-1.5,0.8,50.01,29.4,240.8,False
2025-01-15T11:20:09.158742,0.0,5.3,-45.4,19.4,50.01,41.1,237.2,False
2025-01-15T11:20:32.699117,0.0,27.2,-38.6,19.5,50.0,53.0,237.4,False
2025-01-15T11:20:44.695172,0.0,256.4,-31.0,108.6,49.99,34.3,237.6,False
2025-01-15T11:20:44.853083,0.0,595.2,-21.9,251.3,50.0,22.9,237.4,False
2025-01-15T11:21:08.696600,0.0,93.0,-61.3,46.9,49.98,22.7,237.3,False
2025-01-15T11:21:08.845015,1.0,95.0,-38.8,43.1,49.99,36.1,240.2,False
2025-01-15T11:21:08.977618,2.0,77.0,40.9,36.2,49.99,30.9,241.7,False
2025-01-15T11:21:09.113480,0.0,107.4,-65.8,52.9,49.99,22.5,237.4,False
2025-01-15T11:21:09.285944,1.0,95.0,-38.8,43.1,49.99,35.9,240.2,False
2025-01-15T11:21:09.430134,2.0,77.0,40.9,36.2,50.0,30.5,241.8,False
2025-01-15T11:24:08.684212,0.0,24.2,-7.6,9.7,50.01,25.5,237.1,False
2025-01-15T11:24:08.810009,1.0,1.5,-0.8,0.9,50.02,36.1,239.9,False
2025-01-15T11:24:08.939562,2.0,0.8,0.8,0.7,50.0,29.7,241.4,False
2025-01-15T11:26:44.698760,0.0,85.5,-58.2,43.6,50.04,24.2,237.1,False
2025-01-15T11:26:44.846335,1.0,95.0,-38.8,43.1,50.03,35.3,240.0,False
2025-01-15T11:26:44.976805,2.0,77.0,40.9,36.2,50.04,32.8,241.6,False
2025-01-15T11:28:20.703599,0.0,26.5,-28.7,16.5,50.0,23.0,237.6,False
2025-01-15T11:31:20.687220,0.0,17.4,-4.5,7.3,49.97,23.4,237.5,False
2025-01-15T11:31:20.820706,1.0,0.0,2.3,0.8,49.97,36.4,240.4,False
2025-01-15T11:31:20.920685,2.0,2.3,-1.5,1.0,49.98,32.5,241.9,False
2025-01-15T11:31:44.702676,0.0,74.1,-51.4,37.5,49.98,23.3,237.3,False
2025-01-15T11:31:44.858602,1.0,8.3,-36.3,15.3,49.97,36.6,240.2,False
2025-01-15T11:34:44.701471,0.0,80.2,-50.7,38.7,49.97,24.8,237.8,False
2025-01-15T11:34:44.839344,1.0,8.3,-34.8,14.4,49.98,37.9,240.7,False
2025-01-15T11:34:44.967838,2.0,77.0,40.9,36.2,49.97,30.7,242.1,False
2025-01-15T11:34:56.703442,0.0,52.2,-33.3,26.8,49.98,25.2,238.1,False
2025-01-15T11:37:56.729656,1.0,6.8,-24.2,11.3,49.99,36.7,240.1,False
2025-01-15T11:37:56.892482,2.0,9.1,-15.9,8.5,49.99,32.5,241.4,False
2025-01-15T11:38:32.709847,0.0,87.0,-52.9,43.8,50.0,23.0,237.5,False
2025-01-15T11:38:32.837153,1.0,9.8,-35.5,15.6,50.0,35.4,240.4,False
2025-01-15T11:41:20.705896,0.0,100.6,-46.9,48.9,49.99,23.2,236.7,False
2025-01-15T11:41:20.827536,2.0,7.6,-33.3,14.8,50.01,31.5,241.0,False
2025-01-15T11:41:20.973172,0.0,40.8,-20.4,19.3,50.01,22.7,236.7,False
2025-01-15T11:42:08.710836,0.0,11.3,-157.3,67.2,50.01,24.5,237.2,False
2025-01-15T11:42:08.845724,1.0,11.3,-157.3,66.3,50.02,38.9,239.9,False
2025-01-15T11:42:08.945183,2.0,77.0,40.9,36.2,50.01,33.9,241.4,False
2025-01-15T11:42:09.046770,0.0,51.4,-27.2,23.5,50.02,24.6,236.8,False
2025-01-15T11:42:20.708172,0.0,55.2,-201.2,87.7,50.02,23.2,237.0,False
2025-01-15T11:42:20.833197,1.0,95.0,-38.8,43.1,50.02,35.2,239.8,False
2025-01-15T11:42:20.943383,2.0,77.0,40.9,36.2,50.02,31.2,241.2,False
2025-01-15T11:43:08.714030,0.0,56.0,-39.3,29.0,50.02,23.9,237.1,False
2025-01-15T11:43:08.877251,1.0,95.0,-38.8,43.1,50.02,40.2,239.8,False
2025-01-15T11:44:32.707968,0.0,99.8,-46.9,45.9,50.03,25.5,237.3,False
2025-01-15T11:44:32.845669,1.0,94.3,-37.9,42.9,50.03,37.1,240.2,False
2025-01-15T11:44:32.983728,2.0,68.4,143.7,66.3,50.03,29.4,241.6,False
2025-01-15T11:44:33.115369,2.0,77.0,40.9,36.2,50.03,29.4,241.6,False
2025-01-15T11:44:44.708421,0.0,106.6,-56.0,50.6,50.02,24.9,237.3,False
2025-01-15T11:44:44.857063,1.0,94.3,-37.9,42.9,50.03,37.2,240.0,False
2025-01-15T11:44:44.994805,2.0,68.4,143.7,66.3,50.02,30.1,241.4,False
2025-01-15T11:44:45.136180,0.0,78.7,-49.9,39.2,50.02,24.9,237.3,False
2025-01-15T11:44:45.274434,1.0,95.0,-38.8,43.1,50.02,37.5,240.1,False
2025-01-15T11:44:45.404390,2.0,77.0,40.9,36.2,50.02,30.4,241.5,False
2025-01-15T11:47:44.694783,0.0,6.1,1.5,2.4,50.01,22.7,237.2,False
2025-01-15T11:47:44.816460,1.0,1.5,-1.5,1.1,50.01,37.0,239.8,False
2025-01-15T11:47:44.933201,2.0,5.3,5.3,3.1,50.01,32.9,241.4,False
2025-01-15T11:47:56.703829,0.0,46.1,-9.8,19.5,50.01,22.9,237.3,False
2025-01-15T11:48:08.709624,0.0,39.3,-9.8,16.9,50.0,23.0,237.2,False
2025-01-15T11:48:08.860056,0.0,43.9,-9.1,19.5,50.01,22.6,237.0,False
2025-01-15T11:48:20.709859,0.0,41.6,-7.6,18.9,50.02,22.8,237.4,False
2025-01-15T11:48:56.709196,0.0,52.2,-6.8,23.1,50.01,23.5,237.1,False
2025-01-15T11:48:56.831382,0.0,52.2,-10.6,22.6,50.02,23.0,237.1,False
2025-01-15T11:49:08.708881,0.0,97.6,-76.4,51.6,50.02,23.1,236.8,False
2025-01-15T11:49:08.827739,1.0,95.0,-38.8,43.1,50.02,36.8,239.5,False
2025-01-15T11:49:08.946709,2.0,77.0,40.9,36.2,50.01,32.0,241.0,False
2025-01-15T11:49:20.706357,0.0,93.0,-74.9,50.3,50.02,22.6,236.9,False
2025-01-15T11:49:20.819883,1.0,95.0,-38.8,43.1,50.01,36.6,239.5,False
2025-01-15T11:49:20.938831,2.0,77.0,40.9,36.2,50.01,32.6,241.0,False
2025-01-15T11:52:20.699587,0.0,15.1,-6.1,6.4,50.02,22.7,237.1,False
2025-01-15T11:52:20.864506,1.0,0.0,-0.8,0.1,50.02,36.9,239.7,False
2025-01-15T11:52:20.988231,2.0,0.0,0.0,0.2,50.01,33.0,241.2,False
2025-01-15T11:52:56.716193,0.0,61.3,-10.6,26.0,50.03,24.5,237.2,False
2025-01-15T11:52:56.812955,0.0,55.2,-11.3,24.3,50.03,24.9,237.4,False
2025-01-15T11:53:08.711851,0.0,128.6,-59.0,59.2,50.03,25.1,237.2,False
2025-01-15T11:53:08.819526,1.0,95.0,-38.8,43.1,50.03,43.5,240.0,False
2025-01-15T11:53:08.929613,2.0,77.0,40.9,36.2,50.02,36.9,241.4,False
2025-01-15T11:53:32.718951,0.0,142.9,-75.6,68.2,50.02,23.9,237.2,False
2025-01-15T11:53:32.882043,1.0,95.0,-38.8,43.1,50.03,40.2,239.9,False
2025-01-15T11:53:33.006498,2.0,77.0,40.9,36.2,50.02,34.5,241.4,False
2025-01-15T11:53:33.147741,0.0,37.8,-11.3,16.5,50.02,24.3,237.1,False
2025-01-15T11:54:44.720477,0.0,56.7,-0.8,24.6,50.02,25.5,236.9,False
2025-01-15T11:54:44.862622,0.0,51.4,-9.8,22.4,50.02,25.6,237.0,False
2025-01-15T11:57:44.704077,0.0,0.8,7.6,2.9,50.0,23.0,237.8,False
2025-01-15T11:57:44.833492,1.0,3.0,-2.3,2.1,49.99,37.2,240.5,False
2025-01-15T11:57:44.952567,2.0,0.8,-3.8,0.9,50.0,32.1,241.8,False
2025-01-15T12:00:44.706483,0.0,2.3,-5.3,1.4,49.97,23.1,236.9,False
2025-01-15T12:00:44.951568,1.0,1.5,-3.8,1.1,49.98,38.5,239.7,False
2025-01-15T12:00:45.092306,2.0,0.8,-5.3,1.4,49.97,33.4,241.1,False
2025-01-15T12:02:32.720005,0.0,53.7,-13.6,22.9,49.97,23.2,237.1,False
2025-01-15T12:02:32.841656,0.0,52.9,-12.9,23.1,49.97,23.1,237.2,False
2025-01-15T12:03:44.720309,0.0,40.8,-13.6,18.2,49.98,24.1,237.1,False
2025-01-15T12:03:44.847030,1.0,0.0,1.5,0.6,49.98,41.1,239.9,False
2025-01-15T12:03:44.969146,2.0,0.0,1.5,0.7,49.97,34.0,241.3,False
2025-01-15T12:03:45.131282,0.0,41.6,-9.1,17.8,49.98,24.2,237.1,False
2025-01-15T12:04:56.725846,0.0,158.8,-115.7,82.6,49.97,25.1,236.9,False
2025-01-15T12:04:56.864186,1.0,95.0,-38.8,43.1,49.96,38.0,239.7,False
2025-01-15T12:04:57.011499,2.0,77.0,40.9,36.2,49.98,32.0,241.1,False
2025-01-15T12:05:08.727450,0.0,152.0,-97.6,76.0,49.97,25.2,237.0,False
2025-01-15T12:05:08.875256,1.0,95.0,-38.8,43.1,49.98,38.6,239.8,False
2025-01-15T12:05:09.004224,2.0,246.2,684.8,302.2,49.97,32.1,241.2,False
2025-01-15T12:05:09.139761,2.0,246.2,684.8,302.2,49.97,32.1,241.2,False
2025-01-15T12:08:08.743976,1.0,0.0,-3.0,1.2,49.99,37.5,239.8,False
2025-01-15T12:08:08.894245,2.0,4.5,2.3,2.1,49.99,33.2,241.3,False
2025-01-15T12:11:08.711055,0.0,1.5,0.0,1.8,49.99,23.2,236.6,False
2025-01-15T12:11:08.835785,1.0,0.8,-6.1,2.0,50.0,37.2,239.2,False
2025-01-15T12:11:08.986218,2.0,4.5,-3.0,1.8,50.0,32.2,240.6,False
2025-01-15T12:13:56.712756,0.0,1.5,-7.6,2.6,50.0,24.0,237.0,False
2025-01-15T12:13:56.842861,1.0,1.5,0.0,0.8,50.0,39.5,239.6,False
2025-01-15T12:13:56.968948,2.0,0.0,-4.5,1.5,50.0,32.9,240.9,False
2025-01-15T12:16:56.715634,0.0,0.8,8.3,3.7,50.01,25.1,237.1,False
2025-01-15T12:16:56.888726,1.0,1.5,-5.3,2.1,50.01,37.1,239.9,False
2025-01-15T12:16:57.008427,2.0,0.8,0.8,0.4,50.01,30.5,241.4,False
2025-01-15T12:19:56.715454,0.0,0.8,3.0,2.2,50.0,23.0,236.7,False
2025-01-15T12:19:56.835755,1.0,0.8,-4.5,1.5,49.99,38.0,239.5,False
2025-01-15T12:19:56.941169,2.0,1.5,3.0,1.1,50.0,32.5,241.0,False
2025-01-15T12:22:56.716012,0.0,1.5,-3.8,1.6,49.99,22.9,236.7,False
2025-01-15T12:22:56.836717,1.0,0.8,-3.0,1.4,49.99,37.1,239.4,False
2025-01-15T12:22:56.977953,2.0,2.3,-2.3,1.3,50.0,33.1,240.9,False
2025-01-15T12:25:56.725108,0.0,3.8,-0.8,0.6,50.01,25.4,237.2,False
2025-01-15T12:25:56.846732,1.0,0.8,-3.8,1.0,50.02,36.8,240.1,False
2025-01-15T12:25:56.965175,2.0,1.5,-6.8,2.3,50.02,30.6,241.6,False
2025-01-15T12:27:08.735636,0.0,97.6,-81.7,49.6,50.01,24.9,235.6,False
2025-01-15T12:27:08.881968,1.0,95.0,-38.8,43.1,50.01,36.8,239.1,False
2025-01-15T12:27:09.022698,2.0,7.6,-64.3,26.4,50.01,33.4,241.2,False
2025-01-15T12:30:08.742990,0.0,97.6,-88.5,50.6,49.99,22.7,237.6,False
2025-01-15T12:30:08.925424,1.0,95.0,-38.8,43.1,50.0,37.3,240.3,False
2025-01-15T12:30:09.064089,2.0,77.0,40.9,36.2,49.99,34.1,241.9,False
2025-01-15T12:30:20.734199,0.0,103.6,-68.8,51.5,49.98,23.1,237.2,False
2025-01-15T12:30:20.832450,1.0,95.0,-38.8,43.1,49.98,37.5,240.1,False
2025-01-15T12:30:20.966325,2.0,77.0,40.9,36.2,49.98,33.9,241.6,False
2025-01-15T12:33:20.807821,0.0,56.0,-36.3,27.1,49.97,23.2,237.6,False
2025-01-15T12:33:20.926008,1.0,6.1,-23.4,9.6,49.98,38.1,240.5,False
2025-01-15T12:33:21.044130,2.0,3.8,-25.0,10.1,49.98,33.4,242.0,False
2025-01-15T12:33:21.169522,0.0,57.5,-34.8,27.9,49.99,23.0,237.4,False
2025-01-15T12:36:20.741525,0.0,115.7,-66.6,55.3,49.99,24.7,237.8,False
2025-01-15T12:36:20.912864,1.0,95.0,-38.8,43.1,50.0,37.0,240.5,False
2025-01-15T12:36:21.044208,2.0,77.0,40.9,36.2,50.0,31.1,242.1,False
2025-01-15T12:36:44.792169,0.0,162.6,-100.6,80.9,50.0,25.1,238.0,False
2025-01-15T12:36:44.929960,1.0,95.0,-38.8,43.1,50.0,37.7,240.7,False
2025-01-15T12:36:45.070826,2.0,77.0,40.9,36.2,50.01,30.3,242.2,False
2025-01-15T12:36:45.211352,0.0,180.8,-110.4,90.3,50.02,25.3,237.6,False
2025-01-15T12:36:45.374508,1.0,95.0,-38.8,43.1,50.01,37.3,240.3,False
2025-01-15T12:36:45.975375,2.0,77.0,40.9,36.2,50.02,30.7,241.8,False
2025-01-15T12:36:56.736690,0.0,52.2,-9.8,21.4,50.02,24.8,237.9,False
2025-01-15T12:37:44.740774,0.0,66.6,-16.6,28.3,50.02,22.9,237.7,False
2025-01-15T12:38:44.739724,0.0,62.8,-31.8,29.5,50.01,22.6,237.7,False
2025-01-15T12:39:44.742974,0.0,67.3,-37.1,31.7,50.01,23.5,237.9,False
2025-01-15T12:39:44.900023,1.0,6.1,-25.0,10.5,50.02,36.5,240.6,False
2025-01-15T12:39:45.055214,2.0,5.3,-26.5,10.8,50.01,32.1,242.2,False
2025-01-15T12:39:56.743476,0.0,189.1,-118.7,93.8,50.01,22.9,237.9,False
2025-01-15T12:39:56.873455,1.0,95.0,-38.8,43.1,50.02,36.7,240.5,False
2025-01-15T12:39:56.996514,2.0,77.0,40.9,36.2,50.02,32.4,242.1,False
2025-01-15T12:39:57.118435,0.0,175.5,-112.7,87.5,50.02,22.9,237.9,False
2025-01-15T12:39:57.239521,1.0,95.0,-38.8,43.1,50.01,35.8,240.5,False
2025-01-15T12:39:57.381498,2.0,246.2,684.8,302.2,50.01,31.9,242.2,False
2025-01-15T12:39:57.509281,2.0,246.2,684.8,302.2,50.01,31.9,242.2,False
2025-01-15T12:42:56.743172,0.0,78.7,-45.4,37.1,50.0,22.6,237.5,False
2025-01-15T12:42:56.885808,1.0,3.0,-35.5,14.6,50.0,37.6,240.3,False
2025-01-15T12:42:57.043047,2.0,7.6,-41.6,17.1,50.0,33.9,241.8,False
2025-01-15T12:43:44.743049,0.0,139.9,-65.0,64.0,50.02,22.5,237.9,False
2025-01-15T12:43:44.889008,2.0,77.0,40.9,36.2,50.02,32.6,242.1,False
2025-01-15T12:43:45.017627,0.0,158.1,-80.9,74.9,50.02,25.0,238.0,False
2025-01-15T12:43:45.145215,1.0,95.0,-38.8,43.1,50.02,38.3,240.7,False
2025-01-15T12:43:45.278496,2.0,77.0,40.9,36.2,50.03,30.3,242.2,False
2025-01-15T12:44:20.744561,0.0,142.9,-84.7,70.8,50.02,23.9,237.6,False
2025-01-15T12:44:20.879833,1.0,95.0,-38.8,43.1,50.03,39.9,240.5,False
2025-01-15T12:44:21.028226,2.0,77.0,40.9,36.2,50.03,35.0,241.9,False
2025-01-15T12:44:32.742248,0.0,47.6,-10.6,20.6,50.02,24.0,237.6,False
2025-01-15T12:46:32.745384,0.0,34.8,-500.7,211.3,49.99,28.5,237.7,False
2025-01-15T12:46:32.883736,1.0,95.0,-38.8,43.1,49.99,74.7,240.6,False
2025-01-15T12:46:33.001178,2.0,77.0,40.9,36.2,49.99,57.7,241.9,False
2025-01-15T12:46:56.747279,0.0,72.6,-18.9,32.7,50.0,28.3,238.2,False
2025-01-15T12:46:56.876058,0.0,105.9,-506.7,217.9,49.99,25.1,237.9,False
2025-01-15T12:46:57.026047,1.0,95.0,-38.8,43.1,49.99,37.1,240.8,False
2025-01-15T12:46:57.174077,2.0,77.0,40.9,36.2,49.99,30.3,242.2,False
2025-01-15T12:47:20.747862,0.0,43.1,-30.3,21.9,49.99,24.8,237.8,False
2025-01-15T12:50:20.755551,0.0,49.2,-35.5,25.7,50.02,22.5,237.8,False
2025-01-15T12:50:20.887995,1.0,5.3,-25.0,10.6,50.01,36.9,240.7,False
2025-01-15T12:50:21.041256,2.0,9.1,-21.9,9.9,50.01,32.9,242.0,False
2025-01-15T12:50:32.748015,0.0,109.7,-68.1,54.1,50.0,23.1,237.7,False
2025-01-15T12:50:32.891563,1.0,95.0,-38.8,43.1,50.01,37.3,240.6,False
2025-01-15T12:50:33.026548,2.0,77.0,40.9,36.2,50.0,33.2,242.0,False
2025-01-15T12:52:08.747561,0.0,112.7,-67.3,54.6,50.02,25.9,237.9,False
2025-01-15T12:52:08.881795,1.0,95.0,-38.8,43.1,50.02,38.6,241.0,False
2025-01-15T12:52:08.998939,2.0,77.0,40.9,36.2,50.02,31.2,242.2,False
2025-01-15T12:52:20.746971,0.0,180.8,-118.7,90.8,50.03,25.6,237.8,False
2025-01-15T12:52:20.867979,1.0,95.0,-38.8,43.1,50.03,37.9,240.8,False
2025-01-15T12:52:20.984458,2.0,77.0,40.9,36.2,50.02,30.1,242.1,False
2025-01-15T12:52:21.096517,0.0,48.4,-28.7,23.8,50.02,26.9,237.8,False
2025-01-15T12:55:20.753447,0.0,131.6,-88.5,65.5,49.99,25.3,238.2,False
2025-01-15T12:55:20.920463,1.0,95.0,-38.8,43.1,49.99,38.2,241.0,False
2025-01-15T12:55:21.055216,2.0,77.0,40.9,36.2,49.99,30.9,242.4,False
2025-01-15T12:55:56.751511,0.0,46.1,-31.0,23.0,49.98,25.1,238.1,False
2025-01-15T12:58:56.748835,0.0,68.1,-56.7,37.6,50.0,25.9,238.3,False
2025-01-15T12:58:56.854373,1.0,95.0,-38.8,43.1,50.0,38.7,241.1,False
2025-01-15T12:58:56.950076,2.0,77.0,40.9,36.2,49.99,32.0,242.6,False
2025-01-15T12:58:57.058983,0.0,113.4,-90.8,61.0,49.99,25.3,238.3,False
2025-01-15T12:58:57.169269,1.0,95.0,-38.8,43.1,49.99,40.0,241.1,False
2025-01-15T12:58:57.272676,2.0,246.2,684.8,302.2,49.99,32.3,242.5,False
2025-01-15T12:58:57.379520,2.0,246.2,684.8,302.2,49.99,32.3,242.5,False
2025-01-15T12:59:20.752473,0.0,77.9,-47.6,39.1,50.0,24.9,238.6,False
2025-01-15T12:59:20.870435,1.0,95.0,-38.8,43.1,50.01,39.5,241.3,False
2025-01-15T12:59:56.757850,0.0,115.7,-62.8,55.0,50.0,25.0,238.6,False
2025-01-15T12:59:56.891351,1.0,95.0,-38.8,43.1,50.0,38.8,241.5,False
2025-01-15T12:59:57.029686,2.0,77.0,40.9,36.2,50.0,30.1,242.8,False
2025-01-15T12:59:57.141162,0.0,34.8,-9.1,15.2,50.0,25.1,238.7,False
2025-01-15T13:02:08.756954,0.0,39.3,-490.1,205.3,49.98,28.5,237.7,False
2025-01-15T13:02:08.943025,1.0,95.0,-38.8,43.1,49.98,73.4,240.6,False
2025-01-15T13:02:09.094498,2.0,77.0,40.9,36.2,49.97,58.2,242.1,False
2025-01-15T13:02:09.270498,0.0,152.0,-41.6,66.6,49.99,28.2,237.8,False
2025-01-15T13:02:20.755668,0.0,147.5,-41.6,64.1,49.99,28.5,238.0,False
2025-01-15T13:02:32.758223,0.0,79.4,-495.4,211.3,49.98,24.9,237.8,False
2025-01-15T13:02:32.891215,1.0,95.0,-38.8,43.1,49.99,37.2,240.6,False
2025-01-15T13:02:33.019786,2.0,77.0,40.9,36.2,49.98,30.6,242.0,False
2025-01-15T13:02:33.159125,0.0,44.6,-9.1,19.4,49.99,24.3,237.9,False
2025-01-15T13:02:44.760764,0.0,42.4,-11.3,18.0,49.99,24.7,238.0,False
2025-01-15T13:03:08.769592,0.0,107.4,-71.1,53.3,49.97,24.8,237.7,False
2025-01-15T13:03:08.944483,1.0,95.0,-38.8,43.1,49.98,39.5,240.6,False
2025-01-15T13:03:09.088818,2.0,77.0,40.9,36.2,49.97,31.9,242.0,False
2025-01-15T13:03:32.757150,0.0,84.7,-64.3,44.4,49.98,25.3,237.8,False
2025-01-15T13:03:32.905365,1.0,95.0,-38.8,43.1,49.98,39.2,240.7,False
2025-01-15T13:03:33.035066,2.0,77.0,40.9,36.2,49.98,31.8,242.1,False
2025-01-15T13:05:08.756955,0.0,40.8,-21.2,19.2,49.99,24.6,237.7,False
2025-01-15T13:08:08.783258,1.0,2.3,-12.1,4.9,49.99,38.7,240.7,False
2025-01-15T13:08:08.960666,2.0,1.5,-12.9,5.2,49.98,30.2,242.2,False
2025-01-15T13:08:44.761524,0.0,158.8,-100.6,79.4,49.99,24.5,238.0,False
2025-01-15T13:08:44.930401,1.0,95.0,-38.8,43.1,49.99,38.8,240.9,False
2025-01-15T13:08:45.084741,2.0,77.0,40.9,36.2,49.98,28.9,242.3,False
2025-01-15T13:09:08.759961,0.0,198.9,-111.2,95.5,49.98,24.3,238.1,False
2025-01-15T13:09:08.907698,1.0,95.0,-38.8,43.1,49.98,38.8,241.0,False
2025-01-15T13:09:09.056751,2.0,77.0,40.9,36.2,49.99,30.8,242.5,False
2025-01-15T13:09:09.204438,0.0,42.4,-10.6,18.4,49.99,24.2,238.1,False
2025-01-15T13:09:32.769119,0.0,46.9,-12.9,19.8,49.99,24.3,238.3,False
2025-01-15T13:09:32.908239,0.0,42.4,-11.3,17.7,49.99,24.3,238.1,False
2025-01-15T13:09:56.757431,0.0,146.0,-109.7,77.3,49.98,24.0,238.3,False
2025-01-15T13:09:56.870052,1.0,95.0,-38.8,43.1,49.98,39.0,241.2,False
2025-01-15T13:09:56.971885,0.0,138.4,-108.2,73.6,49.99,24.5,238.4,False
2025-01-15T13:09:57.087081,1.0,95.0,-38.8,43.1,50.0,39.0,241.1,False
2025-01-15T13:10:20.759688,0.0,181.5,-118.0,90.7,49.99,24.4,238.3,False
2025-01-15T13:10:20.900493,0.0,216.3,-127.8,105.6,49.99,24.3,238.3,False
2025-01-15T13:10:21.037762,0.0,35.5,-9.8,15.4,49.98,24.6,238.2,False
2025-01-15T13:10:44.761020,0.0,107.4,-90.8,58.3,49.98,24.4,237.9,False
2025-01-15T13:10:44.939824,1.0,95.0,-38.8,43.1,49.98,39.1,240.8,False
2025-01-15T13:10:45.080741,2.0,77.0,40.9,36.2,49.98,31.5,242.3,False
2025-01-15T13:11:08.766987,0.0,102.1,-70.3,50.8,49.99,24.3,238.4,False
2025-01-15T13:11:08.909624,1.0,95.0,-38.8,43.1,49.99,38.6,241.4,False
2025-01-15T13:11:09.049927,2.0,77.0,40.9,36.2,50.0,31.0,243.0,False
2025-01-15T13:14:08.747519,0.0,2.3,-23.4,9.4,50.0,24.5,238.7,False
2025-01-15T13:14:08.869785,1.0,6.8,-25.7,10.7,50.01,37.7,241.7,False
2025-01-15T13:14:08.988272,2.0,5.3,-25.0,10.4,50.0,30.4,243.1,False
2025-01-15T13:17:08.749223,0.0,0.8,-25.7,10.0,50.02,24.9,234.9,False
2025-01-15T13:17:08.948789,1.0,2.3,-20.4,4.5,50.02,39.0,237.8,False
2025-01-15T13:17:09.096817,2.0,1.5,-17.4,3.3,50.02,29.9,239.2,False
2025-01-15T13:20:08.768689,0.0,869.7,-87.7,372.7,50.0,44.3,235.1,False
2025-01-15T13:20:08.927375,1.0,2.3,-8.3,3.1,50.0,39.5,237.3,False
2025-01-15T13:20:09.089805,2.0,6.8,3.8,3.4,50.01,27.0,238.8,False
2025-01-15T13:20:32.762985,0.0,52.9,-15.1,23.7,50.0,43.0,234.9,False
2025-01-15T13:23:32.762927,0.0,47.6,-11.3,21.1,49.99,44.6,235.2,False
2025-01-15T13:23:32.891424,1.0,0.8,-1.5,0.5,49.99,39.9,237.4,False
2025-01-15T13:23:33.018008,2.0,1.5,1.5,1.1,49.99,27.7,238.9,False
2025-01-15T13:23:56.764731,0.0,47.6,-12.1,20.9,49.98,43.9,235.2,False
2025-01-15T13:24:20.773929,0.0,42.4,-3.8,18.7,50.0,46.8,234.6,False
2025-01-15T13:24:20.939497,0.0,46.1,-11.3,20.2,49.99,46.9,234.6,False
2025-01-15T13:24:44.765854,0.0,43.1,-9.8,19.0,49.98,47.3,234.5,False
2025-01-15T13:24:56.765201,0.0,43.1,-15.1,19.6,49.98,48.0,234.5,False
2025-01-15T13:26:32.767224,0.0,125.5,-170.9,90.7,49.97,56.1,234.7,False
2025-01-15T13:26:32.893679,1.0,95.0,-38.8,43.1,49.97,32.7,237.1,False
2025-01-15T13:26:33.017843,2.0,77.0,40.9,36.2,49.98,28.9,238.6,False
2025-01-15T13:26:44.767531,0.0,25.7,-48.4,23.6,49.96,58.1,235.0,False
2025-01-15T13:26:44.905303,1.0,6.8,-35.5,15.5,49.97,33.9,237.3,False
2025-01-15T13:26:45.041231,2.0,3.8,-37.1,15.8,49.96,30.1,238.8,False
2025-01-15T13:26:45.176220,0.0,26.5,-49.9,24.0,49.97,55.0,235.0,False
2025-01-15T13:26:45.310730,1.0,95.0,-38.8,43.1,49.96,33.3,237.4,False
2025-01-15T13:26:45.449940,1.0,95.0,-38.8,43.1,49.96,33.3,237.4,False
2025-01-15T13:26:45.602436,2.0,77.0,40.9,36.2,49.97,29.6,238.9,False
2025-01-15T13:27:08.767149,0.0,49.9,-50.7,29.9,49.99,50.9,235.3,False
2025-01-15T13:27:20.768479,0.0,22.7,-42.4,20.4,49.99,49.9,235.2,False
2025-01-15T13:27:20.895578,1.0,6.1,-40.1,17.1,49.99,35.4,237.6,False
2025-01-15T13:27:21.014770,2.0,77.0,40.9,36.2,50.0,27.7,239.0,False
2025-01-15T13:27:21.134229,0.0,39.3,-53.7,28.8,49.99,49.2,234.9,False
2025-01-15T13:27:21.265524,1.0,95.0,-38.8,43.1,49.98,38.4,237.2,False
2025-01-15T13:27:21.396644,2.0,77.0,40.9,36.2,49.99,27.4,238.7,False
2025-01-15T13:27:32.769953,0.0,56.0,-18.9,25.0,49.98,47.8,235.1,False
2025-01-15T13:27:32.895022,0.0,54.5,-12.9,23.9,49.98,48.8,235.2,False
2025-01-15T13:27:44.770688,0.0,34.8,-9.8,15.6,49.97,48.7,235.0,False
2025-01-15T13:28:08.770784,0.0,83.2,-166.4,79.0,49.99,45.8,235.2,False
2025-01-15T13:28:08.912950,0.0,51.4,-12.9,22.5,49.98,46.2,235.1,False
2025-01-15T13:28:32.772192,0.0,42.4,-15.9,19.2,49.97,46.1,235.2,False
2025-01-15T13:29:20.772943,0.0,49.9,-77.9,39.9,49.98,49.4,234.9,False
2025-01-15T13:29:20.908433,1.0,95.0,-38.8,43.1,49.98,40.3,237.2,False
2025-01-15T13:29:21.042467,2.0,77.0,40.9,36.2,49.98,27.8,238.6,False
2025-01-15T13:29:32.770832,0.0,329.7,-115.7,148.9,49.99,40.2,234.9,False
2025-01-15T13:29:32.901479,1.0,95.0,-38.8,43.1,49.99,40.0,237.4,False
2025-01-15T13:29:33.049314,2.0,77.0,40.9,36.2,49.99,28.1,238.8,False
2025-01-15T13:29:44.771445,0.0,630.8,-31.8,269.6,49.98,25.7,234.6,False
2025-01-15T13:29:56.771428,0.0,37.8,-9.1,16.5,50.0,24.9,234.7,False
2025-01-15T13:29:56.891297,0.0,52.9,-10.6,24.1,50.0,24.9,235.1,False
2025-01-15T13:30:08.775134,0.0,50.7,-12.9,22.2,49.99,24.7,235.1,False
2025-01-15T13:30:08.915838,0.0,129.3,-56.7,59.9,49.99,25.1,235.0,False
2025-01-15T13:30:20.782803,0.0,132.4,-54.5,60.8,49.99,24.9,235.1,False
2025-01-15T13:30:20.917184,0.0,45.4,-9.1,19.6,49.99,25.1,235.0,False
2025-01-15T13:30:32.772512,0.0,123.3,-17.4,52.6,49.99,24.2,235.2,False
2025-01-15T13:30:32.907410,1.0,94.3,-37.9,42.9,49.99,66.7,238.1,False
2025-01-15T13:30:33.041230,2.0,57.4,120.5,55.5,49.99,57.0,239.5,False
2025-01-15T13:30:33.163840,0.0,81.7,95.3,53.2,49.98,25.3,234.8,False
2025-01-15T13:30:33.290134,1.0,95.0,-38.8,43.1,50.0,39.8,237.7,False
2025-01-15T13:30:33.418037,2.0,77.0,40.9,36.2,49.99,28.6,239.0,False
2025-01-15T13:30:44.782457,0.0,6.8,-50.7,21.5,49.99,25.9,234.9,False
2025-01-15T13:30:56.776004,0.0,43.9,-7.6,18.9,50.0,26.1,235.0,False
2025-01-15T13:30:56.891140,0.0,52.2,-8.3,22.6,49.98,26.1,235.0,False
2025-01-15T13:31:08.774462,0.0,48.4,-10.6,21.6,49.98,26.7,234.8,False
2025-01-15T13:31:08.913291,0.0,52.9,-12.1,23.9,49.99,26.5,235.1,False
2025-01-15T13:31:20.774969,0.0,42.4,-12.9,18.6,49.98,26.3,235.2,False
2025-01-15T13:31:32.781946,0.0,46.9,-14.4,20.5,49.97,26.8,235.0,False
2025-01-15T13:31:44.777169,0.0,51.4,-9.8,23.0,49.97,26.7,234.8,False
2025-01-15T13:31:56.787247,0.0,104.4,-78.7,56.2,49.97,26.4,235.1,False
2025-01-15T13:31:56.891834,1.0,94.3,-37.9,42.9,49.97,39.8,238.1,False
2025-01-15T13:31:56.991440,2.0,57.4,120.5,55.5,49.97,29.3,239.5,False
2025-01-15T13:31:57.133012,0.0,145.2,-87.7,72.2,49.97,27.1,235.1,False
2025-01-15T13:31:57.259105,1.0,95.0,-38.8,43.1,49.98,39.3,238.2,False
2025-01-15T13:31:57.389065,2.0,77.0,40.9,36.2,49.97,29.5,239.5,False
2025-01-15T13:31:57.509335,0.0,53.7,-10.6,23.1,49.97,27.0,235.1,False
2025-01-15T13:32:08.777297,0.0,54.5,-9.8,24.7,49.97,26.7,234.6,False
2025-01-15T13:32:08.911742,0.0,55.2,-9.1,25.1,49.99,27.1,235.1,False
2025-01-15T13:32:20.778279,0.0,48.4,-9.8,21.4,49.98,27.2,235.0,False
2025-01-15T13:32:20.906164,0.0,42.4,-8.3,18.8,49.99,26.8,235.1,False
2025-01-15T13:32:32.776786,0.0,39.3,-9.1,17.0,49.98,26.8,235.2,False
2025-01-15T13:32:32.887445,0.0,46.1,-12.1,20.2,49.99,26.8,235.2,False
2025-01-15T13:32:44.780143,0.0,46.9,-9.1,20.8,49.98,27.0,235.0,False
2025-01-15T13:32:44.922903,0.0,46.9,-9.8,20.6,49.97,27.3,235.1,False
2025-01-15T13:32:56.779584,0.0,42.4,-15.1,18.3,49.98,26.9,235.4,False
2025-01-15T13:32:56.910754,0.0,49.9,-12.9,22.3,49.99,26.9,235.5,False
2025-01-15T13:33:08.778162,0.0,50.7,-12.9,22.7,50.0,26.4,235.3,False
2025-01-15T13:33:08.916132,0.0,52.2,-15.1,22.8,49.99,27.2,235.2,False
2025-01-15T13:33:20.780700,0.0,49.9,-12.9,22.1,49.99,26.6,235.2,False
2025-01-15T13:33:20.903976,0.0,92.3,-174.7,84.2,49.98,25.6,235.3,False
2025-01-15T13:33:44.780676,0.0,39.3,-9.1,17.6,49.98,26.0,235.1,False
2025-01-15T13:33:56.783823,0.0,46.9,-11.3,20.7,49.99,26.1,235.2,False
2025-01-15T13:34:08.780064,0.0,46.1,-11.3,21.3,49.99,25.9,234.8,False
2025-01-15T13:34:08.909454,0.0,44.6,-12.9,19.3,49.97,25.7,234.6,False
2025-01-15T13:34:20.781610,0.0,45.4,-12.1,19.0,49.98,26.3,235.0,False
2025-01-15T13:34:32.780774,0.0,46.9,-10.6,20.8,49.98,25.9,235.1,False
2025-01-15T13:34:44.781317,0.0,49.9,-12.9,21.7,49.99,25.6,235.2,False
2025-01-15T13:34:56.780510,0.0,41.6,-11.3,18.0,49.99,25.9,235.1,False
2025-01-15T13:34:56.893655,1.0,0.8,-0.8,0.5,49.98,39.0,238.0,False
2025-01-15T13:34:57.003832,2.0,0.8,1.5,0.7,49.98,30.0,239.6,False
2025-01-15T13:35:08.787567,0.0,41.6,-8.3,17.8,49.99,25.8,235.2,False
2025-01-15T13:35:08.914844,0.0,44.6,-9.8,19.4,49.99,26.2,235.1,False
2025-01-15T13:35:20.781675,0.0,43.1,-10.6,18.6,50.0,25.7,235.2,False
2025-01-15T13:35:32.783823,0.0,49.9,-8.3,22.1,50.0,25.5,235.5,False
2025-01-15T13:35:32.917866,0.0,48.4,-11.3,21.3,50.0,25.7,235.4,False
2025-01-15T13:35:44.787346,0.0,43.1,-11.3,18.6,49.99,25.7,235.2,False
2025-01-15T13:35:44.962250,0.0,40.8,-8.3,18.1,49.99,25.8,235.1,False
2025-01-15T13:35:45.097620,0.0,43.9,-10.6,19.7,50.0,25.7,235.3,False
2025-01-15T13:35:56.782148,0.0,43.9,-12.1,19.4,50.0,25.6,235.3,False
2025-01-15T13:36:08.785798,0.0,48.4,-12.9,21.3,50.0,25.7,235.3,False
2025-01-15T13:36:20.785653,0.0,48.4,-13.6,21.3,50.01,25.7,235.3,False
2025-01-15T13:36:32.793388,0.0,46.9,-12.1,20.7,50.01,25.9,235.3,False
2025-01-15T13:36:32.948095,0.0,44.6,-10.6,19.8,49.99,25.7,235.2,False
2025-01-15T13:36:33.085399,0.0,39.3,-11.3,17.3,49.98,26.2,235.2,False
2025-01-15T13:36:44.793350,0.0,44.6,-12.1,19.7,49.97,25.9,235.2,False
2025-01-15T13:36:44.946731,0.0,44.6,-11.3,19.6,49.98,26.0,235.2,False
2025-01-15T13:36:56.785047,0.0,46.9,-11.3,20.6,49.98,26.1,235.2,False
2025-01-15T13:36:56.918081,0.0,99.1,-40.1,45.5,49.98,25.9,235.2,False
2025-01-15T13:37:08.792311,0.0,96.1,-40.1,44.0,49.98,26.3,235.3,False
2025-01-15T13:37:08.917324,0.0,46.1,-11.3,20.2,49.99,26.2,235.3,False
2025-01-15T13:37:20.790260,0.0,45.4,-10.6,20.1,49.98,25.8,235.2,False
2025-01-15T13:37:44.787851,0.0,40.1,-9.8,17.5,49.97,26.8,235.2,False
2025-01-15T13:38:08.786121,0.0,43.1,-9.8,19.3,49.98,25.8,235.0,False
2025-01-15T13:38:08.920536,1.0,0.0,-0.0,0.2,49.99,38.6,238.0,False
2025-01-15T13:38:09.055481,2.0,1.5,-1.5,0.8,49.98,29.2,239.5,False
2025-01-15T13:38:09.181635,0.0,49.2,-14.4,21.7,49.99,26.3,235.0,False
2025-01-15T13:38:32.791987,0.0,49.9,-11.3,22.1,49.98,26.2,234.9,False
2025-01-15T13:38:32.925566,0.0,42.4,-7.6,18.7,49.98,26.2,235.0,False
2025-01-15T13:38:56.786777,0.0,40.1,-6.8,17.8,49.99,25.7,234.8,False
2025-01-15T13:39:08.786094,0.0,43.1,-9.8,18.2,49.99,25.9,234.6,False
2025-01-15T13:39:20.788151,0.0,47.6,-9.8,20.4,50.0,25.8,234.7,False
2025-01-15T13:39:32.788893,0.0,49.2,-10.6,21.5,50.0,25.8,234.7,False
2025-01-15T13:39:32.917691,0.0,50.7,-12.9,22.3,50.0,25.5,234.7,False
2025-01-15T13:39:33.041805,0.0,50.7,-161.1,72.1,50.0,27.2,234.7,False
2025-01-15T13:39:33.161928,0.0,46.9,-12.9,20.7,49.99,27.1,234.6,False
2025-01-15T13:39:56.793309,0.0,127.8,-77.9,63.6,50.0,25.4,234.5,False
2025-01-15T13:39:56.935604,1.0,95.0,-38.8,43.1,50.01,38.4,237.4,False
2025-01-15T13:39:57.066958,2.0,77.0,40.9,36.2,49.99,28.3,238.9,False
2025-01-15T13:39:57.191467,0.0,158.8,-86.2,77.1,50.0,25.5,234.6,False
2025-01-15T13:39:57.330255,1.0,95.0,-38.8,43.1,50.0,38.1,237.4,False
2025-01-15T13:39:57.473271,2.0,77.0,40.9,36.2,49.99,29.4,238.9,False
2025-01-15T13:39:57.611638,0.0,37.1,-10.6,16.1,49.99,26.2,234.4,False
2025-01-15T13:40:20.830746,0.0,146.0,-88.5,73.0,49.98,26.2,234.5,False
2025-01-15T13:40:20.964828,1.0,95.0,-38.8,43.1,49.97,37.8,237.4,False
2025-01-15T13:40:21.067332,2.0,77.0,40.9,36.2,49.98,29.3,238.9,False
2025-01-15T13:40:21.173423,0.0,181.5,-100.6,88.7,49.98,26.2,234.4,False
2025-01-15T13:40:21.285329,1.0,95.0,-38.8,43.1,49.98,38.7,237.3,False
2025-01-15T13:40:21.392583,2.0,77.0,40.9,36.2,49.98,29.3,238.8,False
2025-01-15T13:40:21.524370,0.0,32.5,-11.3,15.2,49.97,26.3,234.6,False
2025-01-15T13:40:44.812583,0.0,49.2,-12.1,21.5,49.97,26.3,234.7,False
2025-01-15T13:40:56.791353,0.0,46.1,-9.8,20.7,49.97,26.5,234.9,False
2025-01-15T13:40:56.917406,0.0,106.6,-59.7,52.3,49.98,26.6,235.0,False
2025-01-15T13:40:57.058355,1.0,95.0,-38.8,43.1,49.98,40.1,237.8,False
2025-01-15T13:40:57.194655,2.0,77.0,40.9,36.2,49.98,29.5,239.2,False
2025-01-15T13:41:08.795799,0.0,149.7,-71.1,71.0,49.99,26.3,234.8,False
2025-01-15T13:41:08.930722,1.0,95.0,-38.8,43.1,49.99,40.7,237.7,False
2025-01-15T13:41:09.067267,2.0,77.0,40.9,36.2,49.98,30.6,239.2,False
2025-01-15T13:41:09.192582,0.0,45.4,-10.6,19.9,49.98,26.6,234.8,False
2025-01-15T13:41:20.796101,0.0,53.7,-12.1,23.5,49.99,26.1,234.8,False
2025-01-15T13:41:32.793598,0.0,52.2,-12.9,23.0,49.99,26.5,234.8,False
2025-01-15T13:41:32.928103,0.0,46.1,-12.1,20.4,49.99,26.3,234.8,False
2025-01-15T13:41:44.794268,0.0,42.4,-9.8,18.9,49.99,26.1,234.9,False
2025-01-15T13:41:56.795247,0.0,42.4,-11.3,18.5,49.98,26.3,235.0,False
2025-01-15T13:42:20.797330,0.0,43.9,-12.1,19.6,49.98,26.6,235.1,False
2025-01-15T13:42:20.965117,0.0,44.6,-12.1,19.9,49.99,26.3,235.0,False
2025-01-15T13:42:32.796738,0.0,43.9,-12.1,18.9,49.99,26.1,234.8,False
2025-01-15T13:42:44.798183,0.0,44.6,-9.8,19.4,49.98,26.6,234.8,False
2025-01-15T13:42:56.794744,0.0,146.7,-64.3,69.3,50.0,26.5,235.3,False
2025-01-15T13:42:56.904475,1.0,95.0,-38.8,43.1,50.0,39.0,238.2,False
2025-01-15T13:42:57.005306,2.0,77.0,40.9,36.2,50.01,29.1,239.7,False
2025-01-15T13:43:08.799029,0.0,130.8,-65.0,62.3,49.99,26.1,235.2,False
2025-01-15T13:43:08.959716,1.0,95.0,-38.8,43.1,50.01,39.6,238.1,False
2025-01-15T13:43:09.124486,2.0,77.0,40.9,36.2,50.0,29.6,239.6,False
2025-01-15T13:43:44.912127,0.0,184.5,-97.6,88.0,50.0,26.2,234.9,False
2025-01-15T13:43:45.043942,1.0,95.0,-38.8,43.1,49.99,37.9,237.8,False
2025-01-15T13:43:45.185942,2.0,77.0,40.9,36.2,50.0,29.0,239.3,False
2025-01-15T13:44:08.921027,0.0,201.2,-99.8,94.9,49.99,26.2,235.2,False
2025-01-15T13:44:09.058485,1.0,95.0,-38.8,43.1,49.99,38.7,238.1,False
2025-01-15T13:44:09.193885,2.0,77.0,40.9,36.2,49.99,28.9,239.6,False
2025-01-15T13:44:20.792753,0.0,45.4,-11.3,20.1,50.0,26.0,235.3,False
2025-01-15T13:44:32.797409,0.0,59.0,-12.1,26.4,49.99,25.7,235.0,False
2025-01-15T13:44:44.798331,0.0,60.5,-5.3,26.3,49.99,27.1,234.8,False
2025-01-15T13:44:44.925873,1.0,94.3,-37.9,42.9,49.99,67.5,237.8,False
2025-01-15T13:44:45.033723,2.0,49.8,106.2,48.7,49.99,58.5,239.3,False
2025-01-15T13:44:56.799222,0.0,40.1,-7.6,18.0,49.99,26.6,235.0,False
2025-01-15T13:44:56.927025,0.0,37.8,-9.1,16.3,49.99,25.9,235.2,False
2025-01-15T13:45:20.910126,0.0,138.4,-70.3,66.1,49.99,25.5,235.2,False
2025-01-15T13:45:21.041296,1.0,95.0,-38.8,43.1,50.0,63.3,238.2,False
2025-01-15T13:45:21.131271,2.0,77.0,40.9,36.2,50.0,53.0,239.6,False
2025-01-15T13:45:32.906016,0.0,139.9,-74.1,66.4,49.99,25.9,235.5,False
2025-01-15T13:45:33.040268,1.0,95.0,-38.8,43.1,50.0,63.9,238.4,False
2025-01-15T13:45:33.156089,2.0,77.0,40.9,36.2,49.99,53.8,239.9,False
2025-01-15T13:45:33.272220,0.0,48.4,-11.3,21.3,49.99,26.4,235.6,False
2025-01-15T13:45:33.369089,0.0,56.7,-164.9,74.2,49.99,27.1,235.5,False
2025-01-15T13:45:44.987638,1.0,95.0,-38.8,43.1,49.98,55.6,238.6,False
2025-01-15T13:45:45.130798,2.0,77.0,40.9,36.2,49.97,43.1,240.0,False
2025-01-15T13:45:45.280521,0.0,858.4,-78.7,366.6,49.98,46.3,236.0,False
2025-01-15T13:45:56.905101,1.0,94.3,-37.9,42.9,49.98,41.3,238.1,False
2025-01-15T13:45:57.036382,2.0,49.8,106.2,48.7,49.99,28.0,239.5,False
2025-01-15T13:46:08.942211,0.0,71.1,-83.2,47.0,49.98,46.7,236.1,False
2025-01-15T13:46:09.106328,1.0,11.3,-48.4,21.2,49.99,40.9,238.5,False
2025-01-15T13:46:09.261948,2.0,9.8,-48.4,20.9,49.99,27.9,239.9,False
2025-01-15T13:46:20.909721,0.0,137.6,-91.5,69.8,49.98,45.1,236.3,False
2025-01-15T13:46:21.039822,1.0,95.0,-38.8,43.1,49.99,70.3,238.6,False
2025-01-15T13:46:21.152623,2.0,77.0,40.9,36.2,49.99,58.3,240.0,False
2025-01-15T13:46:32.941304,0.0,130.1,-6.1,55.4,49.99,49.9,236.1,False
2025-01-15T13:46:33.082406,1.0,94.3,-37.9,42.9,49.99,98.4,238.4,False
2025-01-15T13:46:33.212414,2.0,68.4,143.7,66.3,50.0,89.2,239.8,False
2025-01-15T13:46:33.338682,0.0,91.5,3.0,39.0,50.0,45.5,236.2,False
2025-01-15T13:46:33.466641,1.0,95.0,-38.8,43.1,50.0,81.2,238.5,False
2025-01-15T13:46:33.599393,2.0,77.0,40.9,36.2,49.99,70.2,239.9,False
2025-01-15T13:46:56.912653,0.0,136.1,-67.3,64.1,50.02,46.9,236.1,False
2025-01-15T13:46:57.042351,1.0,94.3,-37.9,42.9,50.01,46.6,238.4,False
2025-01-15T13:46:57.157748,2.0,68.4,143.7,66.3,50.01,32.8,239.8,False
2025-01-15T13:47:08.895014,0.0,34.0,-49.2,26.0,50.01,46.5,235.7,False
2025-01-15T13:47:09.036900,0.0,42.4,3.0,17.7,50.01,45.8,236.0,False
2025-01-15T13:47:09.172182,1.0,95.0,-38.8,43.1,50.01,69.7,238.3,False
2025-01-15T13:47:09.303156,2.0,77.0,40.9,36.2,50.01,55.5,239.8,False
2025-01-15T13:47:20.838972,0.0,40.1,-173.2,75.6,50.02,48.7,236.2,False
2025-01-15T13:47:32.937802,0.0,39.3,9.8,17.1,50.02,48.4,236.0,False
2025-01-15T13:47:33.092409,1.0,95.0,-38.8,43.1,50.01,53.3,238.2,False
2025-01-15T13:47:33.217766,2.0,77.0,40.9,36.2,50.01,39.8,239.7,False
2025-01-15T13:47:33.345879,0.0,114.2,-12.1,48.3,50.0,53.2,236.3,False
2025-01-15T13:47:33.467509,1.0,95.0,-38.8,43.1,50.01,88.9,238.5,False
2025-01-15T13:47:33.580819,2.0,77.0,40.9,36.2,50.02,76.0,240.0,False
2025-01-15T13:47:45.231328,0.0,36.3,-6.1,15.2,50.0,50.9,236.0,False
2025-01-15T13:47:45.546358,1.0,95.0,-38.8,43.1,50.0,79.5,238.3,False
2025-01-15T13:47:56.902273,0.0,102.1,-9.8,43.5,49.99,50.0,236.1,False
2025-01-15T13:47:57.025377,1.0,140.7,-3.0,59.1,49.99,41.1,238.4,False
2025-01-15T13:47:57.155670,2.0,77.0,40.9,36.2,49.99,28.0,239.9,False
2025-01-15T13:48:08.955858,1.0,95.0,-38.8,43.1,49.99,53.2,237.9,False
2025-01-15T13:48:09.087150,2.0,77.0,40.9,36.2,50.0,40.1,239.5,False
2025-01-15T13:48:32.921241,1.0,94.3,-37.9,42.9,50.02,65.1,238.2,False
2025-01-15T13:48:33.084890,0.0,35.5,-6.1,15.2,50.0,49.0,235.9,False
2025-01-15T13:48:33.239987,1.0,95.0,-38.8,43.1,50.01,54.4,238.0,False
2025-01-15T13:48:56.903457,0.0,86.2,-81.7,50.6,49.99,50.2,236.1,False
2025-01-15T13:48:57.042888,1.0,94.3,-37.9,42.9,49.99,40.7,238.3,False
2025-01-15T13:48:57.178506,2.0,77.0,40.9,36.2,49.99,28.4,239.9,False
2025-01-15T13:49:08.913966,0.0,161.8,-86.2,77.9,50.0,49.2,236.0,False
2025-01-15T13:49:09.059421,1.0,95.0,-38.8,43.1,50.0,68.7,238.2,False
2025-01-15T13:49:09.195834,2.0,77.0,40.9,36.2,49.99,56.7,239.8,False
2025-01-15T13:49:09.340709,0.0,44.6,-12.1,19.6,50.0,49.7,235.9,False
2025-01-15T13:49:32.926322,0.0,47.6,3.8,20.3,50.01,50.3,235.9,False
2025-01-15T13:49:33.058513,1.0,95.0,-38.8,43.1,50.01,40.8,238.2,False
2025-01-15T13:49:33.204107,2.0,77.0,40.9,36.2,50.01,27.9,239.7,False
2025-01-15T13:49:33.304334,0.0,115.0,-12.1,48.8,50.01,50.0,236.1,False
2025-01-15T13:49:33.436954,1.0,95.0,-38.8,43.1,50.01,79.6,238.4,False
2025-01-15T13:49:33.576036,2.0,77.0,40.9,36.2,50.01,69.4,239.9,False
2025-01-15T13:49:56.917488,0.0,68.1,-9.8,29.2,49.99,50.9,236.1,False
2025-01-15T13:49:57.065937,1.0,95.0,-38.8,43.1,50.0,72.5,238.5,False
2025-01-15T13:49:57.213074,2.0,77.0,40.9,36.2,50.0,58.8,239.9,False
2025-01-15T13:49:57.327472,0.0,39.3,-9.8,17.3,49.99,49.9,236.1,False
2025-01-15T13:50:08.920903,0.0,48.4,-6.1,20.2,49.98,48.5,235.6,False
2025-01-15T13:50:09.059446,1.0,65.8,-6.1,27.6,49.98,55.9,237.9,False
2025-01-15T13:50:09.184923,2.0,61.3,5.3,25.6,49.98,42.2,239.5,False
2025-01-15T13:50:09.323367,0.0,56.7,9.8,24.2,49.98,52.2,235.9,False
2025-01-15T13:50:09.485433,1.0,95.0,-38.8,43.1,49.98,83.2,238.2,False
2025-01-15T13:50:09.640466,2.0,77.0,40.9,36.2,49.97,75.0,239.7,False
2025-01-15T13:50:20.846279,0.0,41.6,-11.3,18.3,49.97,52.8,235.9,False
2025-01-15T13:50:32.940339,0.0,82.4,-1.5,34.6,49.99,49.3,235.6,False
2025-01-15T13:50:33.085226,1.0,95.0,-38.8,43.1,49.99,66.9,237.8,False
2025-01-15T13:50:33.237552,2.0,77.0,40.9,36.2,49.98,54.5,239.4,False
2025-01-15T13:51:08.955716,1.0,46.9,-2.3,19.7,49.97,55.0,237.8,False
2025-01-15T13:51:09.104365,2.0,37.8,6.1,16.0,49.97,43.0,239.4,False
2025-01-15T13:51:09.245131,0.0,77.1,-56.0,40.8,49.98,48.8,235.7,False
2025-01-15T13:51:09.378134,1.0,12.1,-39.3,17.5,49.97,54.8,238.0,False
2025-01-15T13:51:09.529300,2.0,13.6,-37.1,16.6,49.97,41.2,239.5,False
2025-01-15T13:51:32.948225,0.0,9.1,-46.9,20.4,49.98,49.2,235.6,False
2025-01-15T13:51:33.117904,1.0,95.0,-38.8,43.1,49.97,41.7,237.8,False
2025-01-15T13:51:33.277121,2.0,77.0,40.9,36.2,49.98,30.5,239.4,False
2025-01-15T13:51:33.421121,0.0,97.6,-12.1,41.5,49.99,49.6,235.8,False
2025-01-15T13:51:33.561204,1.0,94.3,-37.9,42.9,49.97,72.9,238.0,False
2025-01-15T13:51:33.711834,2.0,57.4,120.5,55.5,49.98,59.5,239.6,False
2025-01-15T13:51:44.853011,0.0,56.7,-37.1,28.6,49.98,51.2,235.7,False
2025-01-15T13:51:56.903064,1.0,95.0,-38.8,43.1,49.98,40.9,238.1,False
2025-01-15T13:51:57.038158,2.0,77.0,40.9,36.2,49.99,28.1,239.6,False
2025-01-15T13:51:57.165047,0.0,121.8,-23.4,52.5,49.99,44.7,235.9,False
2025-01-15T13:51:57.287835,1.0,95.0,-38.8,43.1,49.99,76.1,238.2,False
2025-01-15T13:51:57.400239,2.0,77.0,40.9,36.2,49.98,65.1,239.6,False
2025-01-15T13:52:32.925921,0.0,88.5,-8.3,37.8,49.98,48.2,235.8,False
2025-01-15T13:52:33.067492,1.0,52.1,82.9,41.3,50.0,95.9,238.0,False
2025-01-15T13:52:33.222460,2.0,68.4,143.7,66.3,49.99,87.1,239.5,False
2025-01-15T13:52:33.359386,0.0,102.9,-5.3,43.3,49.99,45.2,235.4,False
2025-01-15T13:52:33.482856,1.0,95.0,-38.8,43.1,49.99,71.3,237.7,False
2025-01-15T13:52:33.608825,2.0,77.0,40.9,36.2,50.0,58.3,239.1,False
2025-01-15T13:52:33.753382,0.0,43.9,-6.8,19.3,50.0,45.8,235.8,False
2025-01-15T13:52:44.903854,0.0,56.0,-9.1,23.8,49.99,46.5,235.6,False
2025-01-15T13:52:45.039300,1.0,94.3,-37.9,42.9,49.99,55.5,237.9,False
2025-01-15T13:52:45.157608,2.0,57.4,120.5,55.5,49.99,42.0,239.3,False
2025-01-15T13:52:56.939148,1.0,52.1,82.9,41.3,49.98,41.4,238.1,False
2025-01-15T13:52:57.057628,2.0,68.4,143.7,66.3,49.99,30.1,239.5,False
2025-01-15T13:52:57.185568,0.0,120.3,-7.6,51.2,49.97,45.6,235.7,False
2025-01-15T13:52:57.324213,1.0,95.0,-38.8,43.1,49.98,77.8,238.0,False
2025-01-15T13:52:57.457553,2.0,77.0,40.9,36.2,49.97,66.0,239.4,False
2025-01-15T13:53:32.943060,1.0,94.3,-37.9,42.9,50.0,89.2,238.1,False
2025-01-15T13:53:33.081955,2.0,39.6,82.5,37.9,49.99,78.7,239.6,False
2025-01-15T13:53:33.202328,0.0,36.3,-63.5,30.9,49.99,46.4,235.6,False
2025-01-15T13:53:33.323517,1.0,95.0,-38.8,43.1,49.98,56.5,237.9,False
2025-01-15T13:53:33.438907,2.0,77.0,40.9,36.2,49.99,43.1,239.3,False
2025-01-15T13:53:33.547651,0.0,4.5,-50.7,21.6,49.98,46.9,235.6,False
2025-01-15T13:53:33.662829,1.0,95.0,-38.8,43.1,49.98,56.5,237.9,False
2025-01-15T13:53:33.796371,1.0,95.0,-38.8,43.1,49.98,56.5,237.9,False
2025-01-15T13:53:33.936589,2.0,77.0,40.9,36.2,49.98,43.2,239.4,False
2025-01-15T13:53:44.951582,0.0,37.1,-59.7,29.8,49.98,46.6,235.6,False
2025-01-15T13:53:45.126097,1.0,94.3,-37.9,42.9,49.99,56.8,237.9,False
2025-01-15T13:53:45.290604,2.0,77.0,40.9,36.2,49.98,43.1,239.4,False
2025-01-15T13:53:56.925718,0.0,24.2,-66.6,29.7,49.99,47.9,235.8,False
2025-01-15T13:53:57.050775,1.0,95.0,-38.8,43.1,49.99,42.3,238.2,False
2025-01-15T13:53:57.182536,2.0,77.0,40.9,36.2,49.99,30.2,239.6,False
2025-01-15T13:53:57.307343,2.0,77.0,40.9,36.2,49.99,30.2,239.6,False
2025-01-15T13:53:57.436181,2.0,39.6,82.5,37.9,49.99,30.2,239.6,False
2025-01-15T13:54:32.936699,0.0,136.1,-15.1,58.7,49.98,47.5,235.4,False
2025-01-15T13:54:33.073658,1.0,94.3,-37.9,42.9,49.98,84.0,237.7,False
2025-01-15T13:54:33.194202,2.0,77.0,40.9,36.2,49.98,70.5,239.1,False
2025-01-15T13:54:33.325471,1.0,95.0,-38.8,43.1,49.99,71.9,237.6,False
2025-01-15T13:54:33.462111,0.0,49.2,-10.6,21.6,49.98,47.2,235.5,False
2025-01-15T13:54:44.935205,0.0,93.0,-7.6,39.7,49.98,48.9,235.5,False
2025-01-15T13:54:45.079352,1.0,94.3,-37.9,42.9,49.97,43.2,237.8,False
2025-01-15T13:54:45.221508,2.0,77.0,40.9,36.2,49.97,30.2,239.2,False
2025-01-15T13:54:56.939095,0.0,94.5,-7.6,40.3,49.98,48.2,235.5,False
2025-01-15T13:54:57.075156,1.0,95.0,-38.8,43.1,49.98,83.3,237.7,False
2025-01-15T13:54:57.192488,2.0,77.0,40.9,36.2,49.98,72.4,239.2,False
2025-01-15T13:55:09.349207,0.0,96.1,-9.1,40.9,49.99,50.6,235.6,False
2025-01-15T13:55:10.302456,1.0,94.3,-37.9,42.9,49.98,100.1,237.9,False
2025-01-15T13:55:11.035230,2.0,57.4,120.5,55.5,49.99,92.2,239.3,False
2025-01-15T13:55:11.680716,0.0,86.2,-6.8,36.8,49.99,46.4,235.6,False
2025-01-15T13:55:12.133709,1.0,95.0,-38.8,43.1,49.99,80.5,237.8,False
2025-01-15T13:55:12.632251,2.0,77.0,40.9,36.2,49.99,69.5,239.3,False
2025-01-15T13:55:20.897082,0.0,34.0,-46.1,24.8,50.0,45.8,235.8,False
2025-01-15T13:55:21.021162,0.0,3.8,-46.9,20.0,50.0,45.2,235.8,False
2025-01-15T13:55:21.148101,0.0,41.6,-4.5,17.7,50.0,46.0,235.8,False
2025-01-15T13:55:21.267572,1.0,94.3,-37.9,42.9,50.0,54.5,238.1,False
2025-01-15T13:55:21.377365,2.0,57.4,120.5,55.5,49.99,42.0,239.5,False
2025-01-15T13:55:44.962833,0.0,102.9,-8.3,43.8,49.99,48.1,235.7,False
2025-01-15T13:55:45.088313,1.0,95.0,-38.8,43.1,49.98,88.8,238.0,False
2025-01-15T13:55:45.196982,2.0,77.0,40.9,36.2,49.98,76.6,239.5,False
2025-01-15T13:55:56.917286,0.0,108.9,-12.9,46.7,49.99,47.7,235.9,False
2025-01-15T13:55:57.028817,1.0,95.0,-38.8,43.1,49.99,69.6,238.0,False
2025-01-15T13:55:57.137767,2.0,77.0,40.9,36.2,49.98,53.5,239.5,False
2025-01-15T13:56:20.935892,0.0,39.3,-0.8,17.0,50.0,46.8,236.1,False
2025-01-15T13:56:21.047265,1.0,40.1,1.5,16.9,49.99,55.9,238.3,False
2025-01-15T13:56:21.178137,2.0,38.6,3.8,16.2,49.98,40.4,239.8,False
2025-01-15T13:56:56.943252,0.0,87.7,-4.5,37.6,50.0,47.8,235.8,False
2025-01-15T13:56:57.054188,1.0,95.0,-38.8,43.1,50.0,82.7,238.0,False
2025-01-15T13:56:57.160186,2.0,77.0,40.9,36.2,49.99,68.7,239.4,False
2025-01-15T13:56:57.260025,0.0,35.5,-3.8,15.1,50.01,47.2,235.7,False
2025-01-15T13:56:57.362857,1.0,95.0,-38.8,43.1,50.0,73.7,237.9,False
2025-01-15T13:57:20.952150,0.0,85.5,-9.1,36.6,50.01,47.6,235.9,False
2025-01-15T13:57:21.066286,1.0,110.4,-2.3,46.5,50.01,41.8,238.1,False
2025-01-15T13:57:21.182483,2.0,77.0,40.9,36.2,50.0,28.3,239.6,False
2025-01-15T13:57:32.934474,0.0,21.9,-75.6,33.5,50.01,47.3,236.0,False
2025-01-15T13:57:33.038895,1.0,21.2,-46.9,21.7,50.01,53.5,238.2,False
2025-01-15T13:57:33.175814,2.0,19.7,-51.4,23.0,50.02,40.4,239.6,False
2025-01-15T13:57:33.270011,0.0,143.7,-87.0,71.3,50.01,47.7,236.0,False
2025-01-15T13:57:33.357105,1.0,95.0,-38.8,43.1,50.01,81.8,238.2,False
2025-01-15T13:57:33.455492,2.0,77.0,40.9,36.2,50.01,68.2,239.6,False
2025-01-15T13:57:44.937220,0.0,87.7,-4.5,37.3,50.02,46.8,236.0,False
2025-01-15T13:57:45.070884,1.0,95.0,-38.8,43.1,50.01,55.8,238.3,False
2025-01-15T13:57:45.178613,2.0,77.0,40.9,36.2,50.01,40.6,239.7,False
2025-01-15T13:57:45.285617,0.0,84.7,-8.3,36.0,50.01,47.2,236.1,False
2025-01-15T13:57:45.390793,1.0,95.0,-38.8,43.1,50.01,83.5,238.4,False
2025-01-15T13:57:45.509186,2.0,77.0,40.9,36.2,50.01,69.8,239.8,False
2025-01-15T13:58:08.956520,0.0,53.7,-3.0,22.9,50.0,46.4,236.1,False
2025-01-15T13:58:09.096678,1.0,95.0,-38.8,43.1,50.0,56.6,238.4,False
2025-01-15T13:58:09.234517,2.0,77.0,40.9,36.2,50.02,39.0,239.8,False
2025-01-15T13:58:20.926866,0.0,34.8,-3.8,15.1,50.01,47.5,236.4,False
2025-01-15T13:58:21.056119,1.0,44.6,1.5,18.8,50.02,41.7,238.6,False
2025-01-15T13:58:21.159179,2.0,35.5,6.8,15.1,50.01,27.1,240.1,False
2025-01-15T13:58:32.959533,0.0,126.3,-16.6,54.3,50.0,47.4,236.1,False
2025-01-15T13:58:33.107744,1.0,95.0,-38.8,43.1,50.01,81.3,238.3,False
2025-01-15T13:58:33.242894,2.0,77.0,40.9,36.2,50.0,63.4,239.8,False
2025-01-15T13:58:56.947987,0.0,35.5,3.8,15.4,50.0,47.2,235.9,False
2025-01-15T13:58:57.064907,1.0,94.3,-37.9,42.9,49.99,86.1,238.1,False
2025-01-15T13:58:57.177380,2.0,39.6,82.5,37.9,50.0,73.2,239.5,False
2025-01-15T13:58:57.284620,0.0,124.8,-8.3,53.4,50.0,46.1,236.2,False
2025-01-15T13:58:57.406388,1.0,95.0,-38.8,43.1,49.99,55.0,238.5,False
2025-01-15T13:58:57.543403,2.0,77.0,40.9,36.2,49.99,39.3,239.8,False
2025-01-15T13:59:08.924162,0.0,28.7,-46.1,22.9,49.99,46.1,236.2,False
2025-01-15T13:59:09.074159,0.0,25.0,-46.1,22.2,49.99,45.7,236.2,False
2025-01-15T13:59:20.956942,1.0,94.3,-37.9,42.9,49.98,40.8,238.5,False
2025-01-15T13:59:21.073779,2.0,39.6,82.5,37.9,49.99,27.1,239.9,False
2025-01-15T13:59:33.013143,1.0,95.0,-38.8,43.1,50.0,53.1,238.4,False
2025-01-15T13:59:33.160161,2.0,77.0,40.9,36.2,50.0,38.0,239.7,False
2025-01-15T13:59:44.958862,0.0,87.0,-4.5,37.1,50.0,47.0,236.0,False
2025-01-15T13:59:45.092972,1.0,94.3,-37.9,42.9,50.01,80.1,238.2,False
2025-01-15T13:59:45.217677,2.0,57.4,120.5,55.5,50.0,66.6,239.6,False
2025-01-15T14:00:08.979898,0.0,90.0,-11.3,38.6,50.01,47.6,236.4,False
2025-01-15T14:00:09.196613,1.0,95.0,-38.8,43.1,50.01,40.3,238.7,False
2025-01-15T14:00:09.387795,2.0,77.0,40.9,36.2,50.01,26.9,240.0,False
2025-01-15T14:00:09.567818,0.0,36.3,-63.5,31.0,50.02,47.8,236.4,False
2025-01-15T14:00:09.765626,1.0,94.3,-37.9,42.9,50.01,39.4,238.7,False
2025-01-15T14:00:09.967750,2.0,57.4,120.5,55.5,50.02,27.0,240.0,False
2025-01-15T14:00:20.968062,0.0,127.8,-78.7,63.7,50.01,45.9,236.3,False
2025-01-15T14:00:21.121122,1.0,95.0,-38.8,43.1,50.02,70.6,238.6,False
2025-01-15T14:00:21.265563,2.0,77.0,40.9,36.2,50.02,55.9,240.0,False
2025-01-15T14:00:32.844061,0.0,126.3,-8.3,53.4,50.01,49.1,236.5,False
2025-01-15T14:00:33.012593,1.0,94.3,-37.9,42.9,50.0,96.0,238.8,False
2025-01-15T14:00:33.154881,2.0,68.4,143.7,66.3,50.01,86.0,240.1,False
2025-01-15T14:00:56.853277,0.0,121.8,-6.1,51.6,49.99,45.7,236.1,False
2025-01-15T14:00:57.073699,1.0,95.0,-38.8,43.1,50.0,54.9,238.4,False
2025-01-15T14:00:57.238018,2.0,77.0,40.9,36.2,49.99,39.0,239.7,False
2025-01-15T14:01:08.988438,0.0,56.0,-81.7,42.2,50.0,45.9,236.3,False
2025-01-15T14:01:09.219355,1.0,94.3,-37.9,42.9,49.98,53.7,238.5,False
2025-01-15T14:01:09.414486,2.0,68.4,143.7,66.3,49.99,41.6,240.0,False
2025-01-15T14:01:20.846468,0.0,175.5,-88.5,83.7,49.99,46.8,236.0,False
2025-01-15T14:01:20.995841,1.0,95.0,-38.8,43.1,49.98,84.6,238.3,False
2025-01-15T14:01:21.166114,2.0,77.0,40.9,36.2,49.99,74.8,239.7,False
2025-01-15T14:01:32.842073,0.0,101.3,-19.7,44.0,49.99,45.6,236.2,False
2025-01-15T14:01:33.008771,1.0,95.0,-38.8,43.1,49.98,65.5,238.4,False
2025-01-15T14:01:33.145157,2.0,77.0,40.9,36.2,49.98,54.5,239.8,False
2025-01-15T14:01:44.842830,0.0,40.8,2.3,17.3,49.98,46.3,236.1,False
2025-01-15T14:01:44.993466,1.0,37.1,6.1,15.8,49.98,55.1,238.3,False
2025-01-15T14:01:45.163633,2.0,36.3,15.1,16.4,49.98,42.6,239.8,False
2025-01-15T14:02:32.839389,0.0,91.5,-3.0,39.2,50.0,47.7,236.2,False
2025-01-15T14:02:32.993639,1.0,95.0,-38.8,43.1,50.01,39.6,238.5,False
2025-01-15T14:02:33.146395,2.0,77.0,40.9,36.2,50.01,28.7,240.1,False
2025-01-15T14:02:44.837984,0.0,43.1,-81.7,38.8,50.0,48.0,236.0,False
2025-01-15T14:02:44.976167,1.0,12.1,-49.2,21.0,50.0,38.3,238.2,False
2025-01-15T14:02:45.111020,2.0,9.8,-49.9,20.9,50.0,28.1,239.7,False
2025-01-15T14:03:08.847440,0.0,0.8,-86.2,37.0,49.99,51.5,236.4,False
2025-01-15T14:03:09.013507,1.0,10.6,-47.6,20.1,49.99,39.4,238.7,False
2025-01-15T14:03:09.179862,2.0,77.0,40.9,36.2,50.0,27.9,240.2,False
2025-01-15T14:03:56.841240,0.0,41.6,-63.5,31.8,50.01,51.7,236.2,False
2025-01-15T14:03:56.995288,1.0,9.8,-48.4,20.5,50.0,40.4,238.5,False
2025-01-15T14:03:57.164140,2.0,77.0,40.9,36.2,50.01,30.4,239.9,False
2025-01-15T14:04:08.839248,0.0,86.2,-231.4,104.2,50.01,47.7,236.4,False
2025-01-15T14:04:09.001179,1.0,9.8,-48.4,20.5,50.01,40.3,238.7,False
2025-01-15T14:04:09.155757,2.0,77.0,40.9,36.2,50.01,28.9,240.1,False
2025-01-15T14:04:44.842011,0.0,57.5,-3.0,24.5,50.02,46.7,236.3,False
2025-01-15T14:04:44.990374,1.0,66.6,-5.3,28.0,50.02,58.7,238.6,False
2025-01-15T14:04:45.138265,2.0,65.8,7.6,27.6,50.02,49.3,240.0,False
2025-01-15T14:04:56.843670,0.0,60.5,-62.8,37.1,50.02,45.7,236.4,False
2025-01-15T14:04:56.984950,1.0,37.1,-42.4,23.7,50.02,53.1,238.7,False
2025-01-15T14:04:57.127899,2.0,36.3,-35.5,21.2,50.01,41.1,240.1,False
2025-01-15T14:04:57.272893,0.0,71.1,-68.1,41.7,50.0,45.4,236.4,False
2025-01-15T14:04:57.383151,1.0,95.0,-38.8,43.1,50.0,62.8,238.6,False
2025-01-15T14:04:57.533835,2.0,46.9,-31.8,23.6,50.01,51.6,240.1,False
2025-01-15T14:05:20.841047,0.0,86.2,-174.7,82.2,50.02,51.6,236.2,False
2025-01-15T14:05:20.962266,1.0,40.8,-3.0,17.1,50.02,54.0,238.4,False
2025-01-15T14:05:21.095066,2.0,77.0,40.9,36.2,50.02,43.3,239.9,False
2025-01-15T14:05:32.902799,1.0,95.0,-38.8,43.1,50.02,41.4,238.6,False
2025-01-15T14:05:33.066719,2.0,36.3,6.1,15.4,50.03,32.2,240.1,False
2025-01-15T14:05:56.842136,0.0,28.0,-48.4,23.7,50.02,52.2,236.4,False
2025-01-15T14:05:57.012771,1.0,94.3,-37.9,42.9,50.02,41.4,238.5,False
2025-01-15T14:05:57.157529,2.0,246.2,684.8,302.2,50.02,30.6,240.1,False
2025-01-15T14:05:57.293838,0.0,118.0,-61.3,56.4,50.02,52.5,236.3,False
2025-01-15T14:05:57.428045,1.0,95.0,-38.8,43.1,50.02,73.7,238.5,False
2025-01-15T14:05:57.557931,2.0,103.6,-25.7,44.5,50.02,62.0,240.1,False
2025-01-15T14:06:08.845541,0.0,68.1,-6.8,28.8,50.03,55.1,236.4,False
2025-01-15T14:06:09.030186,1.0,94.3,-37.9,42.9,50.02,89.3,238.6,False
2025-01-15T14:06:09.220992,2.0,77.0,40.9,36.2,50.03,80.7,240.1,False
2025-01-15T14:06:20.912151,0.0,84.7,-4.5,35.9,50.03,50.6,236.4,False
2025-01-15T14:06:21.095568,1.0,95.0,-38.8,43.1,50.02,54.9,238.6,False
2025-01-15T14:06:21.275492,2.0,77.0,40.9,36.2,50.02,40.9,240.2,False
2025-01-15T14:06:21.434496,0.0,35.5,-7.6,15.4,50.03,51.6,236.5,False
2025-01-15T14:06:21.601079,1.0,44.6,-0.0,18.7,50.03,40.8,238.6,False
2025-01-15T14:06:32.851258,0.0,89.2,-12.9,38.4,50.02,51.5,236.2,False
2025-01-15T14:06:33.002101,1.0,95.0,-38.8,43.1,50.02,72.3,238.4,False
2025-01-15T14:06:33.154219,2.0,77.0,40.9,36.2,50.03,60.9,239.9,False
2025-01-15T14:06:44.848275,0.0,122.5,-9.1,52.1,50.01,58.9,236.1,False
2025-01-15T14:06:45.023079,1.0,139.9,-0.8,58.8,50.02,99.6,238.3,False
2025-01-15T14:06:45.192310,2.0,130.1,11.3,54.5,50.02,91.1,239.8,False
2025-01-15T14:06:56.899621,0.0,59.0,-4.5,25.0,50.03,54.7,236.1,False
2025-01-15T14:06:57.046940,1.0,65.8,-0.0,27.6,50.03,88.0,238.2,False
2025-01-15T14:06:57.187386,2.0,77.0,40.9,36.2,50.02,77.6,239.8,False
2025-01-15T14:06:57.314250,0.0,84.7,-8.3,36.1,50.01,51.8,236.2,False
2025-01-15T14:06:57.443312,1.0,95.0,-38.8,43.1,50.03,67.1,238.3,False
2025-01-15T14:06:57.574252,2.0,90.0,9.8,37.8,50.02,54.6,239.9,False
2025-01-15T14:07:56.899571,1.0,43.1,-3.8,18.2,50.02,55.6,238.5,False
2025-01-15T14:07:57.021821,2.0,38.6,6.8,16.3,50.02,41.9,239.9,False
2025-01-15T14:07:57.150240,0.0,49.9,-169.4,74.8,50.01,46.0,236.3,False
2025-01-15T14:07:57.280669,0.0,36.3,-5.3,15.7,50.01,47.6,236.4,False
2025-01-15T14:07:57.422629,1.0,43.1,1.5,18.1,50.02,39.4,238.6,False
2025-01-15T14:08:20.847296,0.0,87.0,-6.1,37.2,50.02,46.9,236.1,False
2025-01-15T14:08:20.973499,1.0,95.0,-38.8,43.1,50.01,70.9,238.4,False
2025-01-15T14:08:21.069280,2.0,77.0,40.9,36.2,50.02,60.4,239.9,False
2025-01-15T14:08:32.857122,0.0,129.3,-3.0,55.1,50.01,50.4,235.9,False
2025-01-15T14:08:33.006834,1.0,138.4,-0.8,58.2,50.01,96.1,238.2,False
2025-01-15T14:08:33.120217,2.0,137.6,8.3,57.6,50.02,87.7,239.7,False
2025-01-15T14:08:45.041484,0.0,86.2,-1.5,36.8,50.01,45.9,236.1,False
2025-01-15T14:08:45.806447,1.0,95.0,-38.8,43.1,50.0,51.4,238.4,False
2025-01-15T14:08:46.548968,2.0,77.0,40.9,36.2,50.01,40.3,239.8,False
2025-01-15T14:08:56.901318,0.0,87.0,-6.8,37.0,50.01,45.4,236.1,False
2025-01-15T14:08:57.058703,1.0,95.0,-38.8,43.1,50.01,75.8,238.4,False
2025-01-15T14:08:57.217564,2.0,77.0,40.9,36.2,50.02,65.2,239.8,False
2025-01-15T14:08:57.361483,0.0,81.7,-5.3,34.7,50.01,46.3,236.1,False
2025-01-15T14:08:57.520982,1.0,95.0,-38.8,43.1,50.01,52.4,238.4,False
2025-01-15T14:08:57.665372,2.0,77.0,40.9,36.2,50.01,39.6,239.9,False
2025-01-15T14:08:57.812501,1.0,41.6,-0.8,17.5,50.01,39.0,238.5,False
2025-01-15T14:08:57.955758,2.0,37.8,3.8,15.9,50.01,28.2,240.0,False
2025-01-15T14:09:08.853618,0.0,89.2,-6.1,38.3,50.01,46.4,235.8,False
2025-01-15T14:09:09.009492,1.0,95.0,-38.8,43.1,50.0,69.9,238.1,False
2025-01-15T14:09:09.156350,2.0,77.0,40.9,36.2,50.01,57.5,239.6,False
2025-01-15T14:09:32.854075,0.0,62.8,59.0,36.5,50.01,49.7,235.6,False
2025-01-15T14:09:32.990072,1.0,110.4,34.0,48.6,50.0,94.8,237.8,False
2025-01-15T14:09:33.132906,2.0,109.7,51.4,50.6,50.0,86.8,239.3,False
2025-01-15T14:09:33.286258,0.0,0.8,-59.0,24.9,50.0,47.4,235.7,False
2025-01-15T14:09:44.856715,0.0,36.3,-3.0,15.4,50.01,45.7,235.6,False
2025-01-15T14:09:45.019749,1.0,40.8,-0.8,17.2,50.01,75.3,237.9,False
2025-01-15T14:09:45.174744,2.0,39.3,3.8,16.5,50.01,65.2,239.3,False
2025-01-15T14:09:56.855994,0.0,121.0,-3.8,51.8,50.01,46.8,236.1,False
2025-01-15T14:09:56.996200,1.0,95.0,-38.8,43.1,50.0,39.2,238.4,False
2025-01-15T14:09:57.135460,2.0,133.1,12.9,56.0,50.01,28.8,239.8,False
2025-01-15T14:10:08.855116,0.0,49.9,-93.8,45.0,50.0,47.5,236.1,False
2025-01-15T14:10:08.993595,1.0,94.3,-37.9,42.9,50.0,38.8,238.4,False
2025-01-15T14:10:09.134441,2.0,77.0,40.9,36.2,50.0,28.7,239.9,False
2025-01-15T14:10:09.276905,0.0,55.2,-92.3,45.6,50.0,48.2,236.1,False
2025-01-15T14:10:09.416959,1.0,12.1,-56.7,24.4,50.0,39.5,238.4,False
2025-01-15T14:10:09.569665,2.0,77.0,40.9,36.2,50.01,28.7,239.8,False
2025-01-15T14:10:09.730185,1.0,43.1,-2.3,18.2,50.01,52.9,238.1,False
2025-01-15T14:10:09.872980,2.0,39.3,5.3,16.6,50.0,41.7,239.5,False
2025-01-15T14:10:32.885808,1.0,40.8,0.8,17.2,50.01,63.9,238.1,False
2025-01-15T14:10:33.029835,2.0,37.1,3.0,15.5,50.0,51.9,239.6,False
2025-01-15T14:10:44.866150,0.0,37.8,-5.3,16.0,50.01,47.3,235.7,False
2025-01-15T14:10:45.017416,1.0,38.7,62.5,31.0,50.01,54.2,237.9,False
2025-01-15T14:10:45.164929,2.0,40.1,2.3,16.7,50.0,42.6,239.5,False
2025-01-15T14:10:56.857620,0.0,36.3,-0.8,15.8,50.0,47.8,236.2,False
2025-01-15T14:10:56.987559,1.0,45.5,76.3,37.5,50.0,41.6,238.5,False
2025-01-15T14:10:57.121207,2.0,37.1,4.5,15.6,50.0,30.4,239.9,False
2025-01-15T14:11:08.858266,0.0,21.2,-102.9,44.5,50.0,46.2,236.2,False
2025-01-15T14:11:09.016222,1.0,52.1,82.9,41.3,50.0,71.4,238.4,False
2025-01-15T14:11:09.174389,2.0,71.1,-77.1,43.8,50.01,59.5,239.9,False
2025-01-15T14:11:32.857469,0.0,183.8,-119.5,93.5,49.98,51.4,235.8,False
2025-01-15T14:11:33.022810,1.0,95.0,-38.8,43.1,49.99,99.0,238.0,False
2025-01-15T14:11:33.167648,2.0,146.0,-52.9,65.1,49.99,90.9,239.5,False
2025-01-15T14:11:33.306656,0.0,77.1,-5.3,32.7,49.98,48.7,235.8,False
2025-01-15T14:11:33.444088,1.0,95.0,-38.8,43.1,49.98,83.9,238.0,False
2025-01-15T14:11:33.568010,2.0,77.0,40.9,36.2,49.98,73.4,239.4,False
2025-01-15T14:11:44.860006,0.0,92.3,-6.8,39.2,49.98,47.7,235.7,False
2025-01-15T14:11:56.924281,1.0,43.1,-2.3,18.1,49.98,42.5,237.9,False
2025-01-15T14:11:57.050632,2.0,37.8,5.3,16.0,49.99,30.6,239.3,False
2025-01-15T14:11:57.179158,0.0,89.2,-7.6,38.3,49.99,46.7,235.5,False
2025-01-15T14:11:57.339651,1.0,95.0,-38.8,43.1,49.98,72.2,237.7,False
2025-01-15T14:11:57.472274,2.0,77.0,40.9,36.2,49.99,59.1,239.1,False
2025-01-15T14:12:08.860364,0.0,108.9,-4.5,46.1,49.99,51.0,235.6,False
2025-01-15T14:12:09.011990,1.0,94.3,-37.9,42.9,50.0,96.6,237.7,False
2025-01-15T14:12:09.155215,2.0,124.0,7.6,51.9,49.99,88.6,239.3,False
2025-01-15T14:12:20.860301,0.0,40.8,-0.0,17.5,49.99,48.6,235.8,False
2025-01-15T14:12:21.031417,1.0,46.1,-4.5,19.6,49.99,88.7,237.9,False
2025-01-15T14:12:21.161377,2.0,77.0,40.9,36.2,49.99,77.8,239.4,False
2025-01-15T14:12:32.912630,1.0,95.0,-38.8,43.1,50.0,66.4,237.9,False
2025-01-15T14:12:33.049045,2.0,92.3,6.1,38.6,50.0,53.3,239.4,False
2025-01-15T14:12:33.181437,0.0,47.6,-165.6,73.0,49.99,51.6,235.6,False
2025-01-15T14:13:08.861045,0.0,39.3,2.3,17.3,49.98,51.0,236.4,False
2025-01-15T14:13:09.034936,1.0,43.1,-0.0,18.3,49.99,55.6,238.4,False
2025-01-15T14:13:09.181121,2.0,41.6,6.8,17.7,49.98,42.9,240.0,False
2025-01-15T14:13:32.867517,0.0,36.3,-7.6,15.6,49.98,51.9,236.3,False
2025-01-15T14:13:33.002605,1.0,44.6,-0.8,18.7,49.98,40.8,238.3,False
2025-01-15T14:13:33.123647,1.0,94.3,-37.9,42.9,49.98,40.8,238.3,False
2025-01-15T14:13:33.251742,2.0,35.5,6.1,15.0,49.99,29.9,239.9,False
2025-01-15T14:13:44.863483,0.0,90.0,-8.3,38.2,49.97,47.1,236.3,False
2025-01-15T14:13:45.014402,1.0,95.0,-38.8,43.1,49.97,73.0,238.4,False
2025-01-15T14:13:45.152700,2.0,77.0,40.9,36.2,49.98,61.1,239.9,False
2025-01-15T14:13:56.867011,0.0,124.0,-5.3,52.8,49.99,50.6,236.1,False
2025-01-15T14:13:56.990963,1.0,94.3,-37.9,42.9,49.99,96.7,238.3,False
2025-01-15T14:13:57.112894,2.0,136.9,11.3,57.4,50.0,89.2,239.7,False
2025-01-15T14:14:08.864114,0.0,95.3,-3.8,40.5,49.98,46.8,236.2,False
2025-01-15T14:14:08.983192,1.0,95.0,-38.8,43.1,49.99,78.9,238.3,False
2025-01-15T14:14:09.120303,2.0,77.0,40.9,36.2,49.99,68.4,239.8,False
2025-01-15T14:14:20.869157,0.0,84.7,-6.8,35.9,49.99,46.4,236.1,False
2025-01-15T14:14:21.002257,1.0,94.3,-37.9,42.9,50.0,54.0,238.2,False
2025-01-15T14:14:21.135776,2.0,95.3,8.3,39.9,50.0,41.9,239.7,False
2025-01-15T14:14:32.891470,1.0,43.1,-3.0,18.1,49.99,40.9,238.0,False
2025-01-15T14:14:33.016645,2.0,39.3,4.5,16.5,49.99,29.4,239.4,False
2025-01-15T14:14:33.137963,0.0,89.2,-9.1,38.2,49.99,46.6,235.7,False
2025-01-15T14:14:33.242379,1.0,95.0,-38.8,43.1,49.98,71.1,237.9,False
2025-01-15T14:14:33.361403,2.0,77.0,40.9,36.2,49.98,60.2,239.3,False
2025-01-15T14:14:44.869184,0.0,80.2,-8.3,34.2,49.98,47.8,235.7,False
2025-01-15T14:14:45.032434,1.0,95.0,-38.8,43.1,49.97,43.2,237.8,False
2025-01-15T14:14:45.179337,2.0,77.0,40.9,36.2,49.98,31.8,239.3,False
2025-01-15T14:14:45.320151,0.0,36.3,-62.0,30.4,49.97,47.7,235.7,False
2025-01-15T14:14:45.479607,1.0,7.6,-37.8,16.2,49.97,43.4,237.8,False
2025-01-15T14:14:45.627201,2.0,6.8,-40.1,17.0,49.97,32.0,239.2,False
2025-01-15T14:14:56.868670,0.0,18.2,-107.4,46.3,49.98,51.9,235.7,False
2025-01-15T14:14:57.010695,0.0,121.0,-11.3,51.6,49.97,53.8,235.6,False
2025-01-15T14:14:57.149212,1.0,95.0,-38.8,43.1,49.98,82.0,237.7,False
2025-01-15T14:14:57.283811,2.0,77.0,40.9,36.2,49.98,70.7,239.2,False
2025-01-15T14:15:32.926184,1.0,95.0,-38.8,43.1,49.98,41.0,238.2,False
2025-01-15T14:15:33.055906,2.0,77.0,40.9,36.2,49.98,29.5,239.8,False
2025-01-15T14:15:44.873362,0.0,15.9,-108.9,46.8,49.98,47.6,235.9,False
2025-01-15T14:15:56.898044,1.0,40.1,-0.8,16.9,49.96,56.2,238.1,False
2025-01-15T14:15:57.029746,2.0,38.6,4.5,16.2,49.98,43.3,239.6,False
2025-01-15T14:16:32.893401,1.0,43.1,-0.0,18.2,49.97,41.7,238.2,False
2025-01-15T14:16:33.034998,2.0,40.8,4.5,17.2,49.97,29.5,239.6,False
2025-01-15T14:16:33.154947,0.0,92.3,-10.6,39.4,49.97,47.4,236.0,False
2025-01-15T14:16:33.280333,1.0,95.0,-38.8,43.1,49.97,73.8,238.2,False
2025-01-15T14:16:33.412489,2.0,77.0,40.9,36.2,49.97,60.0,239.6,False
2025-01-15T14:16:56.871380,0.0,95.3,-11.3,40.6,49.98,48.2,235.9,False
2025-01-15T14:16:56.986361,1.0,95.0,-38.8,43.1,49.98,41.4,238.1,False
2025-01-15T14:16:57.106200,2.0,77.0,40.9,36.2,49.99,30.1,239.6,False
2025-01-15T14:16:57.225901,0.0,130.1,-9.8,55.3,49.99,46.4,235.9,False
2025-01-15T14:16:57.333644,1.0,95.0,-38.8,43.1,49.98,79.3,238.1,False
2025-01-15T14:16:57.471984,2.0,77.0,40.9,36.2,49.97,69.1,239.6,False
2025-01-15T14:17:08.871790,0.0,58.2,-170.2,76.4,49.98,52.5,236.0,False
2025-01-15T14:17:09.011557,0.0,89.2,-7.6,38.2,49.98,57.6,235.7,False
2025-01-15T14:17:09.157034,1.0,94.3,-37.9,42.9,49.97,97.5,237.9,False
2025-01-15T14:17:09.310123,2.0,96.8,11.3,40.8,49.98,88.4,239.4,False
2025-01-15T14:17:20.872089,0.0,122.5,-4.5,52.2,49.98,51.3,236.0,False
2025-01-15T14:17:20.983024,1.0,95.0,-38.8,43.1,49.97,72.3,238.2,False
2025-01-15T14:17:21.090852,2.0,77.0,40.9,36.2,49.98,60.4,239.7,False
2025-01-15T14:17:32.870178,0.0,55.2,-9.8,23.7,49.99,51.7,235.9,False
2025-01-15T14:17:33.007791,1.0,94.3,-37.9,42.9,49.98,54.7,238.0,False
2025-01-15T14:17:33.137141,2.0,56.7,6.8,23.8,49.98,43.1,239.6,False
2025-01-15T14:17:44.874604,0.0,118.0,-8.3,50.2,49.97,54.1,235.8,False
2025-01-15T14:17:45.036239,1.0,95.0,-38.8,43.1,49.96,85.3,238.0,False
2025-01-15T14:17:45.164698,2.0,77.0,40.9,36.2,49.97,75.2,239.6,False
2025-01-15T14:17:45.297116,0.0,80.2,-3.0,34.1,49.97,51.1,235.9,False
2025-01-15T14:17:45.422790,1.0,95.0,-38.8,43.1,49.96,66.4,238.1,False
2025-01-15T14:17:45.541711,2.0,77.0,40.9,36.2,49.97,53.9,239.6,False
2025-01-15T14:17:56.877469,0.0,37.1,-152.8,66.6,49.97,45.9,235.9,False
2025-01-15T14:18:32.909563,1.0,37.1,10.6,16.2,49.97,55.3,238.2,False
2025-01-15T14:19:08.876804,0.0,48.4,-3.0,20.7,49.96,45.3,235.8,False
2025-01-15T14:19:09.014508,1.0,95.0,-38.8,43.1,49.95,69.9,238.0,False
2025-01-15T14:19:09.120783,2.0,77.0,40.9,36.2,49.96,59.5,239.5,False
2025-01-15T14:19:09.230582,0.0,28.0,-48.4,23.7,49.97,46.2,235.8,False
2025-01-15T14:19:20.957247,0.0,27.2,-46.9,22.9,49.98,45.5,235.9,False
2025-01-15T14:19:21.100383,1.0,49.9,27.2,23.9,49.98,54.2,238.2,False
2025-01-15T14:19:21.224012,2.0,77.0,40.9,36.2,49.97,43.0,239.6,False
2025-01-15T14:19:21.349726,1.0,45.4,-3.8,19.1,49.98,41.3,238.0,False
2025-01-15T14:19:21.489936,1.0,95.0,-38.8,43.1,49.98,41.3,238.0,False
2025-01-15T14:19:21.627337,2.0,39.3,6.8,16.7,49.98,29.9,239.5,False
2025-01-15T14:19:32.876004,0.0,118.0,-11.3,50.5,49.97,47.5,235.6,False
2025-01-15T14:19:33.012121,1.0,95.0,-38.8,43.1,49.98,81.9,237.8,False
2025-01-15T14:19:33.152002,2.0,77.0,40.9,36.2,49.97,72.3,239.2,False
2025-01-15T14:19:44.879088,0.0,78.7,-5.3,33.6,49.97,47.0,235.7,False
2025-01-15T14:19:45.017437,1.0,95.0,-38.8,43.1,49.97,55.4,237.9,False
2025-01-15T14:19:45.155040,2.0,77.0,40.9,36.2,49.97,43.0,239.3,False
2025-01-15T14:19:45.287490,0.0,83.9,-9.1,35.5,49.97,46.6,235.9,False
2025-01-15T14:19:45.437721,1.0,95.0,-38.8,43.1,49.98,79.6,238.2,False
2025-01-15T14:19:45.577195,2.0,77.0,40.9,36.2,49.98,69.0,239.6,False
2025-01-15T14:19:56.905478,1.0,36.3,-2.3,15.1,49.97,69.7,237.7,False
2025-01-15T14:20:20.877170,0.0,50.7,-1.5,21.9,49.97,46.2,235.8,False
2025-01-15T14:20:21.003638,1.0,95.0,-38.8,43.1,49.97,55.9,238.1,False
2025-01-15T14:20:21.115396,2.0,77.0,40.9,36.2,49.96,44.2,239.5,False
2025-01-15T14:20:21.217785,0.0,38.6,-6.8,16.4,49.96,47.7,235.6,False
2025-01-15T14:20:21.320237,1.0,49.2,-3.0,20.7,49.95,40.3,237.9,False
2025-01-15T14:20:21.434492,2.0,43.9,5.3,18.4,49.95,29.8,239.3,False
2025-01-15T14:20:32.879129,0.0,115.0,-11.3,49.1,49.96,47.1,235.6,False
2025-01-15T14:20:32.987720,1.0,95.0,-38.8,43.1,49.95,80.1,237.9,False
2025-01-15T14:20:33.096762,2.0,77.0,40.9,36.2,49.96,70.2,239.3,False
2025-01-15T14:20:56.882250,0.0,44.6,-3.8,18.8,49.97,47.8,235.8,False
2025-01-15T14:20:57.010961,0.0,121.0,-9.1,51.7,49.98,46.1,236.0,False
2025-01-15T14:20:57.134363,1.0,95.0,-38.8,43.1,49.98,52.5,238.2,False
2025-01-15T14:20:57.232749,2.0,77.0,40.9,36.2,49.98,41.1,239.6,False
2025-01-15T14:21:08.878147,0.0,31.8,-44.6,23.5,49.98,45.3,236.1,False
2025-01-15T14:21:20.883011,0.0,8.3,-40.1,17.9,49.97,47.2,235.7,False
2025-01-15T14:21:20.998225,1.0,32.5,26.5,17.8,49.97,41.1,237.9,False
2025-01-15T14:21:21.119283,2.0,30.3,-30.3,18.1,49.97,30.1,239.3,False
2025-01-15T14:21:32.949971,1.0,44.6,-2.3,18.8,49.97,54.7,238.0,False
2025-01-15T14:21:33.068278,2.0,39.3,4.5,16.5,49.98,41.7,239.4,False
2025-01-15T14:21:56.881878,0.0,95.3,-13.6,40.5,49.98,45.8,236.1,False
2025-01-15T14:21:56.999468,1.0,95.0,-38.8,43.1,49.98,81.0,238.3,False
2025-01-15T14:21:57.125392,2.0,77.0,40.9,36.2,49.99,68.8,239.7,False
2025-01-15T14:21:57.269644,0.0,34.8,-8.3,15.1,49.98,45.4,236.1,False
2025-01-15T14:21:57.388030,1.0,43.9,3.0,18.5,49.98,70.9,238.3,False
2025-01-15T14:22:08.881080,0.0,92.3,-9.1,39.2,49.99,46.7,235.9,False
2025-01-15T14:22:09.039398,1.0,95.0,-38.8,43.1,49.99,40.6,238.2,False
2025-01-15T14:22:09.177134,2.0,77.0,40.9,36.2,49.97,30.0,239.6,False
2025-01-15T14:22:32.881924,0.0,116.5,-10.6,49.8,49.98,45.4,235.8,False
2025-01-15T14:22:33.013461,0.0,11.3,-91.5,39.1,49.99,49.5,235.8,False
2025-01-15T14:22:33.133401,1.0,45.5,76.3,37.5,49.98,97.0,238.1,False
2025-01-15T14:22:33.262675,2.0,42.7,84.8,39.6,49.99,91.8,239.4,False
2025-01-15T14:22:44.882727,0.0,8.3,-96.8,41.0,49.99,45.3,235.9,False
2025-01-15T14:22:45.010945,2.0,39.6,82.5,37.9,49.98,69.8,239.6,False
2025-01-15T14:22:56.911146,1.0,45.5,76.3,37.5,49.98,70.8,238.1,False
2025-01-15T14:22:57.035115,0.0,57.5,-5.3,24.4,49.98,45.7,235.9,False
2025-01-15T14:22:57.176405,1.0,65.0,-6.1,27.4,49.97,54.5,238.1,False
2025-01-15T14:22:57.309823,2.0,65.8,5.3,27.6,49.97,42.2,239.5,False
2025-01-15T14:23:08.885906,0.0,125.5,-12.1,53.2,49.98,46.4,236.1,False
2025-01-15T14:23:09.014678,1.0,95.0,-38.8,43.1,49.98,85.5,238.3,False
2025-01-15T14:23:09.141867,2.0,77.0,40.9,36.2,49.98,75.7,239.7,False
2025-01-15T14:23:32.886130,0.0,93.0,-5.3,39.7,49.98,44.7,236.3,False
2025-01-15T14:23:33.000129,1.0,95.0,-38.8,43.1,49.98,64.9,238.6,False
2025-01-15T14:23:33.120068,2.0,77.0,40.9,36.2,49.98,52.4,239.9,False
2025-01-15T14:23:56.886002,0.0,45.4,-80.9,39.5,49.99,44.6,236.4,False
2025-01-15T14:23:56.997347,1.0,20.4,-51.4,23.3,49.99,64.1,238.6,False
2025-01-15T14:23:57.112175,2.0,16.6,-45.4,20.3,49.99,51.4,240.0,False
2025-01-15T14:23:57.245453,0.0,15.9,-77.9,33.7,49.99,45.5,236.4,False
2025-01-15T14:23:57.372350,1.0,19.7,-48.4,21.9,49.98,53.1,238.7,False
2025-01-15T14:23:57.493016,2.0,77.0,40.9,36.2,49.98,40.6,240.0,False
2025-01-15T14:24:20.887003,0.0,95.3,-6.8,40.6,49.99,45.3,236.2,False
2025-01-15T14:24:20.991691,1.0,95.0,-38.8,43.1,49.99,79.0,238.5,False
2025-01-15T14:24:21.097552,2.0,99.8,11.3,41.9,49.99,68.9,239.8,False
2025-01-15T14:24:32.885451,0.0,42.4,-0.0,17.9,50.0,45.0,236.2,False
2025-01-15T14:24:33.014211,1.0,37.8,-1.5,15.9,50.0,70.8,238.6,False
2025-01-15T14:24:33.124906,2.0,40.1,2.3,16.8,50.0,59.0,239.9,False
2025-01-15T14:24:44.887394,0.0,130.8,-94.5,68.3,49.99,47.0,236.1,False
2025-01-15T14:24:45.021652,1.0,95.0,-38.8,43.1,49.98,40.6,238.5,False
2025-01-15T14:24:45.163981,2.0,77.0,40.9,36.2,49.99,29.6,239.8,False
2025-01-15T14:24:45.321114,0.0,17.4,-31.0,15.1,49.99,47.0,236.1,False
2025-01-15T14:24:45.480140,0.0,25.7,-47.6,22.9,50.0,46.8,236.1,False
2025-01-15T14:27:44.879106,0.0,3.8,-2.3,1.4,50.02,47.3,236.5,False
2025-01-15T14:27:45.025481,1.0,0.0,1.5,0.4,50.01,38.4,238.8,False
2025-01-15T14:27:45.184209,2.0,2.3,3.0,1.4,50.01,27.2,240.2,False
2025-01-15T14:30:44.883190,0.0,0.8,0.8,1.0,49.98,46.7,236.2,False
2025-01-15T14:30:45.024804,1.0,0.0,0.8,0.1,49.99,39.2,238.5,False
2025-01-15T14:30:45.162041,2.0,0.8,0.8,0.4,49.98,28.2,240.0,False
2025-01-15T14:33:44.889589,0.0,2.3,-3.8,1.7,50.0,46.7,236.0,False
2025-01-15T14:33:45.017301,1.0,1.5,-4.5,1.9,50.0,39.2,238.3,False
2025-01-15T14:33:45.133633,2.0,2.3,-0.0,0.9,49.99,26.3,239.7,False
2025-01-15T14:36:44.886825,0.0,1.5,-4.5,1.8,49.98,46.7,236.2,False
2025-01-15T14:36:45.086586,1.0,2.3,-3.0,1.5,49.99,39.6,238.4,False
2025-01-15T14:36:45.218553,2.0,0.8,0.8,0.6,49.99,27.9,239.9,False
2025-01-15T14:37:44.895100,0.0,54.5,-7.6,23.2,49.99,44.7,236.3,False
2025-01-15T14:37:45.048226,1.0,95.0,-38.8,43.1,49.98,59.2,238.5,False
2025-01-15T14:37:45.187372,2.0,77.0,40.9,36.2,49.98,45.7,240.0,False
2025-01-15T14:38:32.894833,0.0,51.4,-9.1,22.0,49.99,47.3,236.2,False
2025-01-15T14:38:33.032967,1.0,95.0,-38.8,43.1,49.99,39.9,238.5,False
2025-01-15T14:38:33.162945,2.0,77.0,40.9,36.2,50.0,28.5,240.0,False
2025-01-15T14:38:56.958087,0.0,90.0,-9.8,38.5,49.98,45.3,236.1,False
2025-01-15T14:38:57.091771,1.0,95.0,-38.8,43.1,49.97,70.2,238.3,False
2025-01-15T14:38:57.209959,2.0,77.0,40.9,36.2,49.99,56.6,239.8,False
2025-01-15T14:38:57.353299,0.0,102.9,-8.3,43.4,49.98,49.2,236.3,False
2025-01-15T14:38:57.499975,1.0,94.3,-37.9,42.9,49.98,94.7,238.5,False
2025-01-15T14:38:57.635733,2.0,111.2,6.8,46.4,49.98,83.7,239.9,False
2025-01-15T14:39:08.898257,0.0,36.3,-3.8,15.5,49.99,46.0,236.2,False
2025-01-15T14:39:09.056601,1.0,39.3,-0.0,16.5,49.98,79.3,238.5,False
2025-01-15T14:39:09.209527,2.0,37.1,2.3,15.5,50.0,68.0,239.9,False
2025-01-15T14:39:20.952260,0.0,87.7,-5.3,37.3,49.99,45.8,236.3,False
2025-01-15T14:39:21.078884,1.0,95.0,-38.8,43.1,50.0,54.6,238.6,False
2025-01-15T14:39:21.202284,2.0,77.0,40.9,36.2,49.98,41.2,240.0,False
2025-01-15T14:39:21.330662,1.0,44.6,-3.8,18.7,49.99,41.5,238.4,False
2025-01-15T14:39:21.457746,1.0,94.3,-37.9,42.9,49.99,41.5,238.4,False
2025-01-15T14:39:21.592410,2.0,39.3,6.1,16.6,49.99,28.7,239.8,False
2025-01-15T14:39:32.897762,0.0,92.3,-8.3,39.4,49.98,45.0,236.0,False
2025-01-15T14:39:33.037847,1.0,95.0,-38.8,43.1,49.98,69.6,238.3,False
2025-01-15T14:39:33.170628,2.0,77.0,40.9,36.2,49.98,56.5,239.7,False
2025-01-15T14:39:44.898747,0.0,124.8,-3.8,53.0,49.98,48.7,235.9,False
2025-01-15T14:39:45.031020,1.0,94.3,-37.9,42.9,49.99,94.6,238.1,False
2025-01-15T14:39:45.157027,2.0,139.2,9.8,58.3,49.97,86.3,239.6,False
2025-01-15T14:39:56.946012,0.0,57.5,3.8,24.5,49.98,47.0,235.9,False
2025-01-15T14:39:57.075190,1.0,59.7,-6.8,25.3,49.98,86.1,238.2,False
2025-01-15T14:39:57.192889,2.0,70.3,5.3,29.4,49.99,73.4,239.6,False
2025-01-15T14:39:57.310229,0.0,92.3,-9.1,39.3,49.98,45.0,235.9,False
2025-01-15T14:39:57.431470,1.0,95.0,-38.8,43.1,49.98,63.7,238.2,False
2025-01-15T14:39:57.535224,2.0,77.0,40.9,36.2,49.98,50.1,239.6,False
2025-01-15T14:40:56.952548,1.0,39.3,1.5,16.6,49.98,53.1,238.5,False
2025-01-15T14:40:57.083096,2.0,37.1,3.0,15.6,49.98,40.1,240.0,False
2025-01-15T14:40:57.186705,0.0,36.3,-3.0,15.5,49.97,47.4,236.2,False
2025-01-15T14:40:57.289790,1.0,94.3,-37.9,42.9,49.97,40.1,238.4,False
2025-01-15T14:40:57.391575,2.0,38.6,5.3,16.2,49.98,28.9,240.0,False
2025-01-15T14:41:20.906091,0.0,86.2,-8.3,37.0,49.98,45.3,236.0,False
2025-01-15T14:41:21.071304,1.0,95.0,-38.8,43.1,49.97,70.7,238.2,False
2025-01-15T14:41:21.205207,2.0,77.0,40.9,36.2,49.98,60.2,239.7,False
2025-01-15T14:41:32.901652,0.0,126.3,-5.3,53.6,49.98,49.1,235.9,False
2025-01-15T14:41:33.029444,1.0,94.3,-37.9,42.9,49.98,96.0,238.1,False
2025-01-15T14:41:33.155773,2.0,132.4,6.8,55.4,49.98,88.1,239.6,False
2025-01-15T14:41:44.902883,0.0,86.2,-5.3,36.7,49.98,45.9,235.7,False
2025-01-15T14:41:45.053668,1.0,95.0,-38.8,43.1,49.98,52.9,238.0,False
2025-01-15T14:41:45.188618,2.0,77.0,40.9,36.2,49.98,40.7,239.5,False
2025-01-15T14:41:56.926650,1.0,43.1,-0.8,18.2,49.98,40.5,238.4,False
2025-01-15T14:41:57.049217,1.0,94.3,-37.9,42.9,49.98,40.5,238.4,False
2025-01-15T14:41:57.180865,2.0,36.3,9.1,15.6,49.98,28.7,240.0,False
2025-01-15T14:42:08.911516,0.0,82.4,-6.1,35.2,49.98,45.1,236.0,False
2025-01-15T14:42:09.046852,1.0,95.0,-38.8,43.1,49.99,70.1,238.2,False
2025-01-15T14:42:09.174616,2.0,77.0,40.9,36.2,49.98,58.5,239.7,False
2025-01-15T14:42:32.906604,0.0,121.8,-6.8,51.3,49.98,48.8,236.3,False
2025-01-15T14:42:33.027047,1.0,94.3,-37.9,42.9,49.99,94.3,238.5,False
2025-01-15T14:42:33.147064,2.0,131.6,6.8,54.8,49.98,86.5,240.0,False
2025-01-15T14:42:44.916250,0.0,36.3,-1.5,15.3,49.99,45.5,236.2,False
2025-01-15T14:42:45.067880,1.0,42.4,-3.0,17.7,49.98,77.2,238.2,False
2025-01-15T14:42:45.211657,2.0,77.0,40.9,36.2,49.98,65.6,239.8,False
2025-01-15T14:43:08.907808,0.0,41.6,-80.2,37.9,50.01,47.5,236.2,False
2025-01-15T14:43:09.044145,1.0,12.1,-49.9,21.4,50.01,40.7,238.4,False
2025-01-15T14:43:09.177468,1.0,95.0,-38.8,43.1,50.01,40.7,238.4,False
2025-01-15T14:43:09.312053,1.0,94.3,-37.9,42.9,50.01,40.7,238.4,False
2025-01-15T14:43:09.444252,2.0,11.3,-49.2,20.9,50.01,28.3,239.9,False
2025-01-15T14:43:09.578719,0.0,73.4,-84.7,47.2,50.0,46.0,236.4,False
2025-01-15T14:43:09.707842,1.0,95.0,-38.8,43.1,49.99,54.0,238.6,False
2025-01-15T14:43:09.832865,2.0,77.0,40.9,36.2,50.0,40.7,240.1,False
2025-01-15T14:43:32.982934,1.0,36.3,-2.3,15.3,49.99,63.9,238.5,False
2025-01-15T14:43:33.109995,2.0,39.6,82.5,37.9,50.0,52.0,240.0,False
2025-01-15T14:43:44.908443,0.0,35.5,-3.0,15.1,49.99,45.8,236.4,False
2025-01-15T14:43:45.057896,1.0,41.6,-1.5,17.4,49.99,52.2,238.5,False
2025-01-15T14:43:45.201058,2.0,39.3,3.0,16.4,49.99,39.8,240.0,False
2025-01-15T14:43:56.962005,1.0,40.8,-3.0,17.3,49.99,40.1,238.8,False
2025-01-15T14:43:57.107311,1.0,95.0,-38.8,43.1,49.99,40.1,238.8,False
2025-01-15T14:43:57.239793,2.0,38.6,6.1,16.3,49.99,27.9,240.3,False
2025-01-15T14:43:57.361824,2.0,42.7,84.8,39.6,49.99,27.9,240.3,False
2025-01-15T14:44:08.907797,0.0,88.5,-10.6,37.8,49.99,45.0,236.5,False
2025-01-15T14:44:09.034715,1.0,95.0,-38.8,43.1,49.99,69.6,238.7,False
2025-01-15T14:44:09.165801,2.0,100.6,12.1,42.2,50.0,57.4,240.2,False
2025-01-15T14:44:32.909235,0.0,130.1,-8.3,55.3,49.98,48.9,236.4,False
2025-01-15T14:44:33.038462,1.0,94.3,-37.9,42.9,49.99,95.1,238.6,False
2025-01-15T14:44:33.174793,2.0,130.1,5.3,54.4,49.99,83.6,240.0,False
2025-01-15T14:44:33.307756,0.0,96.8,-9.8,41.1,50.0,45.3,236.4,False
2025-01-15T14:44:33.439094,1.0,95.0,-38.8,43.1,49.99,76.1,238.6,False
2025-01-15T14:44:33.575286,2.0,77.0,40.9,36.2,50.0,63.1,239.9,False
2025-01-15T14:44:44.910531,0.0,37.8,-4.5,16.1,49.99,47.1,236.4,False
2025-01-15T14:44:45.045247,1.0,43.9,-2.3,18.4,49.99,41.6,238.6,False
2025-01-15T14:44:45.174036,1.0,94.3,-37.9,42.9,49.99,41.6,238.6,False
2025-01-15T14:44:45.295890,2.0,39.3,3.0,16.4,50.0,28.1,240.0,False
2025-01-15T14:44:56.912380,0.0,83.9,-12.1,35.6,49.99,44.8,236.7,False
2025-01-15T14:44:57.025890,1.0,95.0,-38.8,43.1,49.99,69.7,238.9,False
2025-01-15T14:44:57.137804,2.0,77.0,40.9,36.2,49.99,56.6,240.3,False
2025-01-15T14:45:08.911607,0.0,45.4,-9.1,19.1,49.98,45.7,236.2,False
2025-01-15T14:45:09.056274,1.0,95.0,-38.8,43.1,49.97,53.5,238.4,False
2025-01-15T14:45:09.202425,2.0,77.0,40.9,36.2,49.97,38.7,239.9,False
2025-01-15T14:45:56.912017,0.0,40.1,-5.3,17.3,49.99,46.1,236.4,False
2025-01-15T14:45:57.043483,1.0,43.9,-0.8,18.4,49.98,40.8,238.6,False
2025-01-15T14:45:57.164542,2.0,37.1,4.5,15.6,50.0,28.5,240.1,False
2025-01-15T14:46:45.152702,0.0,50.7,-6.1,21.6,49.98,44.4,236.4,False
2025-01-15T14:46:45.933478,1.0,95.0,-38.8,43.1,49.99,58.8,238.5,False
2025-01-15T14:46:46.744693,2.0,77.0,40.9,36.2,50.0,45.8,240.0,False
2025-01-15T14:47:08.916489,0.0,52.2,-9.8,22.1,50.0,47.1,236.0,False
2025-01-15T14:47:09.070472,1.0,95.0,-38.8,43.1,50.0,40.6,238.1,False
2025-01-15T14:47:09.191864,2.0,77.0,40.9,36.2,50.0,29.3,239.6,False
2025-01-15T14:47:32.914586,0.0,49.2,-5.3,20.8,49.97,45.0,236.1,False
2025-01-15T14:47:33.065196,1.0,95.0,-38.8,43.1,49.98,58.4,238.2,False
2025-01-15T14:47:33.197972,2.0,77.0,40.9,36.2,49.98,47.5,239.7,False
2025-01-15T14:47:56.917970,0.0,51.4,-2.3,22.0,49.99,46.4,236.2,False
2025-01-15T14:47:57.055361,1.0,95.0,-38.8,43.1,49.98,39.8,238.4,False
2025-01-15T14:47:57.191017,2.0,77.0,40.9,36.2,50.0,28.9,239.9,False
2025-01-15T14:48:08.916767,0.0,41.6,-170.9,74.4,49.99,50.9,236.2,False
2025-01-15T14:48:20.915818,0.0,97.6,18.2,42.2,49.99,49.5,236.0,False
2025-01-15T14:48:21.022753,1.0,95.0,-38.8,43.1,49.99,75.6,238.0,False
2025-01-15T14:48:21.106314,2.0,77.0,40.9,36.2,50.0,63.8,239.7,False
2025-01-15T14:48:32.920228,0.0,118.0,-52.9,55.0,50.0,49.6,236.2,False
2025-01-15T14:48:33.058402,1.0,95.0,-38.8,43.1,50.0,50.5,238.2,False
2025-01-15T14:48:33.182270,2.0,106.6,-29.5,46.2,50.0,36.6,239.8,False
2025-01-15T14:48:33.316895,0.0,59.7,-183.0,81.6,50.0,45.1,236.1,False
2025-01-15T14:48:33.446991,0.0,39.3,-65.0,32.0,50.0,45.6,236.3,False
2025-01-15T14:48:33.579967,1.0,95.0,-38.8,43.1,50.0,53.3,238.4,False
2025-01-15T14:48:33.711133,2.0,246.2,684.8,302.2,50.0,38.5,239.9,False
2025-01-15T14:48:33.842830,2.0,39.6,82.5,37.9,50.0,38.5,239.9,False
2025-01-15T14:48:33.974770,2.0,246.2,684.8,302.2,50.0,38.5,239.9,False
2025-01-15T14:48:44.980755,1.0,43.9,-2.3,18.4,50.0,40.7,238.3,False
2025-01-15T14:48:45.115386,1.0,95.0,-38.8,43.1,50.0,40.7,238.3,False
2025-01-15T14:48:45.261833,2.0,36.3,5.3,15.3,49.98,27.4,239.8,False
2025-01-15T14:49:08.919142,0.0,34.8,-4.5,15.1,49.98,45.5,236.0,False
2025-01-15T14:49:09.047988,1.0,42.4,-1.5,17.9,49.99,52.9,238.1,False
2025-01-15T14:49:09.173896,2.0,37.1,6.1,15.7,49.98,38.0,239.6,False
2025-01-15T14:49:20.962983,0.0,42.4,-65.8,33.0,49.98,45.2,235.8,False
2025-01-15T14:49:21.104943,1.0,11.3,-38.6,16.8,49.98,52.6,238.0,False
2025-01-15T14:49:21.240894,2.0,77.0,40.9,36.2,49.97,38.2,239.5,False
2025-01-15T14:49:21.390843,0.0,37.8,-64.3,31.5,49.98,45.4,235.9,False
2025-01-15T14:49:21.530994,1.0,12.9,-37.8,16.7,49.98,53.3,238.1,False
2025-01-15T14:49:21.662194,2.0,77.0,40.9,36.2,49.98,38.6,239.6,False
2025-01-15T14:49:32.992408,1.0,43.9,-2.3,18.4,49.99,40.4,238.0,False
2025-01-15T14:49:33.150921,2.0,38.6,7.6,16.4,50.01,26.2,239.5,False
2025-01-15T14:49:33.276730,0.0,90.8,-11.3,38.7,50.0,44.8,235.9,False
2025-01-15T14:49:33.404721,1.0,95.0,-38.8,43.1,50.0,69.1,238.1,False
2025-01-15T14:49:33.536849,2.0,97.6,9.8,40.9,50.0,54.7,239.6,False
2025-01-15T14:49:56.995793,1.0,95.0,-38.8,43.1,50.0,39.1,238.2,False
2025-01-15T14:49:57.141454,2.0,77.0,40.9,36.2,50.0,26.8,239.7,False
2025-01-15T14:49:57.275053,0.0,16.6,-31.8,15.1,49.99,47.0,236.0,False
2025-01-15T14:49:57.403868,0.0,141.4,-35.5,62.1,50.0,44.9,235.8,False
2025-01-15T14:49:57.526080,1.0,95.0,-38.8,43.1,49.99,74.9,237.9,False
2025-01-15T14:49:57.635617,2.0,139.2,-11.3,58.4,49.99,62.1,239.4,False
2025-01-15T14:50:08.923511,0.0,94.5,-4.5,39.9,50.0,47.7,236.0,False
2025-01-15T14:50:09.050668,1.0,94.3,-37.9,42.9,49.99,91.6,238.1,False
2025-01-15T14:50:09.211265,2.0,77.0,40.9,36.2,49.99,81.4,239.6,False
2025-01-15T14:50:20.957747,0.0,130.8,-3.8,55.5,49.99,44.5,236.0,False
2025-01-15T14:50:21.070779,1.0,95.0,-38.8,43.1,50.0,66.9,238.1,False
2025-01-15T14:50:21.160663,2.0,77.0,40.9,36.2,50.0,54.3,239.6,False
2025-01-15T14:50:21.248543,0.0,42.4,-60.5,31.6,50.0,44.3,236.1,False
2025-01-15T14:50:21.381522,1.0,94.3,-37.9,42.9,50.01,67.2,238.2,False
2025-01-15T14:50:21.491988,2.0,18.2,-39.3,18.2,50.0,53.6,239.7,False
2025-01-15T14:50:32.923407,0.0,17.4,-57.5,25.7,49.98,45.2,235.9,False
2025-01-15T14:50:33.066243,1.0,38.6,-1.5,16.2,49.98,39.7,238.1,False
2025-01-15T14:50:33.204120,2.0,37.1,3.8,15.6,49.99,26.5,239.6,False
2025-01-15T14:52:08.969148,0.0,59.7,-5.3,25.4,49.98,44.4,236.0,False
2025-01-15T14:52:09.933198,1.0,95.0,-38.8,43.1,49.99,58.0,238.1,False
2025-01-15T14:52:10.801787,2.0,77.0,40.9,36.2,49.99,44.8,239.7,False
2025-01-15T14:52:20.928365,0.0,109.7,-102.1,63.3,49.98,46.9,235.8,False
2025-01-15T14:52:21.084516,1.0,95.0,-38.8,43.1,49.99,40.5,238.0,False
2025-01-15T14:52:21.197433,2.0,74.1,-54.5,38.3,49.98,26.4,239.4,False
2025-01-15T14:52:56.923347,0.0,101.3,-102.9,60.5,50.0,44.5,236.3,False
2025-01-15T14:52:57.061954,1.0,95.0,-38.8,43.1,50.0,57.9,238.5,False
2025-01-15T14:52:57.200490,2.0,74.1,-54.5,38.1,50.0,44.4,239.9,False
2025-01-15T14:53:20.925632,0.0,48.4,-5.3,20.4,49.99,46.8,236.1,False
2025-01-15T14:53:21.060087,1.0,95.0,-38.8,43.1,49.99,40.2,238.3,False
2025-01-15T14:53:21.192979,2.0,77.0,40.9,36.2,49.98,26.6,239.7,False
2025-01-15T14:53:32.925546,0.0,118.0,-4.5,50.4,49.99,44.2,235.8,False
2025-01-15T14:53:33.067371,1.0,95.0,-38.8,43.1,49.99,73.6,238.0,False
2025-01-15T14:53:33.201249,2.0,77.0,40.9,36.2,49.99,61.6,239.4,False
2025-01-15T14:53:56.952521,1.0,46.1,-4.5,19.4,49.99,86.8,238.1,False
2025-01-15T14:53:57.073174,0.0,86.2,-6.1,36.5,50.0,45.0,235.7,False
2025-01-15T14:53:57.194896,1.0,95.0,-38.8,43.1,49.99,65.0,237.9,False
2025-01-15T14:53:57.307474,2.0,77.0,40.9,36.2,49.99,50.4,239.4,False
2025-01-15T14:53:57.433701,1.0,42.4,0.8,17.9,49.98,53.0,238.1,False
2025-01-15T14:54:20.928679,0.0,38.6,-18.9,18.3,49.99,47.2,235.8,False
2025-01-15T14:54:21.061929,1.0,46.1,-12.1,20.1,49.98,41.5,238.1,False
2025-01-15T14:54:21.206542,2.0,41.6,-3.8,17.5,49.98,28.0,239.5,False
2025-01-15T14:54:32.926993,0.0,38.6,-25.0,19.5,49.99,45.3,235.8,False
2025-01-15T14:54:33.063383,1.0,47.6,-12.1,20.6,49.99,54.4,238.2,False
2025-01-15T14:54:33.178899,2.0,37.8,-2.3,15.8,49.98,40.1,239.6,False
2025-01-15T14:54:56.927405,0.0,89.2,-1.5,37.8,49.99,45.1,235.9,False
2025-01-15T14:54:57.070362,1.0,95.0,-38.8,43.1,49.99,78.5,238.2,False
2025-01-15T14:54:57.189364,2.0,77.0,40.9,36.2,50.0,67.1,239.6,False
2025-01-15T14:54:57.317018,1.0,41.6,-2.3,17.5,50.0,69.3,238.1,False
2025-01-15T14:54:57.433103,2.0,37.8,6.1,16.0,49.99,56.5,239.6,False
2025-01-15T14:55:08.932828,0.0,91.5,-6.1,39.2,50.01,46.8,236.2,False
2025-01-15T14:55:09.070824,1.0,95.0,-38.8,43.1,50.01,41.7,238.5,False
2025-01-15T14:55:09.211203,2.0,77.0,40.9,36.2,50.01,27.9,239.9,False
2025-01-15T14:55:20.932890,0.0,57.5,-112.7,53.3,50.0,47.2,236.0,False
2025-01-15T14:55:21.054984,1.0,16.6,-69.6,29.9,50.0,42.3,238.4,False
2025-01-15T14:55:21.180490,2.0,15.1,-69.6,29.6,50.01,28.4,239.8,False
2025-01-15T14:55:32.928831,0.0,60.5,-111.2,53.4,50.0,47.0,236.2,False
2025-01-15T14:55:33.044358,1.0,95.0,-38.8,43.1,50.0,41.6,238.5,False
2025-01-15T14:55:33.161978,1.0,95.0,-38.8,43.1,50.0,41.6,238.5,False
2025-01-15T14:55:33.285831,2.0,77.0,40.9,36.2,50.0,28.9,239.9,False
2025-01-15T14:55:33.405854,0.0,90.0,-3.8,38.4,50.0,50.4,236.0,False
2025-01-15T14:55:33.531759,1.0,95.0,-38.8,43.1,49.99,98.6,238.2,False
2025-01-15T14:55:33.676333,2.0,102.1,10.6,42.9,50.0,90.1,239.6,False
2025-01-15T14:55:56.935057,0.0,111.9,-103.6,64.6,49.99,45.6,236.0,False
2025-01-15T14:55:57.065091,1.0,95.0,-38.8,43.1,50.0,54.0,238.3,False
2025-01-15T14:55:57.201113,2.0,77.1,-51.4,38.7,50.0,40.4,239.7,False
2025-01-15T14:56:08.956406,1.0,40.8,-1.5,17.2,49.99,40.0,238.3,False
2025-01-15T14:56:09.095108,0.0,188.3,-106.6,91.9,50.0,45.8,236.0,False
2025-01-15T14:56:09.232976,1.0,95.0,-38.8,43.1,50.0,81.0,238.2,False
2025-01-15T14:56:09.362373,2.0,164.1,-42.4,70.8,50.01,70.8,239.7,False
2025-01-15T14:56:32.933878,0.0,125.5,-100.6,67.9,50.0,45.4,235.8,False
2025-01-15T14:56:33.059442,1.0,95.0,-38.8,43.1,50.0,64.8,238.0,False
2025-01-15T14:56:33.191702,2.0,96.8,-52.9,45.9,49.99,52.4,239.5,False
2025-01-15T14:56:44.933722,0.0,62.8,-97.6,48.9,49.99,45.1,236.0,False
2025-01-15T14:56:45.081155,1.0,24.2,-58.2,26.2,50.0,64.9,238.3,False
2025-01-15T14:56:45.218715,2.0,246.2,684.8,302.2,49.99,51.4,239.7,False
2025-01-15T14:56:45.352381,2.0,246.2,684.8,302.2,49.99,51.4,239.7,False
2025-01-15T14:56:56.932339,0.0,40.8,-9.1,17.4,50.01,45.9,235.6,False
2025-01-15T14:56:57.069855,1.0,40.8,-0.8,17.1,50.0,52.7,238.0,False
2025-01-15T14:56:57.210041,2.0,37.1,3.0,15.5,50.0,40.2,239.4,False
2025-01-15T14:57:20.935166,0.0,98.3,-12.1,41.7,50.01,46.0,236.0,False
2025-01-15T14:57:21.057141,1.0,95.0,-38.8,43.1,50.03,79.7,238.2,False
2025-01-15T14:57:21.187537,2.0,98.3,1.5,41.0,50.02,66.4,239.6,False
2025-01-15T14:57:32.932549,0.0,87.7,-6.1,37.3,50.02,45.8,236.0,False
2025-01-15T14:57:33.057756,1.0,43.9,-3.8,18.5,50.01,42.4,238.2,False
2025-01-15T14:57:33.185651,1.0,95.0,-38.8,43.1,50.01,42.4,238.2,False
2025-01-15T14:57:33.323254,2.0,38.6,7.6,16.4,50.02,29.6,239.7,False
2025-01-15T14:57:44.942250,0.0,84.7,-10.6,36.1,50.02,46.0,236.1,False
2025-01-15T14:57:45.079632,1.0,95.0,-38.8,43.1,50.02,69.3,238.3,False
2025-01-15T14:57:45.209250,2.0,89.2,9.1,37.4,50.01,56.5,239.8,False
2025-01-15T14:57:45.345749,0.0,90.0,-9.8,38.4,50.01,47.7,236.0,False
2025-01-15T14:57:45.480120,1.0,95.0,-38.8,43.1,50.02,39.5,238.2,False
2025-01-15T14:57:45.598743,2.0,77.0,40.9,36.2,50.0,27.8,239.7,False
2025-01-15T14:58:44.968445,0.0,56.7,-93.0,46.8,50.04,48.1,236.5,False
2025-01-15T14:58:45.090963,1.0,13.6,-56.7,24.8,50.03,41.8,238.6,False
2025-01-15T14:58:45.221938,2.0,12.1,-58.2,25.1,50.04,30.0,240.1,False
2025-01-15T14:58:45.340010,0.0,88.5,-100.6,56.9,50.03,47.0,236.4,False
2025-01-15T14:58:45.449330,1.0,95.0,-38.8,43.1,50.03,53.7,238.5,False
2025-01-15T14:58:45.605188,2.0,77.0,40.9,36.2,50.03,41.2,240.1,False
2025-01-15T14:58:56.933814,0.0,36.3,-6.1,15.6,50.03,46.4,236.3,False
2025-01-15T14:58:57.066061,1.0,43.1,1.5,18.1,50.04,65.8,238.4,False
2025-01-15T14:59:20.939524,0.0,40.1,-3.0,17.1,50.03,46.0,236.4,False
2025-01-15T14:59:21.080006,1.0,39.3,0.8,16.5,50.03,54.1,238.5,False
2025-01-15T14:59:32.992189,1.0,43.9,-3.8,18.5,50.03,41.2,238.5,False
2025-01-15T14:59:33.138588,1.0,95.0,-38.8,43.1,50.03,41.2,238.5,False
2025-01-15T14:59:33.278289,2.0,39.3,6.1,16.6,50.02,28.6,240.0,False
2025-01-15T14:59:44.974223,0.0,92.3,-11.3,39.3,50.02,45.8,236.4,False
2025-01-15T14:59:45.852700,1.0,95.0,-38.8,43.1,50.02,70.7,238.5,False
2025-01-15T14:59:46.608667,2.0,96.8,8.3,40.5,50.02,56.4,240.0,False
2025-01-15T14:59:56.936306,0.0,70.3,-2.3,30.0,50.03,47.2,236.2,False
2025-01-15T14:59:57.079887,1.0,94.3,-37.9,42.9,50.01,87.1,238.3,False
2025-01-15T14:59:57.213671,2.0,76.4,9.8,32.2,50.02,76.1,239.9,False
2025-01-15T15:00:09.012385,1.0,41.6,-0.0,17.5,50.02,78.1,238.3,False
2025-01-15T15:00:09.171241,2.0,37.1,4.5,15.6,50.02,66.1,239.9,False
2025-01-15T15:00:20.987869,0.0,91.5,-3.8,39.0,50.03,45.9,236.5,False
2025-01-15T15:00:21.134980,1.0,40.1,-0.8,16.8,50.04,41.2,238.7,False
2025-01-15T15:00:21.272975,1.0,94.3,-37.9,42.9,50.04,41.2,238.7,False
2025-01-15T15:00:21.413090,2.0,36.3,3.8,15.2,50.04,26.9,240.1,False
2025-01-15T15:00:21.548165,0.0,68.1,23.4,30.5,50.03,45.9,236.4,False
2025-01-15T15:00:21.684311,1.0,94.3,-37.9,42.9,50.03,70.5,238.5,False
2025-01-15T15:00:21.831410,2.0,90.8,29.5,39.8,50.04,56.5,240.1,False
2025-01-15T15:00:44.962026,0.0,142.9,-37.8,62.1,50.03,48.9,236.7,False
2025-01-15T15:00:45.144596,1.0,143.7,-26.5,61.0,50.03,95.0,238.9,False
2025-01-15T15:00:45.299973,2.0,143.7,-11.3,59.8,50.03,86.2,240.5,False
2025-01-15T15:00:45.446730,0.0,125.5,-100.6,67.7,50.04,46.9,236.6,False
2025-01-15T15:00:45.603725,1.0,95.0,-38.8,43.1,50.03,85.3,238.8,False
2025-01-15T15:00:45.747787,2.0,77.0,40.9,36.2,50.04,74.3,240.3,False
2025-01-15T15:00:56.944084,0.0,17.4,-87.0,38.1,50.03,45.8,236.1,False
2025-01-15T15:00:57.089413,1.0,52.1,82.9,41.3,50.03,63.1,238.2,False
2025-01-15T15:00:57.231142,2.0,59.7,60.5,35.6,50.04,52.7,239.8,False
2025-01-15T15:01:21.017613,1.0,40.8,-3.8,17.3,50.05,51.5,238.4,False
2025-01-15T15:01:21.156065,2.0,38.6,8.3,16.5,50.05,38.8,240.0,False
2025-01-15T15:01:33.011396,1.0,42.4,-3.8,17.8,50.04,39.9,238.3,False
2025-01-15T15:01:33.143228,2.0,40.1,4.5,16.8,50.04,26.4,239.9,False
2025-01-15T15:02:20.949291,0.0,57.5,-6.8,24.4,50.06,45.0,236.3,False
2025-01-15T15:02:21.108544,1.0,95.0,-38.8,43.1,50.06,56.4,238.5,False
2025-01-15T15:02:21.274300,1.0,95.0,-38.8,43.1,50.06,56.4,238.5,False
2025-01-15T15:02:21.418958,2.0,77.0,40.9,36.2,50.06,44.9,240.1,False
2025-01-15T15:02:21.564026,0.0,45.4,-170.2,74.7,50.06,49.4,236.4,False
2025-01-15T15:02:32.942975,0.0,59.0,-7.6,25.2,50.05,51.8,236.3,False
2025-01-15T15:02:33.110003,1.0,94.3,-37.9,42.9,50.07,39.4,238.4,False
2025-01-15T15:02:33.247811,2.0,77.0,40.9,36.2,50.07,28.5,240.2,False
2025-01-15T15:03:08.947218,0.0,53.7,-9.8,23.0,50.06,49.3,236.5,False
2025-01-15T15:03:09.086859,1.0,95.0,-38.8,43.1,50.07,57.6,238.7,False
2025-01-15T15:03:09.223310,2.0,77.0,40.9,36.2,50.06,44.8,240.4,False
2025-01-15T15:03:32.945326,0.0,55.2,-9.1,23.8,50.06,51.2,236.5,False
2025-01-15T15:03:33.114856,1.0,95.0,-38.8,43.1,50.06,38.7,238.6,False
2025-01-15T15:03:33.275046,2.0,77.0,40.9,36.2,50.06,27.9,240.3,False
2025-01-15T15:05:08.946450,0.0,93.0,-12.1,40.1,50.06,49.9,236.1,False
2025-01-15T15:05:09.133193,1.0,95.0,-38.8,43.1,50.06,67.6,238.2,False
2025-01-15T15:05:09.784498,2.0,77.0,40.9,36.2,50.06,54.7,239.9,False
2025-01-15T15:05:20.954443,0.0,91.5,-9.8,39.1,50.07,51.6,236.3,False
2025-01-15T15:05:21.130414,1.0,95.0,-38.8,43.1,50.07,38.9,238.5,False
2025-01-15T15:05:21.271188,2.0,77.0,40.9,36.2,50.06,27.8,240.2,False
2025-01-15T15:05:32.947287,0.0,124.8,-6.8,52.9,50.06,50.1,236.3,False
2025-01-15T15:05:33.085544,1.0,95.0,-38.8,43.1,50.06,73.9,238.5,False
2025-01-15T15:05:33.221831,2.0,77.0,40.9,36.2,50.06,62.4,240.1,False
2025-01-15T15:06:08.949029,0.0,99.1,-2.3,42.0,50.04,51.0,236.3,False
2025-01-15T15:06:09.118362,2.0,77.0,40.9,36.2,50.05,39.1,240.1,False
2025-01-15T15:06:09.260226,1.0,37.1,-2.3,15.6,50.04,40.1,238.4,False
2025-01-15T15:06:09.395746,0.0,161.1,-14.4,68.5,50.04,53.8,236.3,False
2025-01-15T15:06:09.539194,1.0,189.8,-6.8,79.7,50.04,87.1,238.4,False
2025-01-15T15:06:09.676076,2.0,176.2,19.7,73.9,50.05,78.6,240.0,False
2025-01-15T15:06:32.952965,0.0,94.5,1.5,40.3,50.04,50.8,236.6,False
2025-01-15T15:06:33.097026,1.0,95.0,-38.8,43.1,50.05,65.2,238.8,False
2025-01-15T15:06:33.240191,2.0,105.9,7.6,44.3,50.04,52.3,240.4,False
2025-01-15T15:07:08.977826,1.0,41.6,2.3,17.4,50.03,52.7,238.6,False
2025-01-15T15:07:33.002803,1.0,46.1,-5.3,19.4,50.01,40.2,238.3,False
2025-01-15T15:07:33.139197,2.0,36.3,7.6,15.4,50.02,30.1,240.0,False
2025-01-15T15:07:33.258967,0.0,90.0,-11.3,38.4,50.01,51.0,236.2,False
2025-01-15T15:07:33.415477,1.0,95.0,-38.8,43.1,50.01,69.9,238.3,False
2025-01-15T15:07:33.573210,2.0,77.0,40.9,36.2,50.01,59.6,240.0,False
2025-01-15T15:07:56.952144,0.0,90.0,-7.6,38.5,49.99,51.3,236.5,False
2025-01-15T15:07:57.107354,1.0,95.0,-38.8,43.1,50.01,38.8,238.6,False
2025-01-15T15:07:57.251827,2.0,77.0,40.9,36.2,50.01,29.7,240.3,False
2025-01-15T15:08:08.952882,0.0,121.8,-10.6,51.8,50.01,51.0,236.3,False
2025-01-15T15:08:09.100178,1.0,95.0,-38.8,43.1,50.0,76.9,238.5,False
2025-01-15T15:08:09.239122,2.0,77.0,40.9,36.2,50.0,67.0,240.2,False
2025-01-15T15:08:20.953238,0.0,89.2,-6.1,37.9,50.0,50.5,236.4,False
2025-01-15T15:08:21.077781,1.0,95.0,-38.8,43.1,50.0,51.9,238.5,False
2025-01-15T15:08:21.216925,2.0,77.0,40.9,36.2,49.99,41.7,240.2,False
2025-01-15T15:08:33.000245,0.0,88.5,-5.3,37.6,50.01,50.7,236.4,False
2025-01-15T15:08:33.145931,1.0,95.0,-38.8,43.1,50.01,76.6,238.5,False
2025-01-15T15:08:33.278498,2.0,77.0,40.9,36.2,50.02,68.7,240.2,False
2025-01-15T15:08:33.428678,1.0,37.8,-1.5,15.8,50.01,68.5,238.4,False
2025-01-15T15:08:33.547790,2.0,37.8,3.0,15.8,50.01,59.6,240.0,False
2025-01-15T15:08:44.953280,0.0,85.5,-9.1,36.3,50.0,52.1,236.2,False
2025-01-15T15:08:45.094494,1.0,95.0,-38.8,43.1,50.0,38.5,238.3,False
2025-01-15T15:08:45.232605,2.0,77.0,40.9,36.2,50.0,30.0,240.0,False
2025-01-15T15:08:56.951972,0.0,25.7,-37.8,19.4,50.01,52.4,236.2,False
2025-01-15T15:09:08.953928,0.0,72.6,-208.7,93.5,50.0,47.8,236.2,False
2025-01-15T15:09:20.954424,0.0,25.7,-49.2,23.3,49.99,48.1,236.1,False
2025-01-15T15:10:32.954383,0.0,18.2,-122.5,52.2,49.99,52.4,235.9,False
2025-01-15T15:10:44.953719,0.0,51.4,-76.4,39.0,49.99,51.5,235.8,False
2025-01-15T15:10:45.115719,1.0,13.6,-60.5,26.0,49.99,39.2,238.1,False
2025-01-15T15:10:45.267626,2.0,14.4,-59.7,25.6,49.98,29.3,239.7,False
2025-01-15T15:13:44.955553,0.0,44.6,-73.4,36.5,49.95,52.2,235.8,False
2025-01-15T15:13:45.100938,1.0,13.6,-62.0,26.6,49.96,38.6,238.2,False
2025-01-15T15:13:45.248261,2.0,77.0,40.9,36.2,49.96,29.7,239.7,False
2025-01-15T15:16:44.947967,0.0,0.8,-2.3,0.8,50.0,51.9,235.9,False
2025-01-15T15:16:45.088136,1.0,0.0,-0.8,0.5,50.01,38.3,238.3,False
2025-01-15T15:16:45.224765,2.0,0.8,-0.8,0.4,50.0,29.9,240.0,False
2025-01-15T15:18:44.959938,0.0,54.5,-54.5,32.2,49.97,59.1,235.5,False
2025-01-15T15:18:45.092209,1.0,42.4,-9.1,18.1,49.97,30.6,237.9,False
2025-01-15T15:21:44.950031,0.0,12.9,-23.4,10.8,49.96,57.7,235.0,False
2025-01-15T15:21:45.115974,1.0,2.3,-19.7,7.9,49.95,30.8,237.4,False
2025-01-15T15:21:45.270724,2.0,3.0,-21.2,8.5,49.96,31.0,239.0,False
2025-01-15T15:24:44.984630,1.0,3.0,-15.9,6.7,49.95,30.5,237.5,False
2025-01-15T15:24:45.131448,2.0,0.8,-19.7,8.1,49.95,29.9,239.1,False
2025-01-15T15:27:45.024862,1.0,0.0,-2.3,0.8,49.96,30.0,237.6,False
2025-01-15T15:27:45.152701,2.0,0.8,-0.8,0.4,49.96,29.9,239.2,False
2025-01-15T15:30:44.952347,0.0,0.8,1.5,0.7,49.99,58.6,235.1,False
2025-01-15T15:30:45.079333,1.0,0.8,-0.0,0.3,49.99,29.6,237.5,False
2025-01-15T15:30:45.201378,2.0,0.0,-0.0,0.0,49.98,29.4,239.2,False
2025-01-15T15:33:44.954845,0.0,0.0,-1.5,0.5,49.99,58.9,234.9,False
2025-01-15T15:33:45.075607,1.0,0.0,1.5,0.4,49.99,30.7,237.3,False
2025-01-15T15:33:45.186683,2.0,1.5,0.0,0.7,49.99,30.3,238.9,False
2025-01-15T15:36:44.953852,0.0,1.5,1.5,0.9,49.97,59.5,234.8,False
2025-01-15T15:36:45.092814,1.0,1.5,0.0,0.6,49.98,30.8,237.2,False
2025-01-15T15:36:45.224807,2.0,0.0,0.8,0.2,49.98,31.9,238.7,False
2025-01-15T15:39:44.958126,0.0,0.8,-0.0,0.3,49.96,59.1,234.6,False
2025-01-15T15:39:45.084653,1.0,0.0,-1.5,0.5,49.96,31.3,237.1,False
2025-01-15T15:39:45.206322,2.0,0.8,-0.0,0.3,49.95,31.4,238.6,False
2025-01-15T15:42:44.956328,0.0,0.0,0.8,0.4,49.96,60.1,234.0,False
2025-01-15T15:42:45.064900,1.0,0.8,-2.3,0.6,49.96,31.4,236.5,False
2025-01-15T15:42:45.175083,2.0,0.0,-3.0,0.8,49.96,30.4,237.9,False
2025-01-15T15:45:44.956725,0.0,3.0,0.0,1.3,49.97,59.8,234.0,False
2025-01-15T15:45:45.079943,1.0,0.8,-3.8,1.6,49.98,31.6,236.5,False
2025-01-15T15:45:45.208809,2.0,1.5,-3.0,1.5,49.98,29.5,237.9,False
2025-01-15T15:48:44.957506,0.0,3.8,-3.8,2.0,50.01,60.2,233.8,False
2025-01-15T15:48:45.105896,1.0,0.8,-3.0,1.7,50.01,32.6,236.0,False
2025-01-15T15:48:45.240054,2.0,3.8,3.0,2.0,50.01,32.2,237.7,False
2025-01-15T15:51:44.959899,0.0,0.8,-3.8,1.2,49.95,60.5,233.2,False
2025-01-15T15:51:45.099658,1.0,0.0,-3.8,1.1,49.95,32.1,235.5,False
2025-01-15T15:51:45.233314,2.0,0.8,-1.5,0.2,49.95,31.8,237.0,False
2025-01-15T15:54:44.972370,0.0,1.5,-16.6,3.7,49.98,60.0,236.8,False
2025-01-15T15:54:45.922007,1.0,0.0,-13.6,2.7,49.98,30.8,239.1,False
2025-01-15T15:54:46.665752,2.0,0.8,-13.6,2.9,49.98,31.1,240.5,False
2025-01-15T15:57:44.962140,0.0,2.3,-2.3,0.4,50.01,59.9,237.8,False
2025-01-15T15:57:45.095936,1.0,1.5,-3.0,0.9,50.01,29.8,240.1,False
2025-01-15T15:57:45.216630,2.0,0.0,-6.1,1.6,50.01,30.0,241.6,False
2025-01-15T16:00:44.966752,0.0,0.8,-3.0,0.9,50.0,60.0,237.4,False
2025-01-15T16:00:45.157291,1.0,0.0,2.3,0.6,50.0,31.5,239.7,False
2025-01-15T16:00:45.323131,2.0,0.8,-3.0,0.9,50.01,31.2,241.1,False
2025-01-15T16:03:32.965813,0.0,0.8,-3.0,0.5,50.02,59.2,238.2,False
2025-01-15T16:03:33.104592,1.0,0.8,-4.5,1.3,50.01,28.8,240.5,False
2025-01-15T16:03:33.245690,2.0,0.8,-4.5,1.2,50.01,30.5,241.9,False
2025-01-15T16:06:32.969057,0.0,3.8,-1.5,1.7,49.99,60.3,238.0,False
2025-01-15T16:06:33.140695,1.0,3.0,-2.3,1.6,49.99,30.5,240.5,False
2025-01-15T16:06:33.266855,2.0,1.5,-3.8,1.7,49.99,31.4,241.9,False
2025-01-15T16:09:32.968185,0.0,0.0,-3.0,0.8,50.0,60.3,237.4,False
2025-01-15T16:09:33.103815,1.0,0.8,-1.5,0.2,49.99,30.1,239.8,False
2025-01-15T16:09:33.235537,2.0,1.5,-1.5,0.7,49.99,31.7,241.3,False
2025-01-15T16:12:32.968962,0.0,1.5,0.8,1.0,49.96,59.5,237.2,False
2025-01-15T16:12:33.104529,1.0,0.8,-3.8,1.5,49.97,30.6,239.7,False
2025-01-15T16:12:33.242138,2.0,3.8,-0.0,1.5,49.97,30.7,241.1,False
2025-01-15T16:15:32.970855,0.0,1.5,-1.5,0.5,49.98,58.9,237.5,False
2025-01-15T16:15:33.111456,1.0,0.8,-0.8,0.4,49.99,31.2,239.9,False
2025-01-15T16:15:33.242184,2.0,2.3,-1.5,1.0,49.98,30.9,241.4,False
2025-01-15T16:18:32.972849,0.0,3.0,5.3,2.1,50.01,61.2,237.1,False
2025-01-15T16:18:33.124114,1.0,2.3,-1.5,1.3,50.0,30.9,239.5,False
2025-01-15T16:18:33.233773,2.0,0.8,1.5,0.5,50.01,32.9,241.1,False
2025-01-15T16:21:32.973272,0.0,0.8,-3.8,1.3,49.96,60.6,237.5,False
2025-01-15T16:21:33.088556,1.0,1.5,-0.8,0.6,49.96,30.2,239.9,False
2025-01-15T16:21:33.201068,2.0,0.0,-0.0,0.3,49.97,31.8,241.5,False
2025-01-15T16:24:32.976637,0.0,1.5,-3.8,1.4,49.98,61.1,237.2,False
2025-01-15T16:24:33.167196,1.0,0.8,0.0,0.3,49.98,30.3,239.7,False
2025-01-15T16:24:33.308565,2.0,0.8,0.0,0.4,49.97,31.7,241.2,False
2025-01-15T16:27:32.975337,0.0,3.0,2.3,1.1,50.01,59.7,237.7,False
2025-01-15T16:27:33.125703,1.0,0.8,-0.8,0.4,50.0,29.8,240.2,False
2025-01-15T16:27:33.273154,2.0,0.0,-3.0,0.8,50.01,31.7,241.8,False
2025-01-15T16:30:32.980683,0.0,2.3,-5.3,2.2,50.01,59.2,238.1,False
2025-01-15T16:30:33.115301,1.0,3.0,-3.0,1.6,50.02,30.5,240.6,False
2025-01-15T16:30:33.251115,2.0,0.0,-0.8,0.1,50.02,31.7,242.2,False
2025-01-15T16:33:32.980084,0.0,0.8,0.0,0.5,50.02,60.4,238.3,False
2025-01-15T16:33:33.128493,1.0,0.0,-0.8,0.0,50.01,31.0,240.9,False
2025-01-15T16:33:33.244601,2.0,0.0,-1.5,0.7,50.02,32.2,242.3,False
2025-01-15T16:36:32.981178,0.0,2.3,-0.8,1.2,49.97,60.2,238.2,False
2025-01-15T16:36:33.147970,1.0,0.0,-3.8,1.3,49.96,31.1,240.6,False
2025-01-15T16:36:33.296049,2.0,3.8,1.5,1.7,49.97,31.1,242.1,False
2025-01-15T16:39:32.980329,0.0,0.0,-0.8,0.4,49.97,60.2,238.1,False
2025-01-15T16:39:33.113663,1.0,0.8,-0.8,0.4,49.96,30.4,240.7,False
2025-01-15T16:39:33.236895,2.0,0.8,-0.8,0.5,49.97,31.0,242.1,False
2025-01-15T16:42:32.983465,0.0,0.8,0.0,0.3,49.97,60.3,238.2,False
2025-01-15T16:42:33.155839,1.0,0.0,-1.5,0.5,49.97,31.0,240.6,False
2025-01-15T16:42:33.277431,2.0,1.5,-0.8,0.7,49.98,31.3,242.1,False
2025-01-15T16:45:32.993712,0.0,26.5,-45.4,22.2,49.99,59.6,238.3,False
2025-01-15T16:45:33.129931,1.0,95.0,-38.8,43.1,49.99,31.2,240.7,False
2025-01-15T16:45:33.261540,2.0,77.0,40.9,36.2,49.99,31.5,242.2,False
2025-01-15T16:48:32.995783,0.0,24.2,-40.8,20.2,49.97,58.7,238.1,False
2025-01-15T16:48:33.140846,1.0,6.1,-42.4,17.9,49.98,32.1,240.6,False
2025-01-15T16:48:33.276715,2.0,77.0,40.9,36.2,49.99,33.3,242.1,False
2025-01-15T16:51:20.984975,0.0,2.3,-3.0,1.5,49.99,59.6,238.0,False
2025-01-15T16:51:21.113460,1.0,2.3,0.8,0.9,49.99,32.8,240.4,False
2025-01-15T16:51:21.255180,2.0,1.5,0.0,0.6,50.0,34.5,242.1,False
2025-01-15T16:54:20.989726,0.0,1.5,-3.8,1.9,49.98,58.8,237.8,False
2025-01-15T16:54:21.164381,1.0,5.3,-1.5,2.3,49.98,32.3,240.5,False
2025-01-15T16:54:21.291506,2.0,3.8,-3.8,2.1,49.98,33.2,241.8,False
2025-01-15T16:57:20.986317,0.0,1.5,-0.8,0.4,49.99,59.0,238.2,False
2025-01-15T16:57:21.084584,1.0,3.0,2.3,1.5,49.99,30.6,240.8,False
2025-01-15T16:57:21.183232,2.0,2.3,-5.3,2.0,49.98,31.8,242.3,False
2025-01-15T17:00:20.989776,0.0,3.0,-3.0,1.7,50.0,59.1,238.8,False
2025-01-15T17:00:21.201045,1.0,0.0,-4.5,1.4,50.0,31.0,241.3,False
2025-01-15T17:00:21.345984,2.0,1.5,0.0,0.7,50.01,32.6,242.9,False
2025-01-15T17:03:20.987897,0.0,1.5,-0.8,0.5,50.02,58.9,238.5,False
2025-01-15T17:03:21.126220,1.0,1.5,1.5,0.7,50.02,31.9,241.0,False
2025-01-15T17:03:21.268101,2.0,0.0,-2.3,0.7,50.02,32.6,242.5,False
2025-01-15T17:06:20.989864,0.0,2.3,-1.5,0.9,49.99,59.0,238.7,False
2025-01-15T17:06:21.124883,1.0,0.8,-1.5,0.9,49.99,31.3,241.2,False
2025-01-15T17:06:21.254000,2.0,2.3,-2.3,1.2,49.99,32.4,242.7,False
2025-01-15T17:09:20.991099,0.0,3.8,-0.8,1.7,49.97,58.7,238.7,False
2025-01-15T17:09:21.103890,1.0,2.3,-3.0,1.4,49.96,31.6,241.0,False
2025-01-15T17:09:21.223636,2.0,1.5,0.8,0.8,49.97,31.5,242.5,False
2025-01-15T17:12:20.992972,0.0,2.3,-1.5,1.2,49.97,59.1,238.7,False
2025-01-15T17:12:21.140617,1.0,0.0,-1.5,0.6,49.97,30.5,241.1,False
2025-01-15T17:12:21.279757,2.0,0.8,-0.0,0.3,49.98,30.9,242.6,False
2025-01-15T17:15:21.006863,0.0,18.9,-33.3,16.5,49.96,59.1,239.1,False
2025-01-15T17:15:21.166093,1.0,4.5,-28.0,12.1,49.98,31.2,241.5,False
2025-01-15T17:15:21.308120,2.0,4.5,-27.2,11.7,49.97,31.6,243.0,False
2025-01-15T17:18:21.005731,0.0,16.6,-36.3,16.6,49.98,57.3,239.2,False
2025-01-15T17:18:21.147682,1.0,6.1,-33.3,13.8,49.98,30.8,241.8,False
2025-01-15T17:18:21.247611,2.0,6.8,-28.0,11.6,49.98,32.1,243.3,False
2025-01-15T17:21:20.995949,0.0,0.0,3.0,1.0,49.98,58.4,239.0,False
2025-01-15T17:21:21.114323,1.0,2.3,-0.8,0.9,49.99,31.0,241.3,False
2025-01-15T17:21:21.230268,2.0,1.5,0.0,0.7,49.98,32.9,243.0,False
2025-01-15T17:24:20.999101,0.0,0.0,-12.9,2.7,49.99,60.0,235.3,False
2025-01-15T17:24:21.160964,1.0,0.8,-16.6,3.9,49.99,31.4,237.7,False
2025-01-15T17:24:21.289101,2.0,2.3,-14.4,2.9,49.99,32.0,239.2,False
2025-01-15T17:27:20.998100,0.0,0.0,-2.3,1.3,50.0,60.0,235.7,False
2025-01-15T17:27:21.124697,1.0,1.5,-3.0,1.2,50.0,29.9,238.1,False
2025-01-15T17:27:21.237461,2.0,0.8,-2.3,0.7,50.01,31.9,239.6,False
2025-01-15T17:30:21.003463,0.0,0.8,-3.8,1.5,49.99,59.0,235.9,False
2025-01-15T17:30:21.136381,1.0,0.0,0.0,0.0,50.0,31.0,238.1,False
2025-01-15T17:30:21.233931,2.0,0.8,0.0,0.4,50.0,32.0,239.8,False
2025-01-15T17:33:21.000662,0.0,3.8,0.0,1.7,50.02,59.0,235.8,False
2025-01-15T17:33:21.119675,1.0,0.8,-3.0,1.3,50.02,31.1,238.1,False
2025-01-15T17:33:21.235548,2.0,0.8,-2.3,1.1,50.02,30.4,239.7,False
2025-01-15T17:36:21.003716,0.0,0.0,-1.5,0.8,50.0,59.3,235.6,False
2025-01-15T17:36:21.136263,1.0,2.3,-2.3,1.3,50.0,31.5,238.0,False
2025-01-15T17:36:21.271307,2.0,2.3,-1.5,1.1,50.0,30.8,239.6,False
2025-01-15T17:39:21.082258,1.0,1.5,-1.5,1.1,49.98,30.5,237.7,False
2025-01-15T17:39:21.181683,2.0,2.3,0.0,1.0,49.97,30.5,239.3,False
2025-01-15T17:42:21.006144,0.0,0.8,-1.5,1.0,50.0,60.5,235.5,False
2025-01-15T17:42:21.176514,1.0,0.0,-1.5,0.5,49.99,31.0,237.9,False
2025-01-15T17:42:21.293860,2.0,0.8,0.8,0.6,50.01,31.5,239.5,False
2025-01-15T17:45:21.006351,0.0,1.5,2.3,1.1,49.99,59.7,235.6,False
2025-01-15T17:45:21.141711,1.0,0.8,-1.5,0.6,50.0,30.9,238.1,False
2025-01-15T17:45:21.282303,2.0,0.0,0.0,0.1,49.98,32.0,239.6,False
2025-01-15T17:48:21.006236,0.0,3.0,-1.5,1.7,49.99,59.6,235.4,False
2025-01-15T17:48:21.115104,1.0,1.5,-3.8,1.4,49.99,31.4,237.7,False
2025-01-15T17:48:21.253004,2.0,1.5,-0.8,0.6,50.0,31.2,239.1,False
2025-01-15T17:51:09.008027,0.0,2.3,-5.3,2.2,50.0,59.1,235.2,False
2025-01-15T17:51:09.132230,1.0,3.8,-2.3,1.9,50.0,30.1,237.5,False
2025-01-15T17:51:09.236431,2.0,3.0,-0.8,1.3,50.01,31.2,239.1,False
2025-01-15T17:54:09.011780,0.0,0.8,-3.0,1.6,49.99,59.6,234.9,False
2025-01-15T17:54:09.187656,1.0,3.8,-3.8,2.2,49.99,31.9,237.3,False
2025-01-15T17:54:09.322572,2.0,4.5,-3.0,2.0,49.98,31.9,238.7,False
2025-01-15T17:57:09.012448,0.0,1.5,-2.3,1.1,50.02,59.1,234.7,False
2025-01-15T17:57:09.138935,1.0,1.5,-1.5,0.8,50.01,31.1,237.1,False
2025-01-15T17:57:09.249704,2.0,0.8,-0.8,0.6,50.02,31.3,238.5,False
2025-01-15T18:00:09.013134,0.0,1.5,-0.8,0.8,49.99,59.2,235.1,False
2025-01-15T18:00:09.146732,1.0,0.8,-3.0,1.2,49.98,31.4,237.3,False
2025-01-15T18:00:09.304353,2.0,2.3,0.0,0.9,49.98,32.5,238.9,False
2025-01-15T18:03:09.013560,0.0,0.8,-0.8,0.2,49.97,59.0,235.3,False
2025-01-15T18:03:09.159769,1.0,0.8,-0.8,0.4,49.98,32.0,237.6,False
2025-01-15T18:03:09.326334,2.0,0.0,-0.8,0.2,49.97,32.5,239.0,False
2025-01-15T18:06:09.015955,0.0,2.3,-0.8,1.0,49.97,59.4,235.1,False
2025-01-15T18:06:09.189718,1.0,0.0,0.8,0.3,49.97,32.5,237.6,False
2025-01-15T18:06:09.321604,2.0,1.5,-0.8,0.7,49.98,32.2,239.1,False
2025-01-15T18:09:09.091539,1.0,0.0,0.8,0.2,49.99,31.5,237.7,False
2025-01-15T18:09:09.246885,2.0,0.8,-0.8,0.4,49.98,32.1,239.2,False
2025-01-15T18:12:09.017108,0.0,2.3,-2.3,0.9,49.98,59.0,235.0,False
2025-01-15T18:12:09.159423,1.0,1.5,0.0,0.7,49.98,31.8,237.4,False
2025-01-15T18:12:09.299650,2.0,0.0,-3.0,1.0,49.97,32.7,238.9,False
2025-01-15T18:15:09.018590,0.0,3.0,-0.8,1.3,49.99,59.1,235.0,False
2025-01-15T18:15:09.163013,1.0,1.5,-1.5,1.0,49.98,31.5,237.5,False
2025-01-15T18:15:09.311381,2.0,0.8,-3.0,1.3,50.0,31.2,238.9,False
2025-01-15T18:18:09.022942,0.0,3.0,-0.0,1.5,50.0,59.5,235.3,False
2025-01-15T18:18:09.225469,1.0,0.8,-3.0,1.1,50.0,31.4,237.7,False
2025-01-15T18:18:09.364338,2.0,2.3,0.8,1.1,50.0,32.4,239.2,False
2025-01-15T18:21:09.031375,0.0,38.6,-65.8,32.7,50.01,59.0,235.5,False
2025-01-15T18:21:09.177444,1.0,94.3,-37.9,42.9,50.01,31.2,237.9,False
2025-01-15T18:21:09.321750,2.0,77.0,40.9,36.2,50.01,31.4,239.3,False
2025-01-15T18:24:09.029857,0.0,40.8,-67.3,33.7,50.0,58.1,235.3,False
2025-01-15T18:24:09.163307,1.0,95.0,-38.8,43.1,50.01,32.3,237.8,False
2025-01-15T18:24:09.296880,1.0,95.0,-38.8,43.1,50.01,32.3,237.8,False
2025-01-15T18:24:09.409610,2.0,77.0,40.9,36.2,50.0,32.2,239.1,False
2025-01-15T18:27:09.023791,0.0,2.3,-1.5,1.2,50.0,58.1,235.5,False
2025-01-15T18:27:09.207851,1.0,0.8,-0.8,0.4,50.0,32.3,238.1,False
2025-01-15T18:27:09.347801,2.0,0.8,0.0,0.4,50.0,32.9,239.4,False
2025-01-15T18:30:09.025053,0.0,1.5,0.0,0.6,50.02,58.0,235.6,False
2025-01-15T18:30:09.173046,1.0,0.8,-0.8,0.5,50.01,31.9,238.2,False
2025-01-15T18:30:09.323823,2.0,0.8,-2.3,0.9,50.02,31.9,239.6,False
2025-01-15T18:33:09.037323,0.0,0.8,-0.8,0.7,50.01,57.9,235.4,False
2025-01-15T18:33:09.232398,1.0,0.8,-2.3,0.8,50.01,32.4,237.9,False
2025-01-15T18:33:09.374404,2.0,0.0,-0.8,0.1,50.02,31.4,239.2,False
2025-01-15T18:36:09.027352,0.0,1.5,-0.0,0.6,50.02,57.4,235.8,False
2025-01-15T18:36:09.163641,1.0,1.5,-0.0,0.7,50.02,31.0,238.0,False
2025-01-15T18:36:09.303949,2.0,1.5,-1.5,0.8,50.01,31.0,239.4,False
2025-01-15T18:39:09.107477,1.0,1.5,-1.5,1.0,49.98,31.1,237.8,False
2025-01-15T18:39:09.297057,2.0,3.0,0.0,1.3,49.99,32.2,239.3,False
2025-01-15T18:42:09.029156,0.0,1.5,1.5,0.8,50.01,57.0,235.6,False
2025-01-15T18:42:09.168660,1.0,0.8,0.8,0.5,50.02,31.6,237.9,False
2025-01-15T18:42:09.311725,2.0,0.8,0.8,0.4,50.01,31.2,239.4,False
2025-01-15T18:44:57.029255,0.0,0.8,-3.8,1.4,50.02,56.2,235.8,False
2025-01-15T18:44:57.161614,1.0,1.5,0.0,0.7,50.02,32.0,238.2,False
2025-01-15T18:44:57.286123,2.0,2.3,-0.8,1.1,50.02,31.0,239.5,False
2025-01-15T18:47:57.030378,0.0,0.0,4.5,2.5,49.99,57.6,236.4,False
2025-01-15T18:47:57.170838,1.0,2.3,-5.3,2.1,49.99,32.0,238.7,False
2025-01-15T18:47:57.296164,2.0,5.3,-3.0,2.2,49.99,33.3,240.3,False
2025-01-15T18:50:57.031892,0.0,1.5,0.8,0.7,50.02,57.0,236.5,False
2025-01-15T18:50:57.182981,1.0,0.8,-0.0,0.4,50.02,31.1,238.8,False
2025-01-15T18:50:57.332476,2.0,1.5,0.8,0.7,50.01,32.5,240.4,False
2025-01-15T18:53:57.033545,0.0,0.0,-0.8,0.5,50.01,59.0,236.3,False
2025-01-15T18:53:57.185495,1.0,2.3,0.0,1.0,50.0,32.9,238.7,False
2025-01-15T18:53:57.304585,2.0,0.8,-2.3,0.9,50.01,33.4,240.2,False
2025-01-15T18:56:57.034608,0.0,0.0,-1.5,0.7,50.03,58.1,236.4,False
2025-01-15T18:56:57.127970,1.0,2.3,-0.0,0.9,50.04,32.1,238.7,False
2025-01-15T18:56:57.230601,2.0,0.8,-2.3,1.0,50.04,33.2,240.2,False
2025-01-15T18:59:57.036799,0.0,0.0,-9.8,3.6,50.04,56.0,237.0,False
2025-01-15T18:59:57.137650,1.0,3.0,-1.5,1.2,50.05,32.2,239.3,False
2025-01-15T18:59:57.223978,2.0,3.0,0.8,1.4,50.04,32.1,240.9,False
2025-01-15T19:02:57.036970,0.0,2.3,-0.8,1.2,49.93,55.2,236.6,False
2025-01-15T19:02:57.177257,1.0,1.5,-4.5,1.5,49.92,31.8,238.8,False
2025-01-15T19:02:57.312141,2.0,0.0,0.0,0.5,49.92,31.9,240.4,False
2025-01-15T19:05:57.053805,0.0,39.3,-68.1,33.8,49.96,55.9,237.0,False
2025-01-15T19:05:57.242427,1.0,7.6,-56.7,24.4,49.97,31.7,239.2,False
2025-01-15T19:05:57.379427,2.0,77.0,40.9,36.2,49.96,31.2,240.7,False
2025-01-15T19:08:57.179509,1.0,95.0,-38.8,43.1,49.98,31.0,239.3,False
2025-01-15T19:08:57.307430,1.0,95.0,-38.8,43.1,49.98,31.0,239.3,False
2025-01-15T19:08:57.438734,2.0,77.0,40.9,36.2,49.99,31.1,241.0,False
2025-01-15T19:11:57.040429,0.0,0.8,-3.0,0.9,50.01,56.0,237.9,False
2025-01-15T19:11:57.193334,1.0,1.5,-3.0,0.8,50.02,31.8,240.1,False
2025-01-15T19:11:57.334489,2.0,0.8,-2.3,0.6,50.01,31.1,241.6,False
2025-01-15T19:14:57.042037,0.0,0.8,-2.3,0.9,50.02,54.9,237.8,False
2025-01-15T19:14:57.193232,1.0,0.8,0.0,0.3,50.02,31.8,239.9,False
2025-01-15T19:14:57.339201,2.0,1.5,0.8,0.7,50.02,31.9,241.4,False
2025-01-15T19:17:57.043291,0.0,0.0,-0.8,0.3,50.01,56.1,238.2,False
2025-01-15T19:17:57.195390,1.0,0.8,-2.3,0.6,50.01,30.9,240.4,False
2025-01-15T19:17:57.287279,2.0,0.0,-2.3,0.4,50.0,31.9,242.0,False
2025-01-15T19:20:57.046953,0.0,0.8,2.3,0.9,49.98,55.3,238.4,False
2025-01-15T19:20:57.193618,1.0,0.8,0.0,0.3,49.98,31.3,240.6,False
2025-01-15T19:20:57.322394,2.0,0.0,-0.8,0.2,49.99,31.4,242.2,False
2025-01-15T19:23:57.045675,0.0,1.5,0.0,0.7,50.02,56.0,238.4,False
2025-01-15T19:23:57.140837,1.0,0.0,-2.3,0.9,50.03,30.7,240.6,False
2025-01-15T19:23:57.241125,2.0,0.8,1.5,0.7,50.02,32.3,242.3,False
2025-01-15T19:26:57.047742,0.0,0.0,0.8,0.5,50.02,55.3,238.2,False
2025-01-15T19:26:57.183326,1.0,1.5,0.8,0.7,50.02,31.1,240.5,False
2025-01-15T19:26:57.315282,2.0,0.0,-0.8,0.2,50.01,31.3,242.1,False
2025-01-15T19:29:57.050447,0.0,0.8,-3.0,1.0,50.04,55.7,238.8,False
2025-01-15T19:29:57.242470,1.0,0.0,-1.5,0.2,50.04,32.0,241.0,False
2025-01-15T19:29:57.373396,2.0,0.8,-2.3,0.7,50.03,32.8,242.6,False
2025-01-15T19:32:57.050761,0.0,2.3,-0.8,1.0,49.97,55.3,238.7,False
2025-01-15T19:32:57.185081,1.0,1.5,-0.0,0.6,49.98,30.7,240.9,False
2025-01-15T19:32:57.296080,2.0,2.3,-2.3,1.2,49.97,32.0,242.7,False
2025-01-15T19:35:57.052011,0.0,0.8,-3.8,1.0,49.98,54.2,239.3,False
2025-01-15T19:35:57.188059,1.0,0.0,-0.8,0.1,49.97,30.7,241.3,False
2025-01-15T19:35:57.324440,2.0,1.5,1.5,0.8,49.98,30.6,243.0,False
2025-01-15T19:38:45.128470,1.0,0.8,0.0,0.3,49.98,31.1,241.3,False
2025-01-15T19:38:45.258167,2.0,1.5,1.5,0.9,49.99,31.9,243.0,False
2025-01-15T19:41:45.057089,0.0,1.5,-0.8,0.8,50.0,54.7,239.5,False
2025-01-15T19:41:45.238638,1.0,0.0,-3.0,1.0,50.0,31.0,241.7,False
2025-01-15T19:41:45.368115,2.0,2.3,-0.8,0.9,50.01,31.6,243.4,False
2025-01-15T19:44:45.060642,0.0,0.8,0.8,0.5,49.99,55.1,239.2,False
2025-01-15T19:44:45.171646,1.0,0.8,-3.8,1.4,49.99,32.1,241.4,False
2025-01-15T19:44:45.289598,2.0,2.3,-0.8,0.9,49.99,31.4,243.0,False
2025-01-15T19:47:45.059863,0.0,0.0,-5.3,1.8,49.98,54.1,239.6,False
2025-01-15T19:47:45.248676,1.0,2.3,0.0,0.9,49.98,31.8,241.8,False
2025-01-15T19:47:45.379765,2.0,3.0,2.3,1.4,49.98,29.1,243.5,False
2025-01-15T19:50:45.059327,0.0,0.8,-2.3,0.9,49.99,54.3,239.5,False
2025-01-15T19:50:45.216234,1.0,1.5,-0.0,0.6,49.99,31.5,241.7,False
2025-01-15T19:50:45.359880,2.0,1.5,0.0,0.6,50.0,31.1,243.4,False
2025-01-15T19:53:45.062609,0.0,3.8,-14.4,2.7,50.01,55.4,236.2,False
2025-01-15T19:53:45.251883,1.0,0.8,-10.6,1.5,50.0,31.9,238.3,False
2025-01-15T19:53:45.376414,2.0,1.5,-14.4,3.4,50.02,31.7,240.1,False
2025-01-15T19:56:45.089142,0.0,2.3,-3.0,1.5,49.99,55.7,236.0,False
2025-01-15T19:56:45.423141,1.0,1.5,-0.0,0.6,50.0,31.0,238.1,False
2025-01-15T19:56:45.557453,2.0,1.5,-0.8,0.8,49.98,31.4,239.9,False
2025-01-15T19:59:45.063469,0.0,1.5,1.5,0.9,49.99,55.2,236.4,False
2025-01-15T19:59:45.205125,1.0,0.8,-1.5,0.5,49.98,31.9,238.5,False
2025-01-15T19:59:45.333566,2.0,0.0,0.8,0.5,49.99,32.0,240.1,False
2025-01-15T20:02:45.064201,0.0,0.8,0.8,0.5,49.94,55.2,236.3,False
2025-01-15T20:02:45.235064,1.0,0.8,-1.5,0.5,49.93,31.3,238.3,False
2025-01-15T20:02:45.382211,2.0,0.8,-1.5,0.8,49.95,31.7,240.1,False
2025-01-15T20:05:45.062564,0.0,0.8,0.8,0.4,49.96,55.9,236.2,False
2025-01-15T20:05:45.212689,1.0,0.8,-1.5,0.6,49.96,31.8,238.3,False
2025-01-15T20:05:45.358359,2.0,0.8,1.5,0.7,49.95,32.7,240.1,False
2025-01-15T20:08:45.141660,1.0,0.8,-1.5,0.4,50.0,30.9,238.8,False
2025-01-15T20:08:45.318868,2.0,1.5,-1.5,0.7,50.0,31.9,240.6,False
2025-01-15T20:11:45.066636,0.0,0.0,-2.3,0.7,50.02,55.8,236.4,False
2025-01-15T20:11:45.200393,1.0,0.0,0.8,0.1,50.04,31.4,238.6,False
2025-01-15T20:11:45.316408,2.0,0.0,1.5,0.4,50.02,33.0,240.3,False
2025-01-15T20:14:45.081294,0.0,42.4,-78.7,37.8,49.99,55.4,236.3,False
2025-01-15T20:14:45.219332,1.0,9.1,-70.3,29.6,50.0,31.7,238.3,False
2025-01-15T20:14:45.329756,2.0,77.0,40.9,36.2,49.99,31.1,240.1,False
2025-01-15T20:16:09.077469,0.0,45.4,-78.7,38.3,49.98,55.7,236.4,False
2025-01-15T20:16:09.197292,1.0,95.0,-38.8,43.1,49.97,31.1,238.4,False
2025-01-15T20:16:09.317089,1.0,95.0,-38.8,43.1,49.97,31.1,238.4,False
2025-01-15T20:16:09.426977,2.0,13.6,-66.6,28.2,49.98,31.5,240.2,False
2025-01-15T20:19:09.078249,0.0,28.0,-43.9,22.0,50.0,54.9,236.4,False
2025-01-15T20:19:09.221557,1.0,3.0,-38.6,16.2,50.0,31.4,238.4,False
2025-01-15T20:19:09.362414,2.0,7.6,-40.8,17.3,50.01,31.9,240.2,False
2025-01-15T20:22:09.068666,0.0,0.8,-2.3,1.1,49.99,54.0,236.4,False
2025-01-15T20:22:09.211175,1.0,2.3,-2.3,1.3,50.0,30.5,238.4,False
2025-01-15T20:22:09.372234,2.0,2.3,-2.3,1.3,49.99,32.0,240.3,False
2025-01-15T20:25:09.084315,0.0,27.2,-50.7,23.5,50.03,54.4,237.1,False
2025-01-15T20:25:09.286226,1.0,95.0,-38.8,43.1,50.02,31.4,239.1,False
2025-01-15T20:25:09.418547,1.0,95.0,-38.8,43.1,50.02,31.4,239.1,False
2025-01-15T20:25:09.580998,2.0,77.0,40.9,36.2,50.03,30.8,240.9,False
2025-01-15T20:27:57.071885,0.0,0.8,-1.5,0.4,50.04,54.7,237.4,False
2025-01-15T20:27:57.212893,1.0,0.0,-0.8,0.1,50.04,30.8,239.3,False
2025-01-15T20:27:57.329362,2.0,0.8,-0.8,0.4,50.03,30.9,241.2,False
2025-01-15T20:30:57.072178,0.0,0.8,-1.5,0.3,49.98,54.8,237.7,False
2025-01-15T20:30:57.199829,1.0,0.0,-1.5,0.4,49.98,30.8,239.7,False
2025-01-15T20:30:57.320961,2.0,0.8,-1.5,0.5,49.97,31.3,241.5,False
2025-01-15T20:33:57.075474,0.0,0.8,0.8,0.5,49.98,54.0,238.1,False
2025-01-15T20:33:57.228586,1.0,0.0,-2.3,0.6,49.99,30.8,240.1,False
2025-01-15T20:33:57.314142,2.0,0.0,-0.8,0.1,49.98,31.3,241.9,False
2025-01-15T20:36:57.074473,0.0,0.0,-3.0,0.8,50.01,54.3,238.6,False
2025-01-15T20:36:57.197395,1.0,0.8,-0.8,0.4,50.01,30.8,240.6,False
2025-01-15T20:36:57.317187,2.0,0.0,-3.0,0.8,50.02,31.2,242.5,False
2025-01-15T20:39:57.076520,0.0,3.8,0.8,1.6,50.02,54.5,238.7,False
2025-01-15T20:39:57.204580,1.0,0.8,-0.8,0.4,50.0,29.9,240.5,False
2025-01-15T20:39:57.323012,2.0,1.5,-1.5,0.9,50.02,30.4,242.5,False
2025-01-15T20:42:57.077868,0.0,2.3,0.8,1.1,50.04,54.2,239.1,False
2025-01-15T20:42:57.197036,1.0,0.8,-1.5,0.5,50.04,30.2,240.8,False
2025-01-15T20:42:57.289999,2.0,1.5,-0.8,0.6,50.04,31.1,242.8,False
2025-01-15T20:45:57.086711,0.0,0.8,-1.5,0.6,49.99,54.1,239.1,False
2025-01-15T20:45:57.235889,1.0,0.8,-0.8,0.4,50.0,30.7,240.9,False
2025-01-15T20:45:57.362821,2.0,0.8,-0.8,0.5,49.99,30.8,242.8,False
2025-01-15T20:48:57.080879,0.0,1.5,-0.8,0.7,49.99,54.4,239.2,False
2025-01-15T20:48:57.226970,1.0,0.8,0.0,0.3,49.99,30.6,241.1,False
2025-01-15T20:48:57.354304,2.0,1.5,1.5,1.0,49.99,32.0,242.9,False
2025-01-15T20:51:57.081697,0.0,2.3,-2.3,1.5,50.02,54.8,239.3,False
2025-01-15T20:51:57.223834,1.0,1.5,-3.8,1.6,50.02,30.7,241.2,False
2025-01-15T20:51:57.321374,2.0,4.5,-1.5,1.9,50.02,32.4,243.2,False
2025-01-15T20:54:57.085224,0.0,1.5,-9.8,2.6,50.06,55.5,236.4,False
2025-01-15T20:54:57.239090,1.0,1.5,-14.4,3.6,50.06,31.3,238.3,False
2025-01-15T20:54:57.370469,2.0,4.5,-12.1,2.7,50.06,31.6,240.1,False
2025-01-15T20:57:57.082703,0.0,1.5,-3.0,0.8,50.06,55.1,235.9,False
2025-01-15T20:57:57.206577,1.0,0.8,-0.8,0.3,50.06,30.8,237.8,False
2025-01-15T20:57:57.322925,2.0,1.5,-1.5,0.8,50.06,31.9,239.8,False
2025-01-15T21:00:57.087464,0.0,0.0,-3.0,0.8,50.02,54.5,235.2,False
2025-01-15T21:00:57.285223,1.0,0.0,-2.3,0.5,50.03,31.1,237.2,False
2025-01-15T21:00:57.446952,2.0,0.0,-3.0,0.8,50.02,32.1,239.1,False
2025-01-15T21:03:57.087300,0.0,3.0,-5.3,2.3,49.98,54.8,234.1,False
2025-01-15T21:03:57.215180,1.0,1.5,-6.8,1.9,49.98,31.4,236.0,False
2025-01-15T21:03:57.357752,2.0,0.0,-3.8,0.6,49.98,30.6,237.8,False
2025-01-15T21:06:57.089841,0.0,0.8,-0.8,0.5,50.0,55.0,234.1,False
2025-01-15T21:06:57.271122,1.0,1.5,-0.0,0.6,50.01,30.7,235.9,False
2025-01-15T21:06:57.395337,2.0,0.8,0.0,0.3,50.01,30.8,237.7,False
2025-01-15T21:09:57.089014,0.0,0.8,0.8,0.5,50.03,55.6,234.2,False
2025-01-15T21:09:57.201548,1.0,1.5,-0.8,0.7,50.02,30.8,235.9,False
2025-01-15T21:09:57.309000,2.0,0.0,-0.8,0.2,50.03,31.3,237.9,False
2025-01-15T21:12:57.092672,0.0,0.8,0.8,0.7,50.02,56.2,234.6,False
2025-01-15T21:12:57.282545,1.0,0.8,0.8,0.4,50.02,29.8,236.2,False
2025-01-15T21:12:57.416349,2.0,0.8,-3.0,1.0,50.0,30.0,238.2,False
2025-01-15T21:15:57.092044,0.0,0.8,2.3,1.0,49.98,54.8,234.6,False
2025-01-15T21:15:57.211879,1.0,0.8,-3.0,1.3,49.97,29.8,236.3,False
2025-01-15T21:15:57.333930,2.0,3.8,-0.8,1.6,49.98,29.5,238.1,False
2025-01-15T21:21:45.180805,1.0,0.8,-1.5,0.5,49.98,30.3,236.6,False
2025-01-15T21:21:46.056814,2.0,0.8,-0.8,0.4,49.99,29.8,238.5,False
2025-01-15T21:24:45.095085,0.0,0.8,-1.5,0.8,50.02,54.9,234.7,False
2025-01-15T21:24:45.204343,1.0,1.5,-0.8,0.7,50.02,30.1,236.5,False
2025-01-15T21:24:45.330579,2.0,0.8,-0.8,0.4,50.01,29.4,238.4,False
2025-01-15T21:27:45.097969,0.0,0.8,-1.5,0.6,50.01,54.7,234.4,False
2025-01-15T21:27:45.257509,1.0,0.8,-2.3,0.7,50.02,30.3,236.1,False
2025-01-15T21:27:45.378606,2.0,0.0,-0.8,0.1,50.01,29.4,238.0,False
2025-01-15T21:30:45.098114,0.0,2.3,-0.8,0.9,49.96,54.6,234.3,False
2025-01-15T21:30:45.230898,1.0,0.8,-2.3,1.1,49.96,30.6,236.1,False
2025-01-15T21:30:45.355493,2.0,2.3,2.3,1.3,49.96,30.7,238.0,False
2025-01-15T21:33:45.100630,0.0,1.5,-2.3,1.1,49.96,54.8,234.1,False
2025-01-15T21:33:45.255788,1.0,2.3,-2.3,1.2,49.97,30.4,235.9,False
2025-01-15T21:33:45.375459,2.0,0.0,-2.3,1.0,49.96,29.6,237.9,False
2025-01-15T21:36:45.100806,0.0,0.8,-0.8,0.1,49.99,55.0,233.8,False
2025-01-15T21:36:45.204420,1.0,2.3,0.0,1.0,50.0,30.8,235.6,False
2025-01-15T21:36:45.297142,2.0,0.8,-3.8,1.3,49.99,30.4,237.5,False
2025-01-15T21:39:45.101142,0.0,1.5,1.5,0.9,50.0,56.1,233.7,False
2025-01-15T21:39:45.234595,1.0,1.5,-0.8,0.7,50.01,30.9,235.5,False
2025-01-15T21:39:45.365811,2.0,0.8,-0.8,0.5,50.0,30.8,237.4,False
2025-01-15T21:42:45.103933,0.0,2.3,0.8,1.2,50.0,54.9,234.1,False
2025-01-15T21:42:45.277971,1.0,0.8,-3.0,1.0,50.0,30.2,235.9,False
2025-01-15T21:42:45.410317,2.0,0.0,-1.5,0.3,50.02,30.2,237.8,False
2025-01-15T21:45:45.104748,0.0,1.5,0.8,0.7,49.98,55.1,234.0,False
2025-01-15T21:45:45.253882,1.0,1.5,-0.8,0.7,49.99,30.4,235.8,False
2025-01-15T21:45:45.393416,2.0,0.0,0.0,0.1,49.98,30.2,237.7,False
2025-01-15T21:48:45.104474,0.0,0.8,-14.4,3.0,50.03,55.2,237.7,False
2025-01-15T21:48:45.229108,1.0,0.0,-14.4,3.1,50.03,29.5,239.4,False
2025-01-15T21:48:45.347520,2.0,1.5,-14.4,3.0,50.02,30.2,241.3,False
2025-01-15T21:51:45.105417,0.0,0.0,-2.3,1.0,50.03,55.0,237.6,False
2025-01-15T21:51:45.249280,1.0,1.5,-1.5,0.9,50.03,29.9,239.3,False
2025-01-15T21:51:45.383138,2.0,1.5,-0.8,0.7,50.02,30.5,241.3,False
2025-01-15T21:54:45.107926,0.0,1.5,0.0,0.6,50.03,55.2,237.6,False
2025-01-15T21:54:45.241680,1.0,0.8,-2.3,1.0,50.04,29.5,239.3,False
2025-01-15T21:54:45.380293,2.0,2.3,0.8,1.0,50.03,29.1,241.1,False
2025-01-15T21:57:33.108578,0.0,1.5,-1.5,0.7,50.03,54.5,237.5,False
2025-01-15T21:57:33.216334,1.0,0.0,-0.8,0.4,50.04,29.4,239.2,False
2025-01-15T21:57:33.323642,2.0,1.5,0.8,0.7,50.04,30.0,241.0,False
2025-01-15T22:00:33.111594,0.0,0.0,-1.5,0.4,50.01,54.3,237.8,False
2025-01-15T22:00:33.294681,1.0,0.8,-2.3,0.8,50.0,29.9,239.4,False
2025-01-15T22:00:33.433193,2.0,0.8,0.0,0.4,50.01,30.5,241.4,False
2025-01-15T22:03:33.110246,0.0,0.8,1.5,0.9,49.96,53.5,237.6,False
2025-01-15T22:03:33.250399,1.0,1.5,1.5,0.9,49.97,30.8,239.4,False
2025-01-15T22:03:33.383143,2.0,0.8,-1.5,0.6,49.97,30.6,241.3,False
2025-01-15T22:06:33.111440,0.0,1.5,-0.8,0.5,49.97,55.1,237.9,False
2025-01-15T22:06:33.249605,1.0,0.8,-1.5,0.6,49.97,30.3,239.6,False
2025-01-15T22:06:33.375436,2.0,0.0,-0.8,0.1,49.97,31.1,241.5,False
2025-01-15T22:09:33.114364,0.0,0.0,1.5,0.9,49.98,55.6,238.1,False
2025-01-15T22:09:33.290506,1.0,0.8,-1.5,0.6,49.98,29.3,239.8,False
2025-01-15T22:09:33.408280,2.0,0.0,-3.0,1.0,49.99,30.5,241.8,False
2025-01-15T22:12:33.114537,0.0,0.0,-1.5,0.7,50.01,55.8,238.2,False
2025-01-15T22:12:33.244955,1.0,0.8,-0.8,0.4,50.01,29.4,239.9,False
2025-01-15T22:12:33.357653,2.0,1.5,0.0,0.6,50.01,31.4,241.9,False
2025-01-15T22:15:33.116441,0.0,1.5,-4.5,1.6,50.02,54.6,238.5,False
2025-01-15T22:15:33.277208,1.0,0.8,-1.5,0.9,50.02,29.9,240.2,False
2025-01-15T22:15:33.393440,2.0,2.3,3.0,1.5,50.02,29.0,242.1,False
2025-01-15T22:18:33.115637,0.0,1.5,-2.3,1.0,50.0,54.7,238.7,False
2025-01-15T22:18:33.214376,1.0,1.5,-2.3,1.0,50.0,29.7,240.4,False
2025-01-15T22:18:33.314304,2.0,0.0,1.5,0.9,50.0,30.1,242.4,False
2025-01-15T22:21:33.117533,0.0,0.8,0.8,0.6,50.02,54.8,239.0,False
2025-01-15T22:21:33.256818,1.0,1.5,-1.5,0.8,50.02,28.7,240.7,False
2025-01-15T22:21:33.384732,2.0,1.5,-1.5,0.7,50.01,30.4,242.6,False
2025-01-15T22:24:33.119102,0.0,1.5,0.8,0.7,50.04,54.3,239.0,False
2025-01-15T22:24:33.215483,1.0,0.8,0.0,0.3,50.03,30.2,240.8,False
2025-01-15T22:24:33.313753,2.0,1.5,0.0,0.6,50.03,30.5,242.7,False
2025-01-15T22:27:33.120735,0.0,3.0,0.0,1.2,50.03,55.2,239.1,False
2025-01-15T22:27:33.270608,1.0,2.3,-1.5,1.1,50.03,29.4,240.8,False
2025-01-15T22:27:33.378524,2.0,0.0,-3.0,1.2,50.03,29.4,242.7,False
2025-01-15T22:30:33.123978,0.0,0.8,-1.5,0.5,50.0,54.9,238.9,False
2025-01-15T22:30:33.301346,1.0,0.0,-1.5,0.4,50.01,30.0,240.5,False
2025-01-15T22:30:33.429610,2.0,0.8,-2.3,0.9,50.01,29.4,242.4,False
2025-01-15T22:33:33.122159,0.0,1.5,0.8,0.7,49.98,54.1,238.9,False
2025-01-15T22:33:33.237498,1.0,0.0,-1.5,0.6,49.97,28.9,240.6,False
2025-01-15T22:33:33.365163,2.0,0.8,-1.5,0.6,49.98,29.8,242.6,False
2025-01-15T22:36:33.126014,0.0,15.1,-21.9,11.6,49.98,55.1,239.4,False
2025-01-15T22:36:33.309082,1.0,1.5,-17.4,7.6,49.98,28.9,241.0,False
2025-01-15T22:36:33.422953,2.0,4.5,-18.9,8.3,49.98,29.7,242.9,False
2025-01-15T22:39:33.124941,0.0,13.6,-24.2,11.7,50.02,54.2,239.3,False
2025-01-15T22:39:33.272514,1.0,2.3,-18.9,8.0,50.01,28.8,240.9,False
2025-01-15T22:39:33.398410,2.0,3.8,-18.9,8.0,50.02,29.4,242.9,False
2025-01-15T22:42:33.127849,0.0,0.0,1.5,0.3,50.04,53.2,239.8,False
2025-01-15T22:42:33.271844,1.0,0.0,-1.5,0.2,50.03,30.3,241.4,False
2025-01-15T22:42:33.372402,2.0,0.0,-1.5,0.2,50.03,30.9,243.4,False
2025-01-15T22:45:33.127029,0.0,1.5,-1.5,0.4,50.0,54.8,240.2,False
2025-01-15T22:45:33.220584,1.0,0.0,0.8,0.1,50.0,28.7,241.8,False
2025-01-15T22:45:33.318829,2.0,0.0,-3.0,0.9,50.0,29.3,243.8,False
2025-01-15T22:48:33.128879,0.0,3.8,-10.6,1.3,50.01,54.3,237.1,False
2025-01-15T22:48:33.238419,1.0,1.5,-9.8,1.8,50.01,29.9,238.7,False
2025-01-15T22:48:33.360962,2.0,0.8,-14.4,3.4,50.0,30.2,240.7,False
2025-01-15T22:51:33.130393,0.0,2.3,-0.8,0.8,50.04,54.6,237.4,False
2025-01-15T22:51:33.251289,1.0,1.5,-0.8,0.8,50.05,29.5,239.0,False
2025-01-15T22:51:33.369832,2.0,0.8,-3.0,1.1,50.04,29.4,241.0,False
2025-01-15T22:54:33.134273,0.0,0.8,-3.0,1.1,50.03,55.2,237.2,False
2025-01-15T22:54:33.266303,1.0,0.8,-1.5,0.5,50.02,29.6,238.7,False
2025-01-15T22:54:33.364849,2.0,0.8,-0.8,0.3,50.02,29.6,240.6,False
2025-01-15T22:57:21.133292,0.0,7.6,-12.9,5.8,50.03,54.6,236.8,False
2025-01-15T22:57:21.246403,1.0,1.5,-9.8,3.9,50.03,28.9,238.4,False
2025-01-15T22:57:21.359630,2.0,1.5,-10.6,4.2,50.04,29.4,240.3,False
2025-01-15T23:00:21.135000,0.0,6.1,-9.8,5.3,50.01,54.5,236.4,False
2025-01-15T23:00:21.266441,1.0,0.8,-7.6,3.6,50.0,29.2,237.9,False
2025-01-15T23:00:21.397505,2.0,2.3,-7.6,3.6,50.01,29.6,239.9,False
2025-01-15T23:03:21.135639,0.0,1.5,3.0,0.8,49.95,55.6,235.9,False
2025-01-15T23:03:21.262926,1.0,0.8,0.8,0.4,49.96,29.6,237.5,False
2025-01-15T23:03:21.393672,2.0,0.8,-3.0,1.0,49.96,31.0,239.6,False
2025-01-15T23:06:21.137887,0.0,3.0,-1.5,1.4,49.97,56.3,235.9,False
2025-01-15T23:06:21.268220,1.0,0.8,-1.5,0.7,49.97,29.7,237.5,False
2025-01-15T23:06:21.386343,2.0,1.5,-0.0,0.6,49.98,29.2,239.3,False
2025-01-15T23:09:21.138235,0.0,0.8,-0.0,0.4,50.02,56.0,236.0,False
2025-01-15T23:09:21.264614,1.0,1.5,0.8,0.7,50.03,28.7,237.6,False
2025-01-15T23:09:21.404433,2.0,0.0,-3.0,1.0,50.02,28.5,239.6,False
2025-01-15T23:12:21.140670,0.0,1.5,0.8,0.7,50.03,55.3,236.1,False
2025-01-15T23:12:21.319993,1.0,0.8,-2.3,0.9,50.03,29.1,237.7,False
2025-01-15T23:12:21.464643,2.0,1.5,1.5,0.9,50.04,29.4,239.7,False
2025-01-15T23:15:21.140040,0.0,1.5,-1.5,0.5,50.03,54.8,236.5,False
2025-01-15T23:15:21.271352,1.0,1.5,0.0,0.7,50.04,29.2,238.0,False
2025-01-15T23:15:21.405247,2.0,0.0,-3.0,1.0,50.03,28.8,240.0,False
2025-01-15T23:18:21.141485,0.0,0.0,0.8,0.4,50.04,56.2,236.6,False
2025-01-15T23:18:21.276776,1.0,2.3,0.8,1.0,50.02,29.6,238.1,False
2025-01-15T23:18:21.414095,2.0,1.5,-0.8,0.7,50.03,29.1,240.0,False
2025-01-15T23:21:21.145576,0.0,1.5,-0.8,0.7,50.03,54.8,236.5,False
2025-01-15T23:21:21.293016,1.0,2.3,-1.5,1.2,50.02,28.7,238.0,False
2025-01-15T23:21:21.424957,2.0,2.3,0.0,0.9,50.02,30.4,240.1,False
2025-01-15T23:24:21.143481,0.0,0.8,-2.3,0.8,50.06,55.4,236.9,False
2025-01-15T23:24:21.273394,1.0,0.8,-2.3,0.7,50.06,29.5,238.5,False
2025-01-15T23:24:21.409470,2.0,0.0,-0.8,0.1,50.06,29.7,240.6,False
2025-01-15T23:27:21.146180,0.0,2.3,-0.8,1.3,50.05,55.7,236.6,False
2025-01-15T23:27:21.277456,1.0,3.8,2.3,1.8,50.05,30.8,238.1,False
2025-01-15T23:27:21.410365,2.0,0.0,-1.5,0.3,50.04,30.3,240.2,False
2025-01-15T23:30:21.148394,0.0,1.5,-0.0,1.0,50.0,54.9,237.0,False
2025-01-15T23:30:21.329342,1.0,3.0,2.3,1.4,50.02,29.1,238.5,False
2025-01-15T23:30:21.449773,2.0,0.0,-1.5,0.3,50.01,29.9,240.5,False
2025-01-15T23:33:21.152789,0.0,0.8,-0.0,0.3,49.98,54.8,236.8,False
2025-01-15T23:33:21.276877,1.0,0.8,-0.8,0.6,49.98,29.0,238.2,False
2025-01-15T23:33:21.408832,2.0,1.5,-1.5,0.8,49.99,30.2,240.3,False
2025-01-15T23:36:21.149832,0.0,0.0,-0.8,0.3,50.0,55.2,236.7,False
2025-01-15T23:36:21.266125,1.0,1.5,-2.3,1.2,49.99,30.0,238.2,False
2025-01-15T23:36:21.388702,2.0,3.0,-0.8,1.3,50.0,29.6,240.3,False
2025-01-15T23:39:21.226013,1.0,1.5,-1.5,0.8,50.02,29.5,238.4,False
2025-01-15T23:39:21.392093,2.0,1.5,-0.8,0.7,50.02,30.4,240.4,False
2025-01-15T23:42:21.151547,0.0,0.0,-1.5,0.4,50.01,55.1,237.0,False
2025-01-15T23:42:21.270471,1.0,0.8,-0.8,0.6,50.02,29.5,238.6,False
2025-01-15T23:42:21.393206,2.0,1.5,1.5,0.8,50.02,29.0,240.6,False
2025-01-15T23:45:21.152522,0.0,0.8,0.8,0.5,49.99,55.2,237.0,False
2025-01-15T23:45:21.281744,1.0,1.5,-0.0,0.6,49.99,29.1,238.6,False
2025-01-15T23:45:21.397274,2.0,0.0,-0.8,0.3,49.99,29.5,240.6,False
2025-01-15T23:48:09.155881,0.0,1.5,-0.8,0.5,49.98,55.5,236.9,False
2025-01-15T23:48:09.304180,1.0,0.8,0.0,0.4,49.99,29.6,238.4,False
2025-01-15T23:48:09.431608,2.0,0.0,-1.5,0.5,49.99,29.6,240.4,False
2025-01-15T23:51:09.155294,0.0,0.8,-0.8,0.3,50.02,55.1,237.0,False
2025-01-15T23:51:09.264964,1.0,0.8,-0.8,0.5,50.02,29.5,238.5,False
2025-01-15T23:51:09.385206,2.0,0.8,-0.8,0.4,50.02,29.1,240.6,False
2025-01-15T23:54:09.157180,0.0,0.8,0.8,0.5,50.03,54.8,236.9,False
2025-01-15T23:54:09.291608,1.0,0.0,0.0,0.1,50.03,30.5,238.4,False
2025-01-15T23:54:09.406495,2.0,0.8,1.5,0.6,50.03,30.1,240.4,False
2025-01-15T23:57:09.161021,0.0,1.5,-1.5,0.6,50.04,55.2,237.2,False
2025-01-15T23:57:09.341515,1.0,0.0,1.5,0.4,50.04,28.8,238.7,False
2025-01-15T23:57:09.473152,2.0,0.8,-2.3,0.9,50.04,29.6,240.6,False
2025-01-16T00:00:09.176957,0.0,0.0,-0.8,0.3,50.01,55.7,237.2,False
2025-01-16T00:00:09.481842,1.0,0.0,0.0,0.0,50.01,28.9,238.6,False
2025-01-16T00:00:09.724219,2.0,0.0,0.0,0.1,50.01,29.6,240.7,False
2025-01-16T00:03:09.161406,0.0,4.5,0.8,2.1,49.93,55.0,237.0,False
2025-01-16T00:03:09.339816,1.0,0.8,-6.8,2.5,49.93,30.1,238.4,False
2025-01-16T00:03:09.491791,2.0,3.0,-0.0,1.2,49.94,28.2,240.5,False
2025-01-16T00:06:09.166795,0.0,2.3,-2.3,1.3,49.96,55.2,237.4,False
2025-01-16T00:06:09.358031,1.0,1.5,-3.8,1.3,49.97,29.9,238.8,False
2025-01-16T00:06:09.481009,2.0,0.0,0.0,0.4,49.95,29.4,240.8,False
2025-01-16T00:09:09.236700,1.0,1.5,-3.0,1.3,50.0,29.0,238.9,False
2025-01-16T00:09:09.362638,2.0,3.0,-1.5,1.3,49.99,29.1,240.9,False
2025-01-16T00:12:09.166190,0.0,0.0,-1.5,0.5,50.02,54.6,237.4,False
2025-01-16T00:12:09.309523,1.0,1.5,-1.5,0.8,50.03,29.1,238.8,False
2025-01-16T00:12:09.421258,2.0,0.0,0.0,0.1,50.03,29.0,240.8,False
2025-01-16T00:15:09.237817,0.0,54.0,-79.7,40.9,50.04,54.7,237.3,False
2025-01-16T00:15:09.372501,1.0,5.3,-37.8,16.0,50.04,28.9,238.8,False
2025-01-16T00:15:09.500336,2.0,6.8,-37.8,15.9,50.03,28.3,240.7,False
2025-01-16T00:18:09.289991,0.0,54.0,-79.7,40.9,50.01,55.2,237.1,False
2025-01-16T00:18:09.439756,1.0,7.6,-37.8,16.3,50.01,30.0,238.5,False
2025-01-16T00:18:09.564318,2.0,5.3,-34.8,14.8,50.02,29.3,240.5,False
2025-01-16T00:21:09.167173,0.0,3.0,-0.8,1.4,50.0,54.4,237.0,False
2025-01-16T00:21:09.299602,1.0,1.5,-2.3,1.1,50.0,28.6,238.4,False
2025-01-16T00:21:09.417049,2.0,0.8,-3.0,1.4,50.0,27.1,240.4,False
2025-01-16T00:24:09.169246,0.0,0.8,-3.0,1.2,50.01,55.3,236.9,False
2025-01-16T00:24:09.338736,1.0,0.0,0.0,0.1,50.0,28.6,238.3,False
2025-01-16T00:24:09.435982,2.0,1.5,0.8,0.7,50.02,28.1,240.4,False
2025-01-16T00:27:09.169245,0.0,0.8,-2.3,0.9,50.02,55.2,237.0,False
2025-01-16T00:27:09.303336,1.0,0.8,-0.8,0.3,50.01,29.6,238.5,False
2025-01-16T00:27:09.425898,2.0,0.8,-0.8,0.5,50.01,28.2,240.5,False
2025-01-16T00:30:09.171781,0.0,3.0,-0.0,1.3,49.98,54.5,237.0,False
2025-01-16T00:30:09.363760,1.0,1.5,-2.3,1.1,49.99,30.5,238.5,False
2025-01-16T00:30:09.503298,2.0,1.5,2.3,1.2,49.98,29.7,240.5,False
2025-01-16T00:32:57.171680,0.0,1.5,-3.0,1.2,49.95,54.9,236.6,False
2025-01-16T00:32:57.293074,1.0,1.5,-2.3,0.8,49.95,29.5,238.1,False
2025-01-16T00:32:57.405052,2.0,0.0,-0.8,0.1,49.95,29.6,240.1,False
2025-01-16T00:35:57.173573,0.0,0.0,-0.0,0.3,49.96,54.7,236.9,False
2025-01-16T00:35:57.344156,1.0,0.8,-1.5,0.5,49.97,29.1,238.3,False
2025-01-16T00:35:57.464641,2.0,1.5,-2.3,0.9,49.97,28.8,240.4,False
2025-01-16T00:38:57.247378,1.0,1.5,-0.8,0.7,49.98,28.7,238.3,False
2025-01-16T00:38:57.348471,2.0,0.8,-1.5,0.7,49.99,28.7,240.4,False
2025-01-16T00:41:57.173904,0.0,2.3,-0.8,1.1,50.03,54.9,237.1,False
2025-01-16T00:41:57.294883,1.0,0.8,-3.0,1.1,50.03,28.5,238.6,False
2025-01-16T00:41:57.398491,2.0,0.0,0.8,0.5,50.02,29.8,240.6,False
2025-01-16T00:44:57.176112,0.0,2.3,-0.8,1.0,50.01,54.2,237.1,False
2025-01-16T00:44:57.280619,1.0,0.8,-2.3,1.0,50.02,29.2,238.5,False
2025-01-16T00:44:57.376533,2.0,2.3,1.5,1.1,50.01,28.5,240.6,False
2025-01-16T00:47:57.180434,0.0,0.8,-2.3,1.1,50.01,54.1,237.1,False
2025-01-16T00:47:57.269241,1.0,3.0,0.8,1.3,50.02,29.5,238.4,False
2025-01-16T00:47:57.357043,2.0,0.0,-2.3,0.8,50.02,28.5,240.4,False
2025-01-16T00:50:57.177285,0.0,0.0,-3.8,1.5,50.01,53.9,236.9,False
2025-01-16T00:50:57.297550,1.0,3.0,-0.0,1.3,50.0,29.3,238.3,False
2025-01-16T00:50:57.405715,2.0,1.5,-1.5,0.9,50.01,29.4,240.4,False
2025-01-16T00:53:57.180316,0.0,0.8,1.5,0.6,50.0,54.5,236.7,False
2025-01-16T00:53:57.343703,1.0,0.8,-0.0,0.4,50.0,28.6,238.1,False
2025-01-16T00:53:57.457161,2.0,0.0,-1.5,0.4,50.0,28.9,240.1,False
2025-01-16T00:56:57.183156,0.0,0.0,0.8,0.3,50.0,55.4,236.7,False
2025-01-16T00:56:57.315298,1.0,0.0,-0.8,0.3,49.98,28.7,238.1,False
2025-01-16T00:56:57.432720,2.0,0.0,0.0,0.0,50.0,28.9,240.1,False
2025-01-16T00:59:57.185291,0.0,0.0,-3.8,1.4,49.99,54.7,236.9,False
2025-01-16T00:59:57.333152,1.0,0.8,0.8,0.5,49.99,29.7,238.2,False
2025-01-16T00:59:57.440463,2.0,2.3,-0.0,1.0,49.99,28.6,240.2,False
2025-01-16T01:02:57.181762,0.0,0.8,-2.3,0.4,49.96,54.1,236.4,False
2025-01-16T01:02:57.299624,1.0,0.0,-1.5,0.3,49.96,29.1,237.9,False
2025-01-16T01:02:57.419706,2.0,1.5,0.8,0.7,49.97,28.9,239.9,False
2025-01-16T01:05:57.185445,0.0,0.8,-0.8,0.5,49.98,54.2,236.7,False
2025-01-16T01:05:57.375109,1.0,0.0,-1.5,0.4,49.97,29.7,238.2,False
2025-01-16T01:05:57.499038,2.0,1.5,0.0,0.7,49.98,29.2,240.2,False
2025-01-16T01:08:57.259227,1.0,1.5,-2.3,1.1,49.98,28.7,238.3,False
2025-01-16T01:08:57.365346,2.0,3.0,-1.5,1.4,49.99,29.3,240.3,False
2025-01-16T01:11:57.188259,0.0,1.5,2.3,1.1,50.02,53.4,236.9,False
2025-01-16T01:11:57.374334,1.0,1.5,0.0,0.6,50.02,29.6,238.4,False
2025-01-16T01:11:57.501744,2.0,0.8,-0.8,0.5,50.02,29.4,240.4,False
2025-01-16T01:14:45.186803,0.0,0.8,2.3,0.9,50.01,54.0,236.8,False
2025-01-16T01:14:45.293160,1.0,0.8,-0.0,0.3,50.01,28.6,238.2,False
2025-01-16T01:14:45.413479,2.0,0.8,-1.5,0.8,50.02,28.7,240.2,False
2025-01-16T01:17:45.189522,0.0,1.5,1.5,0.9,49.98,54.2,236.6,False
2025-01-16T01:17:45.329127,1.0,0.8,-2.3,0.8,49.98,28.7,238.0,False
2025-01-16T01:17:45.475662,2.0,0.8,-1.5,0.5,49.98,28.9,240.0,False
2025-01-16T01:20:45.189247,0.0,0.8,0.0,0.4,49.99,54.3,236.5,False
2025-01-16T01:20:45.313546,1.0,0.0,-0.8,0.3,50.0,28.8,237.9,False
2025-01-16T01:20:45.431858,2.0,0.8,0.0,0.3,49.99,29.0,240.0,False
2025-01-16T01:23:45.199200,0.0,0.8,-3.0,1.1,50.0,54.2,236.7,False
2025-01-16T01:23:45.801479,1.0,1.5,-0.8,0.6,50.0,29.2,238.2,False
2025-01-16T01:23:46.405851,2.0,1.5,-0.8,0.7,50.0,28.6,240.2,False
2025-01-16T01:26:45.192251,0.0,3.0,-0.8,1.2,50.01,53.9,236.8,False
2025-01-16T01:26:45.306121,1.0,0.8,-1.5,0.8,50.01,28.7,238.2,False
2025-01-16T01:26:45.407458,2.0,0.0,-1.5,0.6,50.0,28.0,240.3,False
2025-01-16T01:29:45.192243,0.0,0.8,0.8,0.6,50.0,54.8,236.9,False
2025-01-16T01:29:45.290734,1.0,0.8,-1.5,0.7,50.01,29.2,238.3,False
2025-01-16T01:29:45.410773,2.0,0.8,-1.5,0.7,50.0,28.8,240.3,False
2025-01-16T01:32:45.193736,0.0,3.8,-2.3,1.7,49.99,54.5,236.7,False
2025-01-16T01:32:45.287600,1.0,1.5,-2.3,1.2,49.99,28.7,238.2,False
2025-01-16T01:32:45.382891,2.0,3.8,0.0,1.6,49.99,29.3,240.3,False
2025-01-16T01:35:45.194787,0.0,2.3,0.0,1.0,49.99,54.8,236.7,False
2025-01-16T01:35:45.319410,1.0,0.0,-1.5,0.6,49.98,28.7,238.1,False
2025-01-16T01:35:45.420669,2.0,0.8,0.0,0.3,49.99,29.4,240.2,False
2025-01-16T01:38:45.271966,1.0,3.0,-2.3,1.6,49.99,29.6,238.1,False
2025-01-16T01:38:45.446860,2.0,3.8,-1.5,1.7,49.99,28.9,240.1,False
2025-01-16T01:41:45.218796,0.0,0.0,-0.0,0.3,50.01,54.0,236.9,False
2025-01-16T01:41:45.904402,1.0,0.8,-0.8,0.4,50.0,29.6,238.3,False
2025-01-16T01:41:46.358343,2.0,0.0,-1.5,0.4,50.01,28.3,240.4,False
2025-01-16T01:44:45.200374,0.0,0.8,-3.8,1.5,50.01,54.3,236.8,False
2025-01-16T01:44:45.326258,1.0,3.0,0.8,1.3,50.01,28.8,238.1,False
2025-01-16T01:44:45.422073,2.0,2.3,-1.5,1.2,50.02,28.5,240.2,False
2025-01-16T01:47:45.200810,0.0,0.8,0.0,0.4,50.0,55.2,236.4,False
2025-01-16T01:47:45.288357,1.0,2.3,-1.5,1.1,50.0,29.2,237.8,False
2025-01-16T01:47:45.397164,2.0,0.0,-3.0,0.9,50.0,28.6,239.8,False
2025-01-16T01:50:45.204982,0.0,0.8,-1.5,0.7,49.99,54.8,236.3,False
2025-01-16T01:50:45.372217,1.0,2.3,-1.5,1.1,49.99,28.9,237.7,False
2025-01-16T01:50:45.490806,2.0,0.0,-1.5,0.7,49.99,27.9,239.7,False
2025-01-16T01:53:45.224238,0.0,0.8,-0.8,0.4,50.02,54.9,236.4,False
2025-01-16T01:53:45.841249,1.0,1.5,-1.5,0.8,50.01,29.3,237.8,False
2025-01-16T01:53:46.304665,2.0,0.8,-1.5,0.9,50.0,28.7,239.9,False
2025-01-16T01:56:45.204736,0.0,0.0,-1.5,0.4,49.99,54.0,236.1,False
2025-01-16T01:56:45.329682,1.0,0.8,-0.8,0.3,49.99,29.4,237.5,False
2025-01-16T01:56:45.435241,2.0,1.5,0.0,0.7,49.99,29.0,239.6,False
2025-01-16T01:59:45.219317,0.0,0.0,-2.3,0.7,49.99,54.4,236.3,False
2025-01-16T01:59:46.131944,1.0,2.3,-1.5,1.0,49.97,29.6,237.7,False
2025-01-16T01:59:46.726298,2.0,0.8,-2.3,1.1,49.98,29.7,239.7,False
2025-01-16T02:02:45.212732,0.0,1.5,-0.8,0.7,49.98,54.7,236.3,False
2025-01-16T02:02:45.339529,1.0,0.8,-0.0,0.3,49.98,29.1,237.7,False
2025-01-16T02:02:45.467853,2.0,0.0,-0.8,0.3,49.98,29.1,239.8,False
2025-01-16T02:05:45.209556,0.0,0.8,-2.3,0.8,49.97,54.1,236.5,False
2025-01-16T02:05:45.329404,1.0,0.0,0.8,0.5,49.97,29.7,237.9,False
2025-01-16T02:05:45.455433,2.0,0.8,-0.8,0.4,49.96,28.6,239.9,False
2025-01-16T02:08:45.463722,1.0,3.8,-38.6,16.2,50.0,30.6,237.8,False
2025-01-16T02:08:45.598675,2.0,7.6,-40.1,16.9,50.01,29.4,239.7,False
2025-01-16T02:10:21.348991,0.0,28.0,-43.9,22.2,49.99,54.4,236.2,False
2025-01-16T02:10:21.471163,1.0,3.0,-37.8,16.0,50.0,29.3,237.7,False
2025-01-16T02:10:21.589712,2.0,6.8,-40.1,17.0,50.0,28.2,239.6,False
2025-01-16T02:13:21.213790,0.0,0.8,-1.5,0.5,50.0,54.8,235.9,False
2025-01-16T02:13:21.325283,1.0,0.8,0.8,0.4,50.0,29.8,237.3,False
2025-01-16T02:13:21.436394,2.0,1.5,1.5,0.8,49.99,29.7,239.4,False
2025-01-16T02:16:21.215893,0.0,0.0,-0.0,0.0,49.98,54.1,236.0,False
2025-01-16T02:16:21.337487,1.0,0.8,-0.0,0.4,49.98,29.3,237.5,False
2025-01-16T02:16:21.458092,2.0,0.0,-0.0,0.1,49.98,29.1,239.5,False
2025-01-16T02:19:21.215789,0.0,0.8,0.0,0.5,49.99,55.1,235.8,False
2025-01-16T02:19:21.347569,1.0,0.8,0.0,0.4,49.99,29.8,237.3,False
2025-01-16T02:19:21.465672,2.0,0.8,0.0,0.3,49.98,29.2,239.3,False
2025-01-16T02:22:21.217113,0.0,1.5,0.8,0.7,50.0,55.3,235.9,False
2025-01-16T02:22:21.344318,1.0,0.8,-0.0,0.3,49.99,29.3,237.4,False
2025-01-16T02:22:21.457152,2.0,0.0,-1.5,0.6,50.01,28.7,239.4,False
2025-01-16T02:25:21.220441,0.0,1.5,-1.5,1.1,50.02,55.8,236.0,False
2025-01-16T02:25:21.335754,1.0,1.5,0.8,0.7,50.02,28.3,237.5,False
2025-01-16T02:25:21.426630,2.0,0.8,0.0,0.3,50.02,29.1,239.4,False
2025-01-16T02:28:21.221564,0.0,0.0,-2.3,0.8,50.02,55.1,236.2,False
2025-01-16T02:28:21.367983,1.0,1.5,0.0,0.6,50.02,29.3,237.6,False
2025-01-16T02:28:21.480688,2.0,0.0,-1.5,0.4,50.02,28.5,239.6,False
2025-01-16T02:31:21.233148,0.0,0.8,-0.0,0.4,49.99,55.1,235.9,False
2025-01-16T02:31:22.023693,1.0,0.8,-0.8,0.4,50.0,29.2,237.2,False
2025-01-16T02:31:22.362409,2.0,0.8,-3.8,1.3,50.0,28.7,239.2,False
2025-01-16T02:34:21.223162,0.0,1.5,-2.3,1.2,49.98,55.0,235.9,False
2025-01-16T02:34:21.361513,1.0,1.5,-0.8,0.7,49.99,29.4,237.3,False
2025-01-16T02:34:21.493358,2.0,0.8,-2.3,1.0,49.98,28.6,239.3,False
2025-01-16T02:37:21.264674,1.0,0.0,-3.0,1.4,50.0,28.2,237.1,False
2025-01-16T02:37:21.424176,2.0,3.0,1.5,1.4,50.0,29.3,239.2,False
2025-01-16T02:40:21.225049,0.0,2.3,-1.5,1.2,49.98,55.3,235.5,False
2025-01-16T02:40:21.335714,1.0,0.0,-1.5,0.4,49.98,28.2,236.9,False
2025-01-16T02:40:21.438705,2.0,0.8,-0.8,0.3,49.99,29.4,238.9,False
2025-01-16T02:43:09.227057,0.0,0.0,2.3,0.7,50.03,54.3,235.8,False
2025-01-16T02:43:09.385723,1.0,0.0,0.0,0.2,50.02,29.3,237.2,False
2025-01-16T02:43:09.540197,2.0,0.0,-0.8,0.1,50.03,29.3,239.3,False
2025-01-16T02:46:09.226145,0.0,3.8,0.0,2.0,49.99,54.3,235.3,False
2025-01-16T02:46:09.367428,1.0,0.0,-6.8,2.5,49.98,29.0,236.7,False
2025-01-16T02:46:09.506999,2.0,3.8,0.8,1.7,50.0,27.0,238.6,False
2025-01-16T02:49:09.228373,0.0,3.0,-1.5,1.2,49.99,55.1,235.0,False
2025-01-16T02:49:09.397609,1.0,1.5,-3.0,1.7,50.0,28.7,236.4,False
2025-01-16T02:49:09.515167,2.0,1.5,-4.5,1.8,50.0,28.6,238.3,False
2025-01-16T02:52:09.247741,0.0,0.8,0.0,0.6,50.0,55.5,234.7,False
2025-01-16T02:52:10.022802,1.0,0.0,-2.3,0.8,50.0,28.8,236.2,False
2025-01-16T02:52:10.708567,2.0,1.5,-0.0,0.6,49.99,28.3,238.1,False
2025-01-16T02:55:09.228775,0.0,1.5,2.3,1.3,50.0,56.4,234.8,False
2025-01-16T02:55:09.349308,1.0,0.8,-1.5,0.7,50.01,28.3,236.2,False
2025-01-16T02:55:09.457496,2.0,1.5,-0.8,0.6,50.0,28.1,238.2,False
2025-01-16T02:58:09.230270,0.0,0.0,-1.5,0.5,50.02,55.7,234.7,False
2025-01-16T02:58:09.390878,1.0,0.8,0.8,0.4,50.02,28.9,236.1,False
2025-01-16T02:58:09.508737,2.0,0.0,1.5,0.5,50.01,29.2,238.0,False
2025-01-16T03:01:09.229925,0.0,3.0,-1.5,1.5,49.98,54.9,234.5,False
2025-01-16T03:01:09.370185,1.0,0.8,-2.3,0.8,49.97,28.5,235.8,False
2025-01-16T03:01:09.504456,2.0,0.0,-0.8,0.6,49.97,29.2,237.7,False
2025-01-16T03:04:09.231301,0.0,3.0,-12.1,3.7,49.98,56.5,237.7,False
2025-01-16T03:04:09.346842,1.0,0.8,-17.4,4.4,49.98,27.4,239.2,False
2025-01-16T03:04:09.459707,2.0,3.0,-10.6,1.8,49.99,29.7,241.1,False
2025-01-16T03:07:09.272360,1.0,0.8,0.8,0.5,49.96,28.1,239.2,False
2025-01-16T03:07:09.402300,2.0,0.0,0.0,0.0,49.98,29.7,241.1,False
2025-01-16T03:10:09.233200,0.0,0.0,-2.3,0.7,50.01,56.3,237.9,False
2025-01-16T03:10:09.356331,1.0,1.5,0.0,0.7,50.02,28.5,239.5,False
2025-01-16T03:10:09.486816,2.0,1.5,-1.5,0.8,50.0,29.9,241.4,False
2025-01-16T03:13:09.236824,0.0,0.8,-1.5,0.7,50.02,55.7,238.0,False
2025-01-16T03:13:09.416084,1.0,3.0,0.0,1.3,50.03,28.8,239.5,False
2025-01-16T03:13:09.560544,2.0,1.5,-1.5,0.9,50.02,30.1,241.5,False
2025-01-16T03:16:09.235353,0.0,2.3,-2.3,1.4,49.99,56.6,238.0,False
2025-01-16T03:16:09.372196,1.0,4.5,0.0,1.9,50.0,28.9,239.4,False
2025-01-16T03:16:09.504419,2.0,1.5,-2.3,1.1,50.02,29.9,241.4,False
2025-01-16T03:19:09.242095,0.0,1.5,-3.0,1.3,49.97,56.6,237.8,False
2025-01-16T03:19:09.336270,1.0,3.8,0.8,1.6,49.99,27.6,239.2,False
2025-01-16T03:19:09.421517,2.0,2.3,-0.8,1.1,49.98,29.5,241.2,False
2025-01-16T03:22:09.238101,0.0,0.8,-2.3,0.6,49.97,56.2,238.2,False
2025-01-16T03:22:09.360959,1.0,2.3,0.0,1.0,49.97,28.5,239.6,False
2025-01-16T03:22:09.481738,2.0,0.8,0.0,0.4,49.97,29.6,241.5,False
2025-01-16T03:25:09.249800,0.0,0.0,0.8,0.2,50.02,55.7,238.3,False
2025-01-16T03:25:10.113207,1.0,1.5,0.8,0.7,50.03,27.4,239.9,False
2025-01-16T03:25:11.065669,2.0,0.8,-3.0,1.0,50.04,29.7,241.9,False
2025-01-16T03:28:09.240783,0.0,2.3,-0.8,0.9,50.02,56.2,238.5,False
2025-01-16T03:28:09.382207,1.0,0.0,0.0,0.1,50.03,28.0,240.0,False
2025-01-16T03:28:09.510934,2.0,0.8,0.8,0.4,50.02,28.7,242.0,False
2025-01-16T03:31:09.243634,0.0,1.5,-1.5,0.7,49.98,55.4,238.3,False
2025-01-16T03:31:09.389552,1.0,0.8,-0.8,0.4,49.99,27.4,239.7,False
2025-01-16T03:31:09.496576,2.0,0.0,-2.3,0.7,49.99,29.9,241.7,False
2025-01-16T03:34:09.242192,0.0,3.0,-6.8,2.7,49.99,56.7,237.4,False
2025-01-16T03:34:09.377978,1.0,5.3,-3.8,2.2,50.0,26.9,238.6,False
2025-01-16T03:34:09.511196,2.0,3.8,-3.0,2.5,49.99,29.8,240.9,False
2025-01-16T03:36:57.243901,0.0,3.8,-4.5,2.3,49.99,56.4,238.0,False
2025-01-16T03:36:57.377528,1.0,4.5,-3.8,2.0,49.99,28.1,239.5,False
2025-01-16T03:36:57.496219,2.0,1.5,-2.3,1.7,49.98,30.1,241.6,False
2025-01-16T03:39:57.244262,0.0,0.0,-6.1,2.1,49.99,56.4,238.5,False
2025-01-16T03:39:57.372615,1.0,1.5,0.0,0.7,49.99,28.5,240.0,False
2025-01-16T03:39:57.490926,2.0,4.5,-0.0,2.0,49.99,29.1,242.0,False
2025-01-16T03:42:57.245514,0.0,1.5,-5.3,2.0,49.98,56.2,238.2,False
2025-01-16T03:42:57.346050,1.0,1.5,-1.5,1.1,49.97,28.0,239.7,False
2025-01-16T03:42:57.443095,2.0,3.8,1.5,1.7,49.96,30.2,241.6,False
2025-01-16T03:45:57.247365,0.0,0.0,-3.0,1.0,49.98,56.2,238.5,False
2025-01-16T03:45:57.372321,1.0,0.8,-0.8,0.3,49.99,28.5,239.9,False
2025-01-16T03:45:57.479787,2.0,0.0,-1.5,0.3,49.99,30.1,242.0,False
2025-01-16T03:48:57.248076,0.0,0.8,0.8,0.5,50.01,56.8,238.5,False
2025-01-16T03:48:57.362202,1.0,0.0,-0.0,0.1,50.01,27.9,240.0,False
2025-01-16T03:48:57.472264,2.0,0.8,0.0,0.3,50.03,30.2,242.1,False
2025-01-16T03:51:57.251051,0.0,0.0,-0.8,0.2,50.0,56.1,238.1,False
2025-01-16T03:51:57.409490,1.0,0.0,-3.0,0.9,50.0,29.1,239.6,False
2025-01-16T03:51:57.524740,2.0,0.8,-1.5,0.3,50.01,29.3,241.6,False
2025-01-16T03:54:57.250767,0.0,1.5,1.5,0.8,50.01,57.1,238.1,False
2025-01-16T03:54:57.357182,1.0,0.0,-3.0,1.2,50.0,28.5,239.6,False
2025-01-16T03:54:57.467451,2.0,1.5,1.5,0.9,50.01,30.7,241.6,False
2025-01-16T03:57:57.253510,0.0,0.0,-0.8,0.2,50.01,57.1,237.8,False
2025-01-16T03:57:57.433510,1.0,0.0,-1.5,0.4,50.0,29.1,239.4,False
2025-01-16T03:57:57.565389,2.0,1.5,0.0,0.7,50.01,30.5,241.4,False
2025-01-16T04:00:57.253281,0.0,2.3,0.0,1.1,50.02,56.9,237.6,False
2025-01-16T04:00:57.421308,1.0,0.8,-3.8,1.4,50.03,28.1,239.2,False
2025-01-16T04:00:57.571345,2.0,3.8,-0.8,1.5,50.03,28.9,241.0,False
2025-01-16T04:03:57.254615,0.0,1.5,1.5,1.3,50.0,57.8,236.5,False
2025-01-16T04:03:57.412846,1.0,1.5,-5.3,1.4,50.0,29.3,237.9,False
2025-01-16T04:03:57.526738,2.0,0.0,-3.8,0.8,49.99,29.5,240.0,False
2025-01-16T04:06:57.254728,0.0,2.3,1.5,0.9,50.01,58.6,236.3,False
2025-01-16T04:06:57.367787,1.0,0.8,0.8,0.5,50.0,28.0,237.9,False
2025-01-16T04:06:57.482930,2.0,0.8,-1.5,0.6,50.0,29.7,239.8,False
2025-01-16T04:09:57.255352,0.0,3.0,-0.0,1.1,50.0,57.1,235.8,False
2025-01-16T04:09:57.369561,1.0,2.3,0.8,0.9,50.0,30.0,237.4,False
2025-01-16T04:09:57.483426,2.0,3.0,-1.5,1.4,50.0,29.8,239.3,False
2025-01-16T04:12:57.255687,0.0,0.8,0.0,0.4,49.98,57.7,235.7,False
2025-01-16T04:12:57.382375,1.0,1.5,-0.8,0.7,49.97,28.7,237.3,False
2025-01-16T04:12:57.478339,2.0,1.5,-2.3,1.0,49.99,29.5,239.1,False
2025-01-16T04:15:57.259151,0.0,0.8,-0.8,0.5,50.0,57.3,235.6,False
2025-01-16T04:15:57.399457,1.0,0.8,0.0,0.3,50.0,29.4,237.2,False
2025-01-16T04:15:57.515359,2.0,1.5,-1.5,0.9,50.0,29.3,239.1,False
2025-01-16T04:18:57.259122,0.0,2.3,-0.0,1.0,49.98,57.5,235.7,False
2025-01-16T04:18:57.391014,1.0,1.5,-1.5,0.8,49.99,28.6,237.3,False
2025-01-16T04:18:57.527764,2.0,0.0,-1.5,0.7,49.99,29.9,239.2,False
2025-01-16T04:21:57.261298,0.0,2.3,0.8,1.0,49.99,58.0,235.6,False
2025-01-16T04:21:57.426992,1.0,0.0,-1.5,0.5,50.0,29.2,237.2,False
2025-01-16T04:21:57.545442,2.0,0.8,-0.0,0.3,50.0,29.4,239.0,False
2025-01-16T04:24:45.260769,0.0,0.0,-1.5,0.6,49.99,58.0,235.6,False
2025-01-16T04:24:45.410307,1.0,2.3,-0.0,1.0,49.98,28.3,237.1,False
2025-01-16T04:24:45.554002,2.0,0.8,-2.3,1.0,49.99,28.7,239.0,False
2025-01-16T04:27:45.326284,0.0,54.0,-79.7,40.9,50.0,58.2,235.5,False
2025-01-16T04:27:45.472442,1.0,3.0,-39.3,16.6,50.0,29.0,237.1,False
2025-01-16T04:27:45.561956,2.0,9.1,-40.1,17.1,50.01,28.4,238.9,False
2025-01-16T04:28:09.381699,0.0,54.0,-79.7,40.9,50.01,58.3,235.8,False
2025-01-16T04:28:09.476605,1.0,3.8,-37.8,15.8,50.01,27.7,237.4,False
2025-01-16T04:28:09.562108,2.0,6.1,-40.1,16.8,50.01,27.5,239.2,False
2025-01-16T04:31:09.265191,0.0,0.8,-1.5,0.3,50.02,58.2,235.4,False
2025-01-16T04:31:09.413844,1.0,1.5,0.8,0.7,50.03,29.8,237.0,False
2025-01-16T04:31:09.561456,2.0,2.3,3.0,1.5,50.03,30.0,238.9,False
2025-01-16T04:34:09.689737,0.0,18.9,-35.5,17.3,49.99,59.3,235.6,False
2025-01-16T04:34:10.516329,1.0,7.6,-27.2,12.1,49.98,28.4,237.2,False
2025-01-16T04:34:11.412237,2.0,4.5,-24.2,10.5,49.98,29.4,239.1,False
2025-01-16T04:37:09.302204,1.0,3.0,-28.7,12.4,49.98,26.8,236.9,False
2025-01-16T04:37:09.464617,2.0,6.1,-28.0,12.3,49.98,28.6,238.8,False
2025-01-16T04:39:57.272162,0.0,0.8,-2.3,0.5,49.97,58.9,234.7,False
2025-01-16T04:39:57.425797,1.0,0.8,-1.5,0.5,49.98,27.3,236.4,False
2025-01-16T04:39:57.547276,2.0,1.5,-1.5,0.8,49.98,28.9,238.4,False
2025-01-16T04:42:57.273221,0.0,0.0,-0.8,0.2,49.99,58.7,234.4,False
2025-01-16T04:42:57.407820,1.0,0.8,-1.5,0.6,49.98,26.1,236.2,False
2025-01-16T04:42:57.509685,2.0,0.8,-1.5,0.5,49.98,27.9,238.1,False
2025-01-16T04:45:57.274788,0.0,0.8,-5.3,1.9,50.01,57.6,234.7,False
2025-01-16T04:45:57.418413,1.0,3.0,0.8,1.4,50.0,28.2,236.6,False
2025-01-16T04:45:57.532780,2.0,3.8,-0.8,1.7,50.0,27.4,238.3,False
2025-01-16T04:48:57.274129,0.0,3.0,0.8,1.4,49.98,57.3,234.5,False
2025-01-16T04:48:57.409716,1.0,1.5,-5.3,2.0,49.98,27.9,236.2,False
2025-01-16T04:48:57.537767,2.0,2.3,-0.8,1.1,49.98,27.1,238.0,False
2025-01-16T04:51:57.275658,0.0,2.3,0.8,1.2,49.98,58.6,234.7,False
2025-01-16T04:51:57.403475,1.0,0.0,-3.8,1.4,49.98,27.8,236.4,False
2025-01-16T04:51:57.529014,2.0,0.8,0.8,0.5,49.98,27.6,238.2,False
2025-01-16T04:54:57.278095,0.0,1.5,-2.3,0.4,49.99,58.5,234.0,False
2025-01-16T04:54:57.442304,1.0,2.3,-1.5,1.0,50.0,28.2,235.8,False
2025-01-16T04:54:57.561520,2.0,0.8,-3.8,1.2,50.0,27.6,237.6,False
2025-01-16T04:57:57.278248,0.0,0.8,-0.8,0.5,50.05,57.6,234.2,False
2025-01-16T04:57:57.396062,1.0,3.0,-1.5,1.4,50.04,27.8,236.0,False
2025-01-16T04:57:57.515876,2.0,2.3,-3.8,1.6,50.05,27.1,237.9,False
2025-01-16T05:00:57.279259,0.0,0.0,-1.5,0.5,50.1,57.6,234.7,False
2025-01-16T05:00:57.409595,1.0,1.5,-1.5,1.0,50.1,27.8,236.4,False
2025-01-16T05:00:57.545782,2.0,3.8,-0.0,1.6,50.1,26.0,238.4,False
2025-01-16T05:03:57.281992,0.0,3.0,-3.0,0.9,50.08,56.7,235.4,False
2025-01-16T05:03:57.433087,1.0,0.8,-1.5,0.5,50.08,27.5,237.3,False
2025-01-16T05:03:57.558609,2.0,0.8,-3.8,1.0,50.08,26.2,239.1,False
2025-01-16T05:06:20.188386,0.0,334.3,-565.7,280.0,50.01,57.1,234.8,False
2025-01-16T05:06:20.339292,1.0,68.1,-473.4,202.1,50.02,29.1,236.8,False
2025-01-16T05:06:20.471956,2.0,92.3,-470.4,201.0,50.0,27.0,238.6,False
2025-01-16T05:09:20.227355,1.0,3.0,-3.0,1.4,49.95,27.7,236.2,False
2025-01-16T05:09:20.339093,2.0,0.8,0.8,0.5,49.96,27.5,238.0,False
2025-01-16T05:12:20.191830,0.0,2.3,-3.0,1.5,49.94,56.6,234.3,False
2025-01-16T05:12:20.367647,1.0,1.5,-1.5,1.0,49.93,29.4,236.2,False
2025-01-16T05:12:20.484453,2.0,3.8,0.0,1.6,49.94,29.6,238.1,False
2025-01-16T05:15:20.192373,0.0,1.5,-4.5,1.6,50.0,56.2,234.6,False
2025-01-16T05:15:20.326539,1.0,2.3,0.0,1.0,49.98,29.9,236.4,False
2025-01-16T05:15:20.455155,2.0,3.8,-0.8,1.7,49.97,29.3,238.3,False
2025-01-16T05:18:20.194647,0.0,1.5,0.0,0.7,50.02,55.9,234.6,False
2025-01-16T05:18:20.340783,1.0,0.8,-3.8,1.6,50.03,30.6,236.4,False
2025-01-16T05:18:20.476119,2.0,3.8,1.5,1.8,50.05,27.4,238.1,False
2025-01-16T05:21:20.194135,0.0,1.5,-1.5,0.7,50.02,55.5,234.3,False
2025-01-16T05:21:20.305529,1.0,0.8,-1.5,0.9,50.02,29.9,236.1,False
2025-01-16T05:21:20.411121,2.0,3.0,-2.3,1.5,50.03,28.2,237.9,False
2025-01-16T05:24:08.197663,0.0,2.3,-12.9,2.5,49.99,55.2,237.4,False
2025-01-16T05:24:08.379554,1.0,0.0,-12.1,2.4,49.98,29.7,239.3,False
2025-01-16T05:24:08.493030,2.0,0.0,-12.9,2.9,49.98,28.1,240.9,False
2025-01-16T05:27:08.196059,0.0,2.3,-2.3,1.3,49.98,55.8,237.4,False
2025-01-16T05:27:08.286615,1.0,0.8,-0.8,0.5,49.98,29.7,239.1,False
2025-01-16T05:27:08.407247,2.0,2.3,0.8,1.0,49.98,28.8,241.0,False
2025-01-16T05:30:08.197113,0.0,1.5,-0.8,0.9,49.99,55.5,237.2,False
2025-01-16T05:30:08.312029,1.0,1.5,-1.5,0.9,49.99,29.6,239.1,False
2025-01-16T05:30:08.447533,2.0,1.5,-0.0,0.6,50.0,28.5,240.9,False
2025-01-16T05:33:08.200203,0.0,2.3,-2.3,0.8,50.01,55.7,236.8,False
2025-01-16T05:33:08.362858,1.0,1.5,1.5,1.2,50.01,28.0,238.6,False
2025-01-16T05:33:08.489178,2.0,2.3,-2.3,1.2,50.01,28.8,240.4,False
2025-01-16T05:36:08.431150,0.0,54.0,-79.7,40.9,49.99,58.0,237.3,False
2025-01-16T05:36:08.619044,1.0,11.3,-69.6,29.9,49.99,25.8,239.1,False
2025-01-16T05:36:08.766442,2.0,15.9,-61.3,26.7,49.98,26.1,240.9,False
2025-01-16T05:39:08.529208,1.0,11.3,-68.8,29.3,49.93,27.8,239.1,False
2025-01-16T05:39:08.650117,2.0,14.4,-63.5,27.3,49.94,28.2,240.7,False
2025-01-16T05:42:08.201297,0.0,2.3,-0.8,1.1,49.95,57.3,237.1,False
2025-01-16T05:42:08.327942,1.0,1.5,-2.3,1.1,49.95,26.9,239.0,False
2025-01-16T05:42:08.448627,2.0,2.3,0.8,1.0,49.96,28.5,240.8,False
2025-01-16T05:45:08.203737,0.0,1.5,-3.0,1.5,49.97,57.9,237.0,False
2025-01-16T05:45:08.355572,1.0,3.0,-1.5,1.4,49.98,27.3,238.9,False
2025-01-16T05:45:08.485834,2.0,2.3,0.8,1.0,49.97,27.2,240.6,False
2025-01-16T05:48:08.205431,0.0,0.8,-0.8,0.7,50.0,57.6,237.1,False
2025-01-16T05:48:08.337411,1.0,1.5,-0.0,0.7,49.99,26.9,239.0,False
2025-01-16T05:48:08.462055,2.0,0.8,0.0,0.4,50.0,27.4,240.9,False
2025-01-16T05:51:08.207814,0.0,0.8,-6.1,2.1,49.98,57.5,236.5,False
2025-01-16T05:51:08.377427,1.0,2.3,-2.3,1.0,49.98,27.2,238.4,False
2025-01-16T05:51:08.485304,2.0,2.3,0.8,1.1,49.99,27.6,240.2,False
2025-01-16T05:54:08.207895,0.0,0.8,-8.3,3.2,49.97,57.9,236.9,False
2025-01-16T05:54:08.326331,1.0,5.3,-0.8,2.2,49.98,28.3,238.9,False
2025-01-16T05:54:08.434135,2.0,3.0,-1.5,1.6,49.97,27.5,240.5,False
2025-01-16T05:57:08.209677,0.0,2.3,-6.1,2.4,50.01,57.9,236.5,False
2025-01-16T05:57:08.388566,1.0,3.8,-3.0,1.7,50.0,27.6,238.4,False
2025-01-16T05:57:08.512335,2.0,0.8,-2.3,1.3,49.99,26.8,240.1,False
2025-01-16T06:00:08.209845,0.0,3.0,-2.3,1.1,50.03,56.3,236.1,False
2025-01-16T06:00:08.346725,1.0,0.8,0.8,0.4,50.04,29.8,238.1,False
2025-01-16T06:00:08.487462,2.0,0.0,-4.5,1.6,50.04,28.5,239.8,False
2025-01-16T06:03:08.210811,0.0,1.5,0.8,0.7,50.09,57.7,236.2,False
2025-01-16T06:03:08.341956,1.0,0.8,-1.5,0.7,50.08,27.9,238.3,False
2025-01-16T06:03:08.462451,2.0,0.8,-1.5,0.8,50.09,27.1,239.9,False
2025-01-16T06:06:08.214673,0.0,2.3,-1.5,0.6,50.03,57.4,235.5,False
2025-01-16T06:06:08.386671,1.0,2.3,-3.0,2.0,50.05,27.3,237.6,False
2025-01-16T06:06:08.518257,2.0,3.8,-5.3,2.4,50.05,28.1,239.2,False
2025-01-16T06:08:56.287399,1.0,3.0,-0.8,1.3,49.98,26.5,237.6,False
2025-01-16T06:08:56.402560,2.0,0.0,-3.8,1.4,49.97,26.3,239.3,False
2025-01-16T06:11:56.213297,0.0,8.3,-6.1,4.6,49.97,57.0,234.8,False
2025-01-16T06:11:56.335084,1.0,7.6,3.0,3.3,49.97,33.4,236.8,False
2025-01-16T06:11:56.444945,2.0,2.3,-13.6,5.0,49.97,32.5,238.5,False
2025-01-16T06:14:56.215093,0.0,0.0,-1.5,0.8,49.96,57.2,234.7,False
2025-01-16T06:14:56.344528,1.0,0.8,-0.0,0.4,49.95,32.8,236.8,False
2025-01-16T06:14:56.447686,2.0,0.0,-0.8,0.1,49.97,32.5,238.3,False
2025-01-16T06:17:56.214465,0.0,9.8,5.3,4.8,49.96,57.6,235.3,False
2025-01-16T06:17:56.329119,1.0,4.5,-1.5,2.3,49.97,28.5,237.4,False
2025-01-16T06:17:56.427649,2.0,0.8,-11.3,4.2,49.96,26.8,239.0,False
2025-01-16T06:20:56.219130,0.0,9.8,8.3,5.4,49.99,56.6,235.7,False
2025-01-16T06:20:56.339260,1.0,5.3,-4.5,2.7,49.99,33.7,237.8,False
2025-01-16T06:20:56.435971,2.0,0.0,7.6,3.5,49.98,32.6,239.4,False
2025-01-16T06:23:56.217265,0.0,0.0,-8.3,3.8,50.01,57.7,235.9,False
2025-01-16T06:23:56.357244,1.0,2.3,-4.5,2.0,50.0,32.8,238.0,False
2025-01-16T06:23:56.505290,2.0,4.5,-1.5,1.9,50.01,33.4,239.6,False
2025-01-16T06:26:56.217992,0.0,1.5,-14.4,6.7,50.01,63.3,235.3,False
2025-01-16T06:26:56.348202,1.0,2.3,-6.8,2.5,50.01,36.6,237.3,False
2025-01-16T06:26:56.472994,2.0,4.5,3.0,1.9,50.01,37.4,238.9,False
2025-01-16T06:29:56.221231,0.0,12.9,-14.4,8.3,49.97,58.0,235.6,False
2025-01-16T06:29:56.395272,1.0,5.3,0.8,2.3,49.98,27.9,237.7,False
2025-01-16T06:29:56.512254,2.0,0.0,11.3,4.4,49.97,26.9,239.4,False
2025-01-16T06:32:56.220763,0.0,12.1,-0.8,5.0,49.98,57.9,235.4,False
2025-01-16T06:32:56.364455,1.0,0.0,0.0,0.3,49.99,31.2,237.4,False
2025-01-16T06:32:56.505022,2.0,0.8,-9.8,3.9,49.97,30.9,239.0,False
2025-01-16T06:35:56.221165,0.0,3.8,0.8,1.5,49.98,56.5,235.6,False
2025-01-16T06:35:56.346940,1.0,2.3,-0.8,0.9,49.99,31.5,237.5,False
2025-01-16T06:35:56.457454,2.0,0.0,-2.3,0.8,49.98,29.7,239.2,False
2025-01-16T06:38:56.297196,1.0,2.3,-0.0,0.9,49.97,28.5,237.5,False
2025-01-16T06:38:56.423148,2.0,0.8,-3.0,1.4,49.97,27.5,239.1,False
2025-01-16T06:41:56.225629,0.0,1.5,6.1,2.6,49.99,56.1,235.5,False
2025-01-16T06:41:56.393904,1.0,2.3,1.5,1.1,49.99,31.6,237.4,False
2025-01-16T06:41:56.505704,2.0,0.0,-3.8,1.6,49.98,29.9,239.1,False
2025-01-16T06:44:56.224296,0.0,2.3,-3.8,1.7,49.99,55.6,236.0,False
2025-01-16T06:44:56.337122,1.0,0.8,-3.8,1.1,50.0,32.4,238.0,False
2025-01-16T06:44:56.461358,2.0,0.8,0.0,0.5,49.99,31.4,239.6,False
2025-01-16T06:47:56.225011,0.0,0.8,-7.6,3.6,50.0,61.4,235.6,False
2025-01-16T06:47:56.353471,1.0,0.0,4.5,1.5,50.01,36.4,237.6,False
2025-01-16T06:47:56.481567,2.0,2.3,0.0,1.0,50.0,35.7,239.2,False
2025-01-16T06:50:56.227077,0.0,4.5,-9.8,4.3,49.98,57.9,235.3,False
2025-01-16T06:50:56.348117,1.0,1.5,-7.6,3.2,49.98,32.7,237.7,False
2025-01-16T06:50:56.462752,2.0,6.1,-3.8,3.0,49.98,34.0,239.2,False
2025-01-16T06:51:08.406601,0.0,45.4,-82.4,39.7,49.98,57.4,235.1,False
2025-01-16T06:51:08.547240,1.0,10.6,-67.3,28.5,49.98,32.0,237.4,False
2025-01-16T06:51:08.674523,2.0,12.9,-65.0,27.6,49.98,33.8,238.9,False
2025-01-16T06:54:08.311412,0.0,47.5,-11.1,20.8,49.98,56.7,235.3,False
2025-01-16T06:54:08.438092,1.0,3.0,-28.0,11.7,49.97,31.4,237.6,False
2025-01-16T06:54:08.585579,2.0,5.3,-28.7,12.1,49.98,32.2,239.1,False
2025-01-16T06:57:08.295259,0.0,37.1,-46.9,26.2,49.97,59.0,234.7,False
2025-01-16T06:57:08.479488,1.0,3.0,-28.7,13.1,49.98,30.8,236.5,False
2025-01-16T06:57:08.600760,2.0,3.0,-41.6,18.1,49.97,29.8,238.3,False
2025-01-16T07:00:08.235114,0.0,1.5,-5.3,3.1,50.01,58.4,235.3,False
2025-01-16T07:00:08.374602,1.0,1.5,-6.1,1.9,50.0,29.2,237.5,False
2025-01-16T07:00:08.522930,2.0,0.8,-3.0,0.7,50.01,27.4,239.0,False
2025-01-16T07:03:08.234729,0.0,10.6,1.5,4.3,50.04,57.0,234.5,False
2025-01-16T07:03:08.358635,1.0,5.3,-1.5,2.6,50.03,32.8,236.8,False
2025-01-16T07:03:08.477970,2.0,3.8,-11.3,4.5,50.03,33.5,238.4,False
2025-01-16T07:05:56.397563,0.0,143.4,-82.1,70.1,49.99,55.8,234.3,False
2025-01-16T07:05:56.513182,1.0,54.3,-60.5,34.3,49.99,32.5,236.3,False
2025-01-16T07:05:56.668006,2.0,17.4,-62.0,26.8,50.0,29.7,238.0,False
2025-01-16T07:07:20.556633,1.0,54.3,-60.5,34.3,50.01,37.5,235.6,False
2025-01-16T07:07:20.697479,2.0,16.6,-63.5,28.2,50.0,39.3,237.3,False
2025-01-16T07:10:20.238184,0.0,5.3,-0.8,2.1,49.97,56.5,234.3,False
2025-01-16T07:10:20.371428,1.0,3.8,4.5,1.9,49.99,30.5,236.5,False
2025-01-16T07:10:20.488606,2.0,5.3,2.3,2.4,49.99,29.0,238.0,False
2025-01-16T07:11:08.300777,0.0,47.5,-11.1,20.8,49.98,57.4,234.4,False
2025-01-16T07:14:08.326157,0.0,13.6,-34.8,16.9,49.99,54.3,233.5,False
2025-01-16T07:14:08.460623,1.0,1.5,-26.5,12.1,50.0,33.2,235.5,False
2025-01-16T07:14:08.572660,2.0,7.6,-22.7,10.9,49.99,31.0,237.2,False
2025-01-16T07:17:08.241167,0.0,1.5,-0.8,0.6,49.98,54.3,233.4,False
2025-01-16T07:17:08.368436,1.0,0.0,-0.8,0.4,49.98,33.7,235.4,False
2025-01-16T07:17:08.511618,2.0,0.8,-1.5,0.6,49.98,31.4,237.0,False
2025-01-16T07:20:08.241665,0.0,1.5,2.3,1.2,49.99,56.0,233.5,False
2025-01-16T07:20:08.434483,1.0,2.3,2.3,1.2,49.98,30.2,235.6,False
2025-01-16T07:20:08.614964,2.0,1.5,-0.0,0.7,49.99,30.0,237.1,False
2025-01-16T07:23:08.243886,0.0,3.0,-6.8,2.6,50.0,54.0,234.0,False
2025-01-16T07:23:08.369201,1.0,0.8,3.0,1.7,50.0,32.6,236.0,False
2025-01-16T07:23:08.510938,2.0,3.0,-3.8,1.8,50.0,29.3,237.6,False
2025-01-16T07:26:08.246462,0.0,0.0,-1.5,0.7,50.0,54.0,234.0,False
2025-01-16T07:26:08.424022,1.0,0.8,-1.5,0.7,50.0,33.0,236.1,False
2025-01-16T07:26:08.556755,2.0,0.8,0.8,0.5,49.99,28.2,237.5,False
2025-01-16T07:29:08.246477,0.0,3.0,-7.6,3.8,50.03,58.1,233.5,False
2025-01-16T07:29:08.360137,1.0,0.8,0.0,0.5,50.03,38.2,235.7,False
2025-01-16T07:29:08.489135,2.0,2.3,3.8,1.6,50.02,34.9,237.1,False
2025-01-16T07:32:08.248532,0.0,2.3,-9.8,4.3,50.01,53.9,233.4,False
2025-01-16T07:32:08.439867,1.0,0.0,0.8,0.3,50.0,33.4,235.6,False
2025-01-16T07:32:08.597789,2.0,1.5,-0.0,0.6,50.01,29.3,237.0,False
2025-01-16T07:35:08.252771,0.0,0.0,1.5,0.8,49.98,54.4,233.6,False
2025-01-16T07:35:08.405491,1.0,1.5,0.8,0.7,49.98,32.5,235.7,False
2025-01-16T07:35:08.556947,2.0,0.8,-2.3,0.8,49.98,29.2,237.3,False
2025-01-16T07:38:08.322591,1.0,3.8,-0.8,1.6,50.02,37.0,236.0,False
2025-01-16T07:38:08.455021,2.0,3.8,2.3,1.9,50.02,35.0,237.4,False
2025-01-16T07:40:56.250271,0.0,4.5,-14.4,6.3,49.98,55.7,233.6,False
2025-01-16T07:40:56.364412,1.0,2.3,1.5,1.2,49.98,31.8,235.8,False
2025-01-16T07:40:56.465544,2.0,0.8,3.0,1.3,49.98,29.2,237.3,False
2025-01-16T07:42:56.318834,0.0,145.2,-87.1,71.9,50.01,119.9,233.6,False
2025-01-16T07:42:56.486261,1.0,68.8,-447.7,192.2,50.01,25.8,235.9,False
2025-01-16T07:42:56.621125,1.0,54.3,-60.5,34.3,50.01,25.8,235.9,False
2025-01-16T07:42:56.748182,2.0,43.1,-441.7,187.1,50.01,135.5,237.4,False
2025-01-16T07:43:08.395286,0.0,145.2,-87.1,71.9,50.0,54.0,233.4,False
2025-01-16T07:43:08.525811,1.0,6.1,-431.1,183.1,50.0,31.8,235.6,False
2025-01-16T07:43:08.647425,2.0,31.8,-426.6,180.5,50.0,28.9,237.1,False
2025-01-16T07:43:20.426707,0.0,145.2,-87.1,71.9,50.0,54.1,233.4,False
2025-01-16T07:43:20.563238,1.0,96.6,-39.2,43.8,50.0,31.8,235.6,False
2025-01-16T07:43:20.701198,2.0,129.8,-74.2,62.5,50.0,30.2,237.2,False
2025-01-16T07:43:32.400315,0.0,54.0,-79.7,40.9,50.0,53.1,233.5,False
2025-01-16T07:43:32.524245,1.0,54.3,-60.5,34.3,50.01,37.7,235.7,False
2025-01-16T07:43:32.659405,2.0,25.7,-62.0,28.3,50.0,33.8,237.2,False
2025-01-16T07:45:32.465964,0.0,43.1,-466.6,200.8,50.0,120.4,233.3,False
2025-01-16T07:45:32.610960,1.0,81.7,-446.2,192.6,50.01,25.8,235.7,False
2025-01-16T07:45:32.737602,1.0,54.3,-60.5,34.3,50.01,25.8,235.7,False
2025-01-16T07:45:32.890228,2.0,56.0,-435.6,185.2,50.01,134.3,237.2,False
2025-01-16T07:45:56.402861,0.0,145.2,-87.1,71.9,50.0,54.8,233.4,False
2025-01-16T07:45:56.536460,1.0,62.8,-446.2,191.3,50.0,31.9,235.7,False
2025-01-16T07:45:56.661378,2.0,40.1,-440.2,186.4,49.99,28.6,237.2,False
2025-01-16T07:46:44.471361,0.0,54.0,-79.7,40.9,50.0,56.1,233.2,False
2025-01-16T07:46:44.612695,1.0,129.9,-60.7,60.4,50.0,42.7,235.4,False
2025-01-16T07:46:44.752619,2.0,35.5,-102.1,45.4,50.0,35.7,237.0,False
2025-01-16T07:49:44.455432,0.0,54.0,-79.7,40.9,50.0,55.5,233.4,False
2025-01-16T07:49:44.649052,1.0,129.9,-60.7,60.4,49.99,29.8,235.6,False
2025-01-16T07:49:44.790991,1.0,129.9,-60.7,60.4,49.99,29.8,235.6,False
2025-01-16T07:49:44.920893,2.0,31.8,-101.3,44.7,50.0,28.6,237.1,False
2025-01-16T07:52:08.433880,0.0,40.8,-13.6,18.3,50.01,54.1,233.5,False
2025-01-16T07:52:08.563678,1.0,42.7,-1.1,17.9,50.01,54.4,235.8,False
2025-01-16T07:52:08.687006,2.0,38.9,5.0,16.4,50.01,48.7,237.4,False
2025-01-16T07:52:08.814886,0.0,40.8,-4.5,17.6,50.01,54.6,233.5,False
2025-01-16T07:52:08.943037,1.0,42.7,-1.1,17.9,50.01,34.2,235.9,False
2025-01-16T07:52:09.070677,2.0,38.9,5.0,16.4,50.01,30.6,237.3,False
2025-01-16T07:53:56.457162,0.0,124.5,-8.8,52.9,50.01,55.8,233.7,False
2025-01-16T07:53:56.565325,1.0,137.6,-4.0,57.8,50.0,86.3,235.9,False
2025-01-16T07:53:56.666653,2.0,133.9,7.8,56.1,50.01,83.3,237.4,False
2025-01-16T07:54:20.511022,0.0,124.5,-8.8,52.9,50.01,54.4,233.6,False
2025-01-16T07:54:20.718957,1.0,137.6,-4.0,57.8,50.02,31.8,235.9,False
2025-01-16T07:54:20.866583,2.0,133.9,7.8,56.1,50.01,30.1,237.4,False
2025-01-16T07:57:20.495119,0.0,36.3,24.2,18.7,50.01,54.9,234.1,False
2025-01-16T07:57:20.647307,1.0,32.5,-50.7,25.9,50.02,36.5,236.5,False
2025-01-16T07:57:20.800203,2.0,10.6,-38.6,17.2,50.02,29.8,237.9,False
2025-01-16T07:57:20.934479,0.0,36.3,-28.0,19.6,50.02,53.4,234.1,False
2025-01-16T07:57:21.069742,1.0,54.3,-60.5,34.3,50.01,31.8,236.5,False
2025-01-16T07:57:21.186884,2.0,13.6,-40.1,17.8,50.02,29.5,237.9,False
2025-01-16T07:59:44.476143,0.0,54.0,-79.7,40.9,50.0,54.1,234.3,False
2025-01-16T07:59:44.597960,1.0,54.3,-60.5,34.3,50.01,28.1,236.7,False
2025-01-16T07:59:44.731038,2.0,12.1,-43.1,18.9,49.99,26.6,238.0,False
2025-01-16T08:00:44.551293,1.0,42.7,-1.1,17.9,49.99,46.8,236.4,False
2025-01-16T08:00:44.722320,2.0,60.4,5.8,25.3,49.97,42.0,237.8,False
2025-01-16T08:01:20.452787,0.0,54.0,-79.7,40.9,49.98,55.7,234.2,False
2025-01-16T08:01:20.591830,1.0,54.3,-60.5,34.3,49.98,31.1,236.6,False
2025-01-16T08:01:20.733769,1.0,54.3,-60.5,34.3,49.98,31.1,236.6,False
2025-01-16T08:01:20.877547,1.0,42.7,-1.1,17.9,49.98,31.1,236.6,False
2025-01-16T08:01:21.017436,2.0,18.2,-72.6,31.4,49.98,29.1,238.0,False
2025-01-16T08:01:44.477170,0.0,91.3,-7.7,38.8,49.96,51.0,234.0,False
2025-01-16T08:01:44.616296,1.0,108.4,1.2,45.7,49.97,65.3,236.3,False
2025-01-16T08:01:44.761072,2.0,99.1,7.0,41.5,49.96,57.5,237.7,False
2025-01-16T08:02:08.466544,0.0,91.3,-7.7,38.8,49.95,55.5,234.0,False
2025-01-16T08:02:08.600389,1.0,103.8,-3.2,43.6,49.97,31.0,236.3,False
2025-01-16T08:02:08.751522,1.0,108.4,1.2,45.7,49.97,31.0,236.3,False
2025-01-16T08:02:08.891568,2.0,99.1,7.0,41.5,49.96,30.0,237.8,False
2025-01-16T08:02:32.509484,0.0,91.3,-7.7,38.8,49.98,51.2,234.2,False
2025-01-16T08:02:32.677467,1.0,108.4,1.2,45.7,49.97,64.1,236.5,False
2025-01-16T08:02:32.824271,2.0,99.1,7.0,41.5,49.97,57.3,238.0,False
2025-01-16T08:02:44.441046,0.0,54.1,-5.2,23.0,49.98,52.0,234.1,False
2025-01-16T08:02:44.567038,1.0,63.7,-3.0,26.8,49.96,47.9,236.3,False
2025-01-16T08:02:44.695501,2.0,56.0,5.3,23.6,49.97,42.2,237.8,False
2025-01-16T08:03:08.472200,1.0,45.4,1.5,19.3,49.98,32.3,236.7,False
2025-01-16T08:03:08.574508,1.0,108.4,1.2,45.7,49.98,32.3,236.7,False
2025-01-16T08:03:08.694534,2.0,37.1,11.3,16.3,49.98,29.0,238.2,False
2025-01-16T08:03:08.806616,2.0,99.1,7.0,41.5,49.98,29.0,238.2,False
2025-01-16T08:05:20.453234,0.0,54.1,-5.2,23.0,49.96,51.2,234.0,False
2025-01-16T08:05:20.622095,1.0,63.7,-3.0,26.8,49.97,54.7,236.4,False
2025-01-16T08:05:20.760233,2.0,60.4,5.8,25.3,49.96,49.2,237.9,False
2025-01-16T08:05:32.481107,1.0,42.7,-1.1,17.9,49.96,64.9,236.2,False
2025-01-16T08:05:32.599347,2.0,60.4,5.8,25.3,49.96,60.0,237.7,False
2025-01-16T08:05:32.720776,0.0,91.3,-7.7,38.8,49.98,53.8,233.8,False
2025-01-16T08:05:32.849975,1.0,102.1,-3.0,43.3,49.98,33.6,236.2,False
2025-01-16T08:05:32.965634,1.0,63.7,-3.0,26.8,49.98,33.6,236.2,False
2025-01-16T08:05:33.089894,2.0,96.8,4.9,40.6,49.98,30.2,237.5,False
2025-01-16T08:05:44.366684,0.0,47.5,-11.1,20.8,49.97,54.4,233.7,False
2025-01-16T08:05:56.485223,0.0,91.3,-7.7,38.8,49.97,51.3,233.9,False
2025-01-16T08:05:56.589685,1.0,108.4,1.2,45.7,49.96,65.2,236.2,False
2025-01-16T08:05:56.724827,2.0,99.1,7.0,41.5,49.96,58.6,237.6,False
2025-01-16T08:06:20.456117,0.0,54.1,-5.2,23.0,49.98,51.8,234.0,False
2025-01-16T08:06:20.576826,2.0,53.7,10.6,23.1,49.99,40.9,237.8,False
2025-01-16T08:06:20.694689,1.0,42.7,-1.1,17.9,49.99,32.8,236.3,False
2025-01-16T08:06:20.839223,1.0,108.4,1.2,45.7,49.99,32.8,236.3,False
2025-01-16T08:08:44.474805,0.0,77.9,-12.9,33.9,50.01,57.1,233.8,False
2025-01-16T08:08:44.603682,1.0,108.4,1.2,45.7,49.99,67.6,236.1,False
2025-01-16T08:08:44.729014,2.0,93.0,21.9,40.2,50.01,64.3,237.6,False
2025-01-16T08:09:08.570205,0.0,54.0,-79.7,40.9,49.99,57.9,233.8,False
2025-01-16T08:09:08.712661,1.0,9.1,-56.0,24.2,50.01,35.5,236.1,False
2025-01-16T08:09:08.851804,1.0,108.4,1.2,45.7,50.01,35.5,236.1,False
2025-01-16T08:09:08.979579,2.0,12.1,-55.2,23.9,50.0,33.0,237.5,False
2025-01-16T08:09:09.131286,2.0,99.1,7.0,41.5,50.0,33.0,237.5,False
2025-01-16T08:09:09.265684,0.0,54.0,-79.7,40.9,50.03,58.2,233.7,False
2025-01-16T08:09:09.403891,1.0,54.3,-60.5,34.3,50.01,34.8,235.9,False
2025-01-16T08:09:09.544173,2.0,11.3,-55.2,23.9,50.02,33.2,237.3,False
2025-01-16T08:09:32.483140,0.0,87.7,-1.5,37.7,50.0,57.0,233.5,False
2025-01-16T08:09:32.626153,1.0,108.4,1.2,45.7,50.01,66.1,235.7,False
2025-01-16T08:09:32.765906,2.0,99.1,7.0,41.5,50.01,62.0,237.2,False
2025-01-16T08:09:44.553710,2.0,38.9,5.0,16.4,50.0,65.2,237.5,False
2025-01-16T08:09:44.680363,0.0,47.5,-11.1,20.8,49.98,57.0,233.9,False
2025-01-16T08:09:44.813593,1.0,64.3,-1.5,27.3,49.99,52.7,236.1,False
2025-01-16T08:09:44.932292,1.0,108.4,1.2,45.7,49.99,52.7,236.1,False
2025-01-16T08:09:45.047256,2.0,38.9,5.0,16.4,49.99,48.2,237.5,False
2025-01-16T08:10:44.493304,0.0,37.8,-40.8,24.3,50.01,55.5,234.4,False
2025-01-16T08:10:44.621697,1.0,50.7,-15.1,22.6,50.02,31.9,236.6,False
2025-01-16T08:10:44.735485,2.0,37.1,-3.8,15.8,50.02,33.9,238.0,False
2025-01-16T08:11:08.522634,0.0,56.7,-28.0,27.0,50.0,52.0,234.4,False
2025-01-16T08:11:08.663211,1.0,63.7,-3.0,26.8,50.01,51.3,236.6,False
2025-01-16T08:11:08.796891,2.0,60.4,5.8,25.3,50.01,45.6,238.0,False
2025-01-16T08:11:20.492749,0.0,43.1,-6.8,18.7,50.02,55.5,234.4,False
2025-01-16T08:11:20.606245,1.0,63.7,-3.0,26.8,50.0,31.8,236.7,False
2025-01-16T08:11:20.729123,2.0,60.4,5.8,25.3,50.0,32.8,238.0,False
2025-01-16T08:12:44.475497,1.0,38.6,21.2,18.5,49.99,47.7,236.3,False
2025-01-16T08:12:44.565550,2.0,28.0,-29.5,17.0,50.0,42.4,237.7,False
2025-01-16T08:13:08.474902,1.0,37.8,18.2,17.7,50.01,32.3,236.4,False
2025-01-16T08:13:08.588927,2.0,29.5,-27.2,16.9,50.02,32.2,237.8,False
2025-01-16T08:15:44.554753,0.0,12.1,-55.2,23.7,49.98,51.2,233.6,False
2025-01-16T08:15:44.713752,1.0,51.4,47.6,29.4,49.98,54.0,235.8,False
2025-01-16T08:15:44.890447,2.0,39.3,-60.5,30.1,49.98,47.6,237.2,False
2025-01-16T08:16:32.482301,0.0,12.1,-53.7,23.2,49.99,53.5,234.0,False
2025-01-16T08:16:32.602706,1.0,52.2,-48.4,30.0,50.0,31.8,236.2,False
2025-01-16T08:16:32.722826,2.0,37.8,-60.5,29.8,49.99,32.9,237.6,False
2025-01-16T08:16:56.468078,0.0,83.2,-8.3,35.9,50.0,51.4,233.9,False
2025-01-16T08:16:56.603649,1.0,103.8,-3.2,43.6,50.0,65.4,236.1,False
2025-01-16T08:16:56.724138,2.0,96.8,4.9,40.6,49.99,57.3,237.5,False
2025-01-16T08:17:08.502314,0.0,49.9,-3.8,21.2,49.98,52.0,233.6,False
2025-01-16T08:17:08.633328,1.0,64.3,-4.5,27.2,49.98,49.1,235.9,False
2025-01-16T08:17:08.787623,1.0,103.8,-3.2,43.6,49.98,49.1,235.9,False
2025-01-16T08:17:08.929273,2.0,62.0,9.8,26.4,49.99,42.4,237.3,False
2025-01-16T08:17:09.064025,2.0,99.1,7.0,41.5,49.99,42.4,237.3,False
2025-01-16T08:17:20.537806,1.0,45.4,2.3,19.3,50.0,32.9,236.2,False
2025-01-16T08:17:20.681812,2.0,34.8,9.8,15.3,49.99,32.7,237.4,False
2025-01-16T08:17:44.511657,0.0,87.0,-9.8,37.6,50.01,51.8,233.7,False
2025-01-16T08:17:44.614717,1.0,108.4,1.2,45.7,50.02,66.6,236.0,False
2025-01-16T08:17:44.740251,2.0,99.1,7.0,41.5,50.01,56.3,237.3,False
2025-01-16T08:17:56.433220,0.0,91.3,-7.7,38.8,50.02,51.8,234.0,False
2025-01-16T08:17:56.542203,1.0,64.3,2.3,27.3,50.03,47.6,236.3,False
2025-01-16T08:17:56.626216,1.0,108.4,1.2,45.7,50.03,47.6,236.3,False
2025-01-16T08:17:56.710026,2.0,56.0,10.6,24.1,50.03,42.3,237.7,False
2025-01-16T08:17:56.824804,2.0,99.1,7.0,41.5,50.03,42.3,237.7,False
2025-01-16T08:18:56.455176,0.0,37.8,-1.5,15.9,50.01,58.4,233.5,False
2025-01-16T08:18:56.551566,1.0,42.4,-0.0,17.9,50.01,36.5,235.8,False
2025-01-16T08:19:32.462955,0.0,47.5,-11.1,20.8,50.01,56.9,233.6,False
2025-01-16T08:19:32.569623,1.0,42.7,-1.1,17.9,50.0,50.7,235.8,False
2025-01-16T08:19:56.532841,1.0,42.7,-1.1,17.9,50.0,35.6,235.8,False
2025-01-16T08:19:56.636836,2.0,34.8,9.1,15.2,50.0,38.8,237.3,False
2025-01-16T08:20:32.459024,0.0,91.3,-7.7,38.8,50.0,49.7,233.9,False
2025-01-16T08:20:32.558137,1.0,103.8,-3.2,43.6,50.01,60.6,236.2,False
2025-01-16T08:20:32.672678,2.0,99.1,7.0,41.5,50.01,52.8,237.6,False
2025-01-16T08:20:44.553994,0.0,91.3,-7.7,38.8,50.01,53.0,234.1,False
2025-01-16T08:20:44.673037,1.0,44.6,-3.8,18.9,50.01,30.6,236.5,False
2025-01-16T08:20:44.845316,1.0,103.8,-3.2,43.6,50.01,30.6,236.5,False
2025-01-16T08:20:44.994957,2.0,37.8,8.3,16.3,50.01,33.8,237.8,False
2025-01-16T08:20:45.128793,2.0,99.1,7.0,41.5,50.01,33.8,237.8,False
2025-01-16T08:21:08.488115,0.0,91.3,-7.7,38.8,49.98,51.4,233.9,False
2025-01-16T08:21:08.595603,1.0,103.8,-3.2,43.6,49.98,65.1,236.2,False
2025-01-16T08:21:08.715741,2.0,99.1,7.0,41.5,49.98,58.7,237.7,False
2025-01-16T08:21:32.532891,0.0,52.2,-0.0,22.4,50.02,52.7,234.0,False
2025-01-16T08:21:32.655339,1.0,60.5,-4.5,25.7,50.02,47.1,236.4,False
2025-01-16T08:21:32.782380,1.0,103.8,-3.2,43.6,50.02,47.1,236.4,False
2025-01-16T08:21:32.902096,2.0,99.1,7.0,41.5,50.02,44.1,237.8,False
2025-01-16T08:22:08.404948,1.0,40.8,-2.3,17.3,50.0,31.9,236.2,False
2025-01-16T08:23:56.496959,0.0,80.9,-10.6,35.2,50.01,51.5,233.5,False
2025-01-16T08:23:56.644258,1.0,108.4,1.2,45.7,50.02,66.1,236.0,False
2025-01-16T08:23:56.780416,2.0,99.1,7.0,41.5,50.01,58.1,237.4,False
2025-01-16T08:24:20.566559,0.0,53.7,-0.8,23.1,50.02,52.3,233.6,False
2025-01-16T08:24:20.709624,1.0,43.9,0.8,18.6,50.02,33.2,236.3,False
2025-01-16T08:24:20.863192,1.0,108.4,1.2,45.7,50.02,33.2,236.3,False
2025-01-16T08:24:20.987459,2.0,35.5,9.8,15.5,50.02,33.2,237.6,False
2025-01-16T08:24:21.118038,2.0,99.1,7.0,41.5,50.02,33.2,237.6,False
2025-01-16T08:24:44.496259,0.0,84.7,-7.6,36.6,50.03,52.1,233.6,False
2025-01-16T08:24:44.618069,1.0,108.4,1.2,45.7,50.01,66.9,236.0,False
2025-01-16T08:24:44.742520,2.0,99.1,7.0,41.5,50.03,56.8,237.3,False
2025-01-16T08:24:56.517615,0.0,91.3,-7.7,38.8,50.02,52.1,233.9,False
2025-01-16T08:24:56.644356,1.0,67.3,-22.7,30.3,50.02,48.9,236.3,False
2025-01-16T08:24:56.787216,1.0,108.4,1.2,45.7,50.02,48.9,236.3,False
2025-01-16T08:24:56.918339,2.0,62.8,-19.7,27.9,50.02,44.8,237.6,False
2025-01-16T08:24:57.044339,2.0,99.1,7.0,41.5,50.02,44.8,237.6,False
2025-01-16T08:25:44.475705,1.0,43.1,16.6,19.5,50.02,32.7,236.6,False
2025-01-16T08:25:44.582375,2.0,38.9,5.0,16.4,50.02,33.8,237.9,False
2025-01-16T08:26:20.520290,0.0,54.1,-5.2,23.0,50.02,51.4,234.0,False
2025-01-16T08:26:20.701217,1.0,63.7,-3.0,26.8,50.02,52.7,236.4,False
2025-01-16T08:26:20.827282,2.0,60.4,5.8,25.3,50.02,46.4,237.8,False
2025-01-16T08:26:20.933928,0.0,54.1,-5.2,23.0,50.02,53.8,234.0,False
2025-01-16T08:26:21.032345,1.0,63.7,-3.0,26.8,50.02,32.8,236.4,False
2025-01-16T08:26:21.135803,2.0,60.4,5.8,25.3,50.01,34.2,237.8,False
2025-01-16T08:29:20.326809,0.0,3.8,-12.1,5.2,50.02,57.8,234.2,False
2025-01-16T08:29:20.473288,1.0,2.3,-0.8,1.0,50.01,35.5,236.4,False
2025-01-16T08:29:20.607057,2.0,0.8,-1.5,0.7,50.02,39.2,237.9,False
2025-01-16T08:30:44.466503,0.0,58.2,14.4,25.8,49.96,52.2,233.9,False
2025-01-16T08:30:44.600549,1.0,63.7,-3.0,26.8,49.97,54.1,236.2,False
2025-01-16T08:30:44.722475,2.0,60.4,5.8,25.3,49.95,50.2,237.7,False
2025-01-16T08:31:32.492802,0.0,51.4,-5.3,22.1,49.97,55.8,233.9,False
2025-01-16T08:31:32.610709,1.0,63.7,-3.0,26.8,49.97,30.8,236.3,False
2025-01-16T08:31:32.748970,2.0,60.4,5.8,25.3,49.97,34.6,237.8,False
2025-01-16T08:31:56.512416,0.0,91.3,-7.7,38.8,50.0,51.2,233.8,False
2025-01-16T08:31:56.659341,1.0,108.4,1.2,45.7,49.99,63.3,236.1,False
2025-01-16T08:31:56.761943,2.0,99.1,7.0,41.5,49.99,57.0,237.6,False
2025-01-16T08:32:20.486984,0.0,38.6,-13.6,17.5,49.99,54.8,233.9,False
2025-01-16T08:32:20.620530,1.0,44.6,-12.9,19.7,49.99,30.7,236.2,False
2025-01-16T08:32:20.756624,1.0,108.4,1.2,45.7,49.99,30.7,236.2,False
2025-01-16T08:32:20.878381,2.0,38.9,5.0,16.4,49.99,32.7,237.7,False
2025-01-16T08:32:20.989720,2.0,99.1,7.0,41.5,49.99,32.7,237.7,False
2025-01-16T08:32:44.468389,0.0,96.1,-18.2,41.7,49.98,50.8,234.0,False
2025-01-16T08:32:44.591882,1.0,103.8,-3.2,43.6,49.98,63.2,236.3,False
2025-01-16T08:32:44.725604,2.0,99.1,7.0,41.5,49.98,55.3,237.7,False
2025-01-16T08:32:56.497438,0.0,57.5,3.0,24.4,49.98,52.4,233.7,False
2025-01-16T08:32:56.616832,1.0,58.2,-6.1,24.7,49.96,48.4,236.0,False
2025-01-16T08:32:56.727542,1.0,103.8,-3.2,43.6,49.96,48.4,236.0,False
2025-01-16T08:32:56.823365,2.0,62.0,1.5,26.0,50.0,43.0,237.5,False
2025-01-16T08:32:56.914098,2.0,99.1,7.0,41.5,50.0,43.0,237.5,False
2025-01-16T08:33:56.518987,1.0,43.1,2.3,18.3,49.98,33.0,236.1,False
2025-01-16T08:33:56.649767,2.0,34.8,7.6,15.0,49.97,33.5,237.6,False
2025-01-16T08:34:08.430595,2.0,45.4,-9.8,19.5,49.99,30.9,237.5,False
2025-01-16T08:34:44.546125,1.0,42.7,-1.1,17.9,49.99,47.5,235.8,False
2025-01-16T08:34:44.702186,2.0,38.9,5.0,16.4,49.99,43.8,237.3,False
2025-01-16T08:34:56.577582,1.0,42.7,-1.1,17.9,50.01,32.5,235.8,False
2025-01-16T08:34:56.670423,2.0,38.9,5.0,16.4,49.99,30.1,237.2,False
2025-01-16T08:35:32.499238,0.0,81.7,-3.0,34.8,49.99,51.9,233.7,False
2025-01-16T08:35:32.617101,1.0,103.8,-3.2,43.6,50.01,65.2,236.0,False
2025-01-16T08:35:32.729206,2.0,99.1,7.0,41.5,50.01,62.2,237.5,False
2025-01-16T08:35:44.489582,0.0,49.9,2.3,21.6,50.01,52.1,234.0,False
2025-01-16T08:35:44.609121,1.0,63.5,-1.5,27.0,50.0,47.4,236.3,False
2025-01-16T08:35:44.731922,1.0,103.8,-3.2,43.6,50.0,47.4,236.3,False
2025-01-16T08:35:44.882295,2.0,99.1,7.0,41.5,50.01,43.1,237.8,False
2025-01-16T08:35:45.002505,1.0,43.9,-1.5,18.6,50.0,32.5,236.2,False
2025-01-16T08:35:45.137163,2.0,37.8,9.1,16.4,49.99,29.9,237.7,False
2025-01-16T08:36:08.512079,0.0,85.5,-1.5,36.7,50.01,51.7,233.8,False
2025-01-16T08:36:08.656730,1.0,108.4,1.2,45.7,50.01,65.5,236.0,False
2025-01-16T08:36:08.779202,2.0,99.1,7.0,41.5,50.01,61.7,237.5,False
2025-01-16T08:36:32.557412,0.0,52.9,-2.3,22.4,50.0,51.9,233.3,False
2025-01-16T08:36:32.681681,1.0,64.3,-5.3,27.2,49.99,47.7,235.5,False
2025-01-16T08:36:32.797583,1.0,108.4,1.2,45.7,49.99,47.7,235.5,False
2025-01-16T08:36:32.915943,2.0,99.1,7.0,41.5,49.98,42.4,237.1,False
2025-01-16T08:37:32.494803,1.0,43.9,-0.8,18.7,50.01,32.1,235.9,False
2025-01-16T08:37:32.627686,2.0,37.1,8.3,16.0,50.01,29.1,237.3,False
2025-01-16T08:37:32.752619,2.0,96.8,4.9,40.6,50.01,29.1,237.3,False
2025-01-16T08:38:08.530932,1.0,42.7,-1.1,17.9,50.03,46.7,236.0,False
2025-01-16T08:38:08.646082,2.0,38.9,5.0,16.4,50.0,41.7,237.5,False
2025-01-16T08:38:32.534624,1.0,42.7,-1.1,17.9,50.0,32.8,236.1,False
2025-01-16T08:38:32.657586,2.0,38.9,5.0,16.4,49.99,28.6,237.5,False
2025-01-16T08:38:56.487470,0.0,89.2,-3.8,37.9,49.97,50.7,234.2,False
2025-01-16T08:38:56.598936,1.0,108.4,1.2,45.7,49.98,63.0,236.5,False
2025-01-16T08:38:56.720421,2.0,99.1,7.0,41.5,50.02,58.4,238.0,False
2025-01-16T08:39:08.566023,0.0,71.8,-66.6,41.6,50.01,59.8,234.0,False
2025-01-16T08:39:08.690537,1.0,17.4,-70.3,30.5,50.01,71.3,236.3,False
2025-01-16T08:39:08.814713,1.0,108.4,1.2,45.7,50.01,71.3,236.3,False
2025-01-16T08:39:08.956383,2.0,27.2,-79.4,35.1,50.01,69.4,237.8,False
2025-01-16T08:39:09.092338,0.0,62.8,-78.7,43.2,50.06,57.5,233.8,False
2025-01-16T08:39:09.227211,1.0,25.0,-65.0,29.5,50.03,69.7,236.2,False
2025-01-16T08:39:09.362267,2.0,28.0,-64.3,29.6,50.05,66.7,237.7,False
2025-01-16T08:39:21.255856,0.0,91.3,-7.7,38.8,50.03,58.2,233.8,False
2025-01-16T08:39:21.581402,1.0,110.4,1.5,46.8,50.0,36.0,236.1,False
2025-01-16T08:39:21.735386,2.0,99.1,7.0,41.5,50.01,35.5,237.6,False
2025-01-16T08:39:44.497181,0.0,91.3,-7.7,38.8,49.99,57.8,233.3,False
2025-01-16T08:39:44.617798,1.0,108.4,1.2,45.7,50.01,69.0,235.8,False
2025-01-16T08:39:44.753547,2.0,99.1,7.0,41.5,50.0,64.0,237.1,False
2025-01-16T08:39:56.472309,0.0,27.2,-39.3,20.6,50.0,57.6,233.4,False
2025-01-16T08:39:56.593270,0.0,54.1,-5.2,23.0,50.0,56.3,233.3,False
2025-01-16T08:39:56.730171,0.0,47.5,-11.1,20.8,50.0,56.3,233.3,False
2025-01-16T08:39:56.866777,0.0,54.0,-79.7,40.9,50.0,56.3,233.3,False
2025-01-16T08:39:57.011129,1.0,47.6,31.8,24.4,50.0,54.0,235.5,False
2025-01-16T08:39:57.145564,1.0,108.4,1.2,45.7,50.0,54.0,235.5,False
2025-01-16T08:39:57.261426,2.0,50.7,29.5,24.8,50.0,50.8,237.0,False
2025-01-16T08:40:20.509038,0.0,28.7,-45.4,23.4,50.02,56.6,233.6,False
2025-01-16T08:40:20.644724,1.0,54.3,-60.5,34.3,50.0,55.0,236.0,False
2025-01-16T08:40:20.775839,2.0,8.3,-36.3,16.1,50.0,52.8,237.5,False
2025-01-16T08:40:44.532213,1.0,39.2,63.4,31.5,50.0,31.3,236.0,False
2025-01-16T08:40:44.645837,2.0,38.3,74.0,34.6,50.02,30.1,237.6,False
2025-01-16T08:40:44.784216,2.0,99.1,7.0,41.5,50.02,30.1,237.6,False
2025-01-16T08:43:44.306703,0.0,10.6,-30.3,13.7,50.01,53.9,233.8,False
2025-01-16T08:43:44.438260,1.0,6.1,-17.4,7.8,50.04,32.3,236.1,False
2025-01-16T08:43:44.557284,2.0,3.0,-16.6,7.1,50.03,29.9,237.6,False
2025-01-16T08:45:56.409553,0.0,47.5,-11.1,20.8,49.99,49.6,233.7,False
2025-01-16T08:46:20.540559,0.0,47.5,-11.1,20.8,49.98,50.5,233.8,False
2025-01-16T08:46:20.673461,1.0,6.8,-47.6,20.5,49.97,38.4,236.1,False
2025-01-16T08:46:20.811491,2.0,11.3,-49.2,21.3,49.98,28.9,237.6,False
2025-01-16T08:47:56.522643,0.0,54.0,-79.7,40.9,50.0,50.7,233.8,False
2025-01-16T08:47:56.638946,1.0,54.3,-60.5,34.3,49.99,37.1,236.0,False
2025-01-16T08:47:56.747540,2.0,12.9,-42.4,18.7,49.99,26.7,237.5,False
2025-01-16T08:50:56.308346,0.0,6.8,-1.5,3.2,50.01,52.7,234.1,False
2025-01-16T08:50:56.443035,1.0,9.1,-13.6,6.7,50.01,38.1,236.4,False
2025-01-16T08:50:56.564945,2.0,2.3,-11.3,4.5,50.02,29.2,238.0,False
2025-01-16T08:51:20.526562,0.0,54.0,-79.7,40.9,50.02,49.8,233.7,False
2025-01-16T08:51:20.672390,1.0,54.3,-60.5,34.3,50.03,39.1,236.0,False
2025-01-16T08:51:20.812462,2.0,10.6,-49.9,21.2,50.01,29.4,237.6,False
2025-01-16T08:52:08.595452,0.0,54.0,-79.7,40.9,50.01,52.6,233.1,False
2025-01-16T08:52:08.741017,1.0,54.3,-60.5,34.3,50.02,39.6,235.4,False
2025-01-16T08:52:08.895835,2.0,9.8,-45.4,20.1,50.02,29.4,236.9,False
2025-01-16T08:54:32.525455,0.0,54.0,-79.7,40.9,50.01,51.8,233.9,False
2025-01-16T08:54:32.657855,1.0,36.3,-133.1,59.0,50.02,46.6,236.0,False
2025-01-16T08:54:32.785198,2.0,6.8,-114.2,48.7,50.02,32.2,237.5,False
2025-01-16T08:54:32.903248,0.0,54.0,-79.7,40.9,50.02,50.5,234.0,False
2025-01-16T08:54:33.017087,1.0,35.5,-130.1,57.1,50.03,38.7,236.1,False
2025-01-16T08:54:33.137511,2.0,129.8,-74.2,62.5,50.02,27.6,237.6,False
2025-01-16T08:54:33.271596,2.0,129.8,-74.2,62.5,50.02,27.6,237.6,False
2025-01-16T08:55:44.490375,0.0,87.7,-2.3,37.7,50.02,49.8,233.8,False
2025-01-16T08:55:44.611664,1.0,103.8,-3.2,43.6,50.02,68.3,236.0,False
2025-01-16T08:55:44.739470,2.0,99.1,7.0,41.5,50.03,58.8,237.5,False
2025-01-16T08:55:44.912867,0.0,83.2,0.0,35.6,50.02,54.5,233.8,False
2025-01-16T08:55:45.073798,1.0,92.3,1.5,39.1,50.02,87.7,236.0,False
2025-01-16T08:55:45.199123,2.0,96.8,4.9,40.6,50.01,81.2,237.4,False
2025-01-16T08:55:56.528898,1.0,37.8,2.3,16.1,50.02,81.8,236.2,False
2025-01-16T08:55:56.651438,2.0,36.3,4.5,15.5,50.02,75.0,237.6,False
2025-01-16T08:55:56.774805,0.0,136.9,-2.3,58.6,50.01,50.0,234.1,False
2025-01-16T08:55:56.898616,1.0,159.6,-0.0,67.6,50.01,37.5,236.3,False
2025-01-16T08:55:57.015521,1.0,103.8,-3.2,43.6,50.01,37.5,236.3,False
2025-01-16T08:55:57.163355,2.0,133.8,9.0,55.9,50.01,28.3,237.8,False
2025-01-16T08:55:57.300981,2.0,99.1,7.0,41.5,50.01,28.3,237.8,False
2025-01-16T08:57:44.506110,0.0,124.5,-8.8,52.9,50.01,53.9,234.0,False
2025-01-16T08:57:44.612829,1.0,137.6,-4.0,57.8,50.01,87.1,236.5,False
2025-01-16T08:57:44.734100,2.0,190.6,30.3,81.2,50.01,82.3,237.8,False
2025-01-16T08:57:44.856980,0.0,124.5,-8.8,52.9,50.0,51.3,234.0,False
2025-01-16T08:57:44.979446,1.0,137.6,-4.0,57.8,50.0,60.9,236.4,False
2025-01-16T08:57:45.104848,2.0,133.9,19.7,56.9,50.01,52.7,237.7,False
2025-01-16T08:57:45.207936,0.0,124.5,-8.8,52.9,50.02,53.7,234.0,False
2025-01-16T08:57:45.312336,1.0,137.6,-4.0,57.8,50.01,85.0,236.5,False
2025-01-16T08:57:45.414103,2.0,121.8,18.2,51.8,50.02,81.0,237.8,False
2025-01-16T08:57:45.512896,0.0,124.5,-8.8,52.9,50.01,50.0,234.2,False
2025-01-16T08:57:45.625566,1.0,137.6,-4.0,57.8,50.0,38.0,236.6,False
2025-01-16T08:57:45.752622,2.0,177.0,27.2,75.3,50.01,29.2,237.9,False
2025-01-16T08:58:56.498319,0.0,124.5,-8.8,52.9,50.0,53.8,234.2,False
2025-01-16T08:58:56.636368,1.0,137.6,-4.0,57.8,49.99,87.0,236.5,False
2025-01-16T08:58:56.755174,2.0,190.6,26.5,80.9,50.0,82.0,237.9,False
2025-01-16T08:59:08.609529,0.0,124.5,-8.8,52.9,50.02,50.7,234.0,False
2025-01-16T08:59:08.759528,1.0,137.6,-4.0,57.8,50.01,38.2,236.3,False
2025-01-16T08:59:08.892534,2.0,192.1,27.2,81.6,50.02,28.9,237.7,False
2025-01-16T09:00:44.548825,1.0,42.7,-1.1,17.9,49.93,58.7,235.8,False
2025-01-16T09:00:44.681206,2.0,38.9,5.0,16.4,49.94,45.9,237.3,False
2025-01-16T09:00:56.628284,2.0,60.4,5.8,25.3,49.91,44.7,237.3,False
2025-01-16T09:00:56.767492,1.0,63.7,-3.0,26.8,49.9,65.9,235.7,False
2025-01-16T09:01:08.502281,2.0,55.2,-7.6,23.4,49.91,50.2,237.4,False
2025-01-16T09:01:20.631743,0.0,54.1,-5.2,23.0,49.92,53.2,234.0,False
2025-01-16T09:01:20.770440,1.0,63.7,-3.0,26.8,49.91,39.7,236.2,False
2025-01-16T09:01:20.937963,2.0,60.4,5.8,25.3,49.92,30.7,237.6,False
2025-01-16T09:01:44.597897,0.0,83.9,-6.1,36.2,49.91,52.5,233.9,False
2025-01-16T09:01:44.764668,1.0,103.8,-3.2,43.6,49.9,74.2,236.1,False
2025-01-16T09:01:44.900036,2.0,99.1,7.0,41.5,49.91,58.5,237.5,False
2025-01-16T09:01:56.614587,0.0,67.3,-2.3,29.0,49.9,55.6,233.7,False
2025-01-16T09:01:56.767767,1.0,63.7,-3.0,26.8,49.91,91.6,235.9,False
2025-01-16T09:01:56.933090,2.0,60.4,5.8,25.3,49.9,73.9,237.3,False
2025-01-16T09:02:08.656282,0.0,69.6,-5.3,29.9,49.91,52.6,233.7,False
2025-01-16T09:02:08.821672,1.0,80.2,-1.5,34.0,49.91,72.8,235.9,False
2025-01-16T09:02:09.016174,1.0,54.3,-60.5,34.3,49.91,72.8,235.9,False
2025-01-16T09:02:09.181592,2.0,76.4,6.8,32.4,49.92,57.1,237.4,False
2025-01-16T09:02:20.589370,0.0,91.3,-7.7,38.8,49.92,53.0,234.0,False
2025-01-16T09:02:20.735129,1.0,103.8,-3.2,43.6,49.93,41.7,236.3,False
2025-01-16T09:02:20.885850,2.0,99.1,7.0,41.5,49.93,32.9,237.8,False
2025-01-16T09:02:21.030600,0.0,91.3,-7.7,38.8,49.94,52.4,233.9,False
2025-01-16T09:02:21.180699,1.0,103.8,-3.2,43.6,49.91,73.7,236.2,False
2025-01-16T09:02:21.324199,2.0,99.1,7.0,41.5,49.94,58.0,237.7,False
2025-01-16T09:02:44.557885,0.0,86.2,-9.8,36.9,49.93,56.2,234.1,False
2025-01-16T09:02:44.688431,1.0,97.6,-0.8,41.2,49.92,95.1,236.4,False
2025-01-16T09:02:44.817181,2.0,87.7,8.3,37.0,49.93,76.2,237.9,False
2025-01-16T09:02:44.944895,0.0,56.0,-6.8,24.2,49.93,54.0,234.2,False
2025-01-16T09:02:45.096938,1.0,65.0,-0.0,27.6,49.93,82.2,236.5,False
2025-01-16T09:02:45.238142,2.0,58.2,7.6,24.7,49.94,65.7,237.9,False
2025-01-16T09:02:56.560442,0.0,145.2,-87.1,71.9,49.93,52.2,233.9,False
2025-01-16T09:02:56.713094,1.0,115.7,-71.1,57.4,49.94,57.9,236.2,False
2025-01-16T09:02:56.866166,1.0,63.7,-3.0,26.8,49.94,57.9,236.2,False
2025-01-16T09:02:57.000191,2.0,96.8,4.9,40.6,49.92,43.8,237.7,False
2025-01-16T09:02:57.142254,0.0,90.0,-87.7,53.4,49.92,52.3,234.3,False
2025-01-16T09:02:57.279573,1.0,54.3,-60.5,34.3,49.92,67.5,236.5,False
2025-01-16T09:02:57.414106,2.0,96.8,4.9,40.6,49.92,52.9,238.0,False
2025-01-16T09:03:08.636371,1.0,42.7,-1.1,17.9,49.93,57.0,236.4,False
2025-01-16T09:03:08.771040,2.0,38.9,5.0,16.4,49.92,43.3,237.9,False
2025-01-16T09:03:20.635225,1.0,43.9,-0.0,18.6,49.92,42.5,236.7,False
2025-01-16T09:03:20.786774,1.0,103.8,-3.2,43.6,49.92,42.5,236.7,False
2025-01-16T09:03:20.920473,2.0,60.4,5.8,25.3,49.93,32.0,238.2,False
2025-01-16T09:04:08.659181,0.0,61.3,-10.6,27.3,49.94,49.7,233.7,False
2025-01-16T09:04:08.829236,1.0,81.7,3.8,34.8,49.95,63.5,235.8,False
2025-01-16T09:04:09.010810,2.0,60.4,5.8,25.3,49.93,48.5,237.3,False
2025-01-16T09:04:09.191704,0.0,91.3,-7.7,38.8,49.95,50.9,233.8,False
2025-01-16T09:04:09.371140,1.0,79.4,-0.8,33.7,49.94,39.9,235.9,False
2025-01-16T09:04:09.514172,2.0,99.1,7.0,41.5,49.94,30.0,237.4,False
2025-01-16T09:04:20.619333,0.0,39.3,-1.5,16.9,49.95,49.0,233.7,False
2025-01-16T09:04:20.763150,1.0,42.7,-1.1,17.9,49.95,54.9,235.9,False
2025-01-16T09:04:20.917637,2.0,38.9,5.0,16.4,49.96,41.4,237.3,False
2025-01-16T09:04:21.055157,0.0,40.1,-3.8,17.2,49.95,50.3,233.7,False
2025-01-16T09:04:21.215497,1.0,42.7,-1.1,17.9,49.95,39.2,235.8,False
2025-01-16T09:04:21.380103,2.0,38.9,5.0,16.4,49.95,29.7,237.2,False
2025-01-16T09:07:20.363378,1.0,0.8,-0.8,0.7,50.0,37.7,236.1,False
2025-01-16T09:07:20.501475,2.0,3.8,2.3,1.8,49.99,28.9,237.3,False
2025-01-16T09:10:20.331468,0.0,5.3,-10.6,5.0,49.99,54.0,233.9,False
2025-01-16T09:10:20.525335,1.0,0.8,1.5,0.7,49.99,43.8,236.1,False
2025-01-16T09:10:20.670181,2.0,0.8,0.8,0.5,49.99,32.5,237.4,False
2025-01-16T09:13:20.330416,0.0,0.0,-18.9,8.3,50.03,51.7,234.1,False
2025-01-16T09:13:20.467185,1.0,0.8,4.5,1.8,50.03,39.3,236.3,False
2025-01-16T09:13:20.580199,2.0,0.0,1.5,0.5,50.03,30.6,237.6,False
2025-01-16T09:14:08.551661,0.0,28.7,-43.1,22.2,50.0,48.8,234.1,False
2025-01-16T09:14:08.673955,1.0,54.3,-60.5,34.3,50.01,37.5,236.3,False
2025-01-16T09:14:08.836373,2.0,15.9,-37.1,17.0,50.01,28.4,237.7,False
2025-01-16T09:17:08.331199,0.0,4.5,1.5,2.0,50.0,48.7,233.8,False
2025-01-16T09:17:08.476203,1.0,1.5,0.8,0.7,49.98,39.6,236.1,False
2025-01-16T09:17:08.638047,2.0,1.5,-2.3,1.0,49.99,29.3,237.5,False
2025-01-16T09:19:56.534261,0.0,26.5,-62.0,28.5,50.0,54.9,234.1,False
2025-01-16T09:19:56.641027,1.0,54.3,-60.5,34.3,49.99,45.8,236.4,False
2025-01-16T09:19:56.754785,2.0,38.9,5.0,16.4,49.99,34.1,237.8,False
2025-01-16T09:21:44.581821,1.0,42.7,-1.1,17.9,50.02,55.5,236.5,False
2025-01-16T09:21:44.778557,2.0,43.9,3.0,18.5,50.02,40.9,237.8,False
2025-01-16T09:21:44.926227,0.0,42.4,-6.8,18.3,50.02,49.7,234.2,False
2025-01-16T09:21:45.066102,1.0,42.7,-1.1,17.9,50.01,39.3,236.5,False
2025-01-16T09:21:45.202553,2.0,38.9,5.0,16.4,50.01,29.3,237.8,False
2025-01-16T09:21:56.607627,1.0,42.7,-1.1,17.9,50.02,52.2,236.6,False
2025-01-16T09:21:56.736304,1.0,42.7,-1.1,17.9,49.99,38.4,236.5,False
2025-01-16T09:24:56.333669,0.0,14.4,-9.8,7.1,49.99,48.7,234.3,False
2025-01-16T09:24:56.461725,1.0,1.5,-0.8,0.8,49.99,38.2,236.6,False
2025-01-16T09:24:56.590354,2.0,0.0,-2.3,1.2,50.0,29.5,237.9,False
2025-01-16T09:25:32.536704,0.0,124.5,-8.8,52.9,50.02,53.1,234.5,False
2025-01-16T09:25:32.673714,1.0,203.4,-0.8,86.0,50.02,88.3,236.7,False
2025-01-16T09:25:32.800270,2.0,194.4,26.5,82.4,50.02,72.1,238.1,False
2025-01-16T09:25:32.916334,0.0,124.5,-8.8,52.9,50.02,46.4,234.5,False
2025-01-16T09:25:33.029658,1.0,202.7,-1.5,85.7,50.01,38.6,236.7,False
2025-01-16T09:25:33.132764,2.0,195.1,27.2,82.8,50.02,28.7,238.1,False
2025-01-16T09:25:56.568981,0.0,91.3,-7.7,38.8,50.01,46.2,234.5,False
2025-01-16T09:25:56.716733,1.0,103.8,-3.2,43.6,50.0,66.4,236.7,False
2025-01-16T09:25:56.860322,2.0,99.1,7.0,41.5,50.0,50.5,238.0,False
2025-01-16T09:26:08.437443,0.0,49.2,-3.0,21.0,50.0,46.0,234.4,False
2025-01-16T09:26:20.573831,1.0,43.9,-0.0,18.6,50.01,37.9,236.6,False
2025-01-16T09:26:20.718592,1.0,103.8,-3.2,43.6,50.01,37.9,236.6,False
2025-01-16T09:26:20.854611,2.0,60.4,5.8,25.3,50.02,28.8,238.0,False
2025-01-16T09:26:32.555952,0.0,47.5,-11.1,20.8,50.0,48.1,234.4,False
2025-01-16T09:26:32.674062,1.0,42.7,-1.1,17.9,50.02,49.0,236.6,False
2025-01-16T09:26:32.797650,2.0,38.9,5.0,16.4,50.02,37.4,238.0,False
2025-01-16T09:26:32.914290,1.0,42.7,-1.1,17.9,50.01,37.1,236.7,False
2025-01-16T09:26:33.040570,2.0,38.9,5.0,16.4,50.02,28.4,238.1,False
2025-01-16T09:26:56.553224,0.0,124.5,-8.8,52.9,50.01,48.3,234.7,False
2025-01-16T09:26:56.703165,1.0,137.6,-4.0,57.8,50.01,72.1,236.8,False
2025-01-16T09:26:56.826473,2.0,133.8,9.0,55.9,50.03,57.2,238.2,False
2025-01-16T09:27:20.534651,0.0,124.5,-8.8,52.9,50.01,48.3,234.3,False
2025-01-16T09:27:20.650979,1.0,137.6,-4.0,57.8,50.01,37.9,236.5,False
2025-01-16T09:27:20.748907,2.0,133.8,9.0,55.9,50.02,29.2,238.0,False
2025-01-16T09:27:32.556373,0.0,89.2,-3.0,38.2,50.0,47.8,234.2,False
2025-01-16T09:27:32.672331,1.0,103.8,-3.2,43.6,50.01,66.2,236.4,False
2025-01-16T09:27:32.795278,2.0,97.6,15.1,41.6,50.0,51.8,237.9,False
2025-01-16T09:27:32.903134,0.0,57.5,-2.3,24.5,50.02,47.4,234.2,False
2025-01-16T09:27:33.022394,1.0,62.0,1.5,26.3,50.01,49.0,236.3,False
2025-01-16T09:27:33.134252,1.0,103.8,-3.2,43.6,50.01,49.0,236.3,False
2025-01-16T09:27:33.247841,2.0,59.7,6.1,25.2,50.02,39.0,237.8,False
2025-01-16T09:27:44.553146,0.0,124.5,-8.8,52.9,50.0,50.5,234.1,False
2025-01-16T09:27:44.697789,1.0,137.6,-4.0,57.8,50.0,80.2,236.3,False
2025-01-16T09:27:44.829154,2.0,133.8,9.0,55.9,50.0,63.8,237.7,False
2025-01-16T09:27:56.533151,0.0,91.3,-7.7,38.8,50.02,46.8,234.0,False
2025-01-16T09:27:56.642881,1.0,93.8,0.8,39.7,50.01,58.6,236.1,False
2025-01-16T09:27:56.767356,2.0,99.1,7.0,41.5,50.02,45.7,237.7,False
2025-01-16T09:28:44.561018,0.0,35.5,3.8,15.4,50.01,47.6,234.2,False
2025-01-16T09:28:44.738337,1.0,36.3,1.5,15.5,50.0,51.4,236.4,False
2025-01-16T09:28:44.877103,1.0,137.6,-4.0,57.8,50.0,51.4,236.4,False
2025-01-16T09:28:44.996351,2.0,38.6,3.0,16.4,50.01,39.1,237.9,False
2025-01-16T09:28:56.554576,0.0,37.8,-1.5,16.2,50.01,47.9,234.3,False
2025-01-16T09:28:56.667409,1.0,43.1,-0.8,18.3,50.02,37.8,236.6,False
2025-01-16T09:28:56.803826,2.0,40.1,5.3,17.0,50.02,28.3,237.9,False
2025-01-16T09:28:56.942162,2.0,133.8,9.0,55.9,50.02,28.3,237.9,False
2025-01-16T09:29:20.518930,0.0,91.3,-7.7,38.8,50.02,47.2,234.1,False
2025-01-16T09:29:20.652406,1.0,103.8,-3.2,43.6,50.03,65.5,236.5,False
2025-01-16T09:29:20.780573,2.0,99.1,7.0,41.5,50.02,50.4,237.8,False
2025-01-16T09:29:32.535876,0.0,118.0,-6.1,50.3,50.01,56.1,234.3,False
2025-01-16T09:29:32.647010,1.0,137.6,-4.0,57.8,50.0,95.2,236.6,False
2025-01-16T09:29:32.758747,2.0,133.9,7.8,56.1,50.01,78.4,237.9,False
2025-01-16T09:29:44.543080,0.0,91.3,-7.7,38.8,50.02,49.5,234.3,False
2025-01-16T09:29:44.658280,1.0,103.8,-3.2,43.6,50.02,77.1,236.7,False
2025-01-16T09:29:44.780367,2.0,96.8,4.9,40.6,50.0,62.7,237.9,False
2025-01-16T09:29:44.890989,0.0,82.4,-4.5,35.3,50.02,47.5,234.3,False
2025-01-16T09:29:45.010379,1.0,102.9,-1.5,43.5,50.01,51.2,236.7,False
2025-01-16T09:29:45.140447,1.0,137.6,-4.0,57.8,50.01,51.2,236.7,False
2025-01-16T09:29:45.245945,2.0,99.1,7.0,41.5,50.0,39.9,237.9,False
2025-01-16T09:29:56.525968,0.0,91.3,-7.7,38.8,50.02,49.6,234.2,False
2025-01-16T09:29:56.620895,1.0,103.8,-3.2,43.6,50.02,76.7,236.5,False
2025-01-16T09:29:56.728751,2.0,99.1,7.0,41.5,50.02,58.0,237.9,False
2025-01-16T09:29:56.837863,0.0,37.8,-6.8,16.4,50.01,48.6,234.2,False
2025-01-16T09:29:56.927426,1.0,49.9,0.8,21.1,50.02,33.9,236.6,False
2025-01-16T09:29:57.013253,1.0,103.8,-3.2,43.6,50.02,33.9,236.6,False
2025-01-16T09:29:57.097457,2.0,37.8,7.6,16.2,50.01,27.4,237.9,False
2025-01-16T09:29:57.192432,2.0,133.9,7.8,56.1,50.01,27.4,237.9,False
2025-01-16T09:30:08.583393,0.0,81.7,-21.9,36.2,50.03,57.5,234.2,False
2025-01-16T09:30:08.740451,1.0,103.8,-3.2,43.6,50.03,77.3,236.5,False
2025-01-16T09:30:09.327022,2.0,99.8,28.0,43.6,50.02,62.2,237.7,False
2025-01-16T09:30:32.578183,0.0,48.4,-3.8,20.7,50.03,53.4,234.1,False
2025-01-16T09:30:32.691022,1.0,62.8,1.5,26.6,50.02,58.8,236.4,False
2025-01-16T09:30:32.820925,2.0,58.2,12.1,25.0,50.03,46.5,237.7,False
2025-01-16T09:30:32.947517,0.0,77.1,1.5,33.0,50.0,56.1,234.0,False
2025-01-16T09:30:33.068076,1.0,108.4,1.2,45.7,50.0,82.0,236.4,False
2025-01-16T09:30:33.167810,2.0,96.8,4.9,40.6,50.01,67.7,237.6,False
2025-01-16T09:30:56.582094,0.0,124.5,-8.8,52.9,49.97,53.5,233.8,False
2025-01-16T09:30:56.705749,1.0,145.2,-2.3,61.4,49.98,43.4,236.2,False
2025-01-16T09:30:56.833416,1.0,108.4,1.2,45.7,49.98,43.4,236.2,False
2025-01-16T09:30:56.957373,1.0,103.8,-3.2,43.6,49.98,43.4,236.2,False
2025-01-16T09:30:57.081666,2.0,131.6,30.3,56.8,49.98,33.5,237.4,False
2025-01-16T09:31:32.578935,1.0,42.7,-1.1,17.9,49.96,71.3,235.9,False
2025-01-16T09:31:32.721261,2.0,38.9,5.0,16.4,49.98,54.9,237.2,False
2025-01-16T09:31:32.845700,1.0,39.3,6.8,17.0,49.96,54.0,236.4,False
2025-01-16T09:31:32.954570,2.0,38.9,5.0,16.4,49.98,40.5,237.6,False
2025-01-16T09:31:44.434253,0.0,34.0,-40.1,22.6,49.97,49.6,234.0,False
2025-01-16T09:31:56.586502,0.0,47.5,-11.1,20.8,49.96,50.9,234.0,False
2025-01-16T09:31:56.725785,1.0,42.7,-1.1,17.9,49.96,40.3,236.4,False
2025-01-16T09:31:56.869099,2.0,43.9,-12.1,19.1,49.96,31.5,237.6,False
2025-01-16T09:31:57.001698,2.0,99.1,7.0,41.5,49.96,31.5,237.6,False
2025-01-16T09:32:08.649613,0.0,145.2,-87.1,71.9,49.96,49.3,234.0,False
2025-01-16T09:32:08.813204,1.0,129.9,-60.7,60.4,49.95,70.2,236.4,False
2025-01-16T09:32:08.967049,2.0,133.9,7.8,56.1,49.97,54.4,237.6,False
2025-01-16T09:32:20.694605,0.0,145.2,-87.1,71.9,49.97,50.6,233.9,False
2025-01-16T09:32:20.882716,1.0,129.9,-60.7,60.4,49.96,39.0,236.4,False
2025-01-16T09:32:21.039755,2.0,133.9,7.8,56.1,49.97,30.5,237.5,False
2025-01-16T09:32:32.600824,0.0,47.5,-11.1,20.8,49.98,50.8,233.9,False
2025-01-16T09:32:32.731747,1.0,10.6,-46.1,20.1,49.98,40.1,236.3,False
2025-01-16T09:32:32.847696,2.0,19.7,-51.4,23.2,49.98,30.4,237.6,False
2025-01-16T09:32:32.965133,0.0,124.5,-8.8,52.9,49.98,50.2,233.8,False
2025-01-16T09:32:33.093655,1.0,137.6,-4.0,57.8,49.97,78.5,236.2,False
2025-01-16T09:32:33.211767,2.0,133.8,9.0,55.9,49.97,61.6,237.4,False
2025-01-16T09:32:44.532588,0.0,91.3,-7.7,38.8,49.97,49.6,233.8,False
2025-01-16T09:32:44.671423,1.0,96.1,-1.5,40.7,49.96,53.7,236.2,False
2025-01-16T09:32:44.814457,1.0,137.6,-4.0,57.8,49.96,53.7,236.2,False
2025-01-16T09:32:44.979052,2.0,96.8,4.9,40.6,49.99,41.1,237.4,False
2025-01-16T09:32:45.118966,0.0,91.3,-7.7,38.8,49.98,50.9,233.7,False
2025-01-16T09:32:45.255939,1.0,103.8,-3.2,43.6,49.96,80.5,236.1,False
2025-01-16T09:32:45.370432,2.0,99.1,7.0,41.5,49.97,62.6,237.3,False
2025-01-16T09:32:56.573085,1.0,40.1,-0.8,17.0,49.97,70.6,236.2,False
2025-01-16T09:32:56.698145,2.0,37.8,9.1,16.4,49.96,52.6,237.4,False
2025-01-16T09:33:08.599235,0.0,57.5,-3.8,24.8,49.97,49.3,233.8,False
2025-01-16T09:33:08.740690,1.0,62.8,0.8,26.6,49.99,53.1,236.2,False
2025-01-16T09:33:08.889559,1.0,103.8,-3.2,43.6,49.99,53.1,236.2,False
2025-01-16T09:33:09.028021,2.0,58.2,4.5,24.7,49.98,39.2,237.5,False
2025-01-16T09:33:09.171374,0.0,116.5,-2.3,49.9,49.99,51.9,233.8,False
2025-01-16T09:33:09.316635,1.0,137.6,-4.0,57.8,49.98,84.5,236.1,False
2025-01-16T09:33:09.484051,2.0,133.9,7.8,56.1,49.98,68.9,237.4,False
2025-01-16T09:33:32.579255,0.0,91.3,-7.7,38.8,49.97,49.3,234.2,False
2025-01-16T09:33:32.717430,1.0,93.0,-0.0,39.6,49.98,63.8,236.6,False
2025-01-16T09:33:32.852441,2.0,99.1,7.0,41.5,49.96,50.0,237.9,False
2025-01-16T09:33:56.596732,0.0,54.0,-79.7,40.9,49.99,49.0,234.3,False
2025-01-16T09:33:56.731321,1.0,54.3,-60.5,34.3,49.98,63.9,236.7,False
2025-01-16T09:33:56.857086,2.0,30.3,-49.2,24.4,50.0,48.8,238.0,False
2025-01-16T09:33:56.984921,2.0,133.9,7.8,56.1,50.0,48.8,238.0,False
2025-01-16T09:34:08.679341,0.0,10.6,-62.0,27.3,49.97,48.6,234.0,False
2025-01-16T09:34:08.824450,1.0,25.7,-43.1,21.4,49.98,52.0,236.4,False
2025-01-16T09:34:08.953510,2.0,6.8,-53.7,23.0,49.98,41.4,237.7,False
2025-01-16T09:34:32.607054,1.0,39.3,0.8,16.8,49.99,38.5,237.0,False
2025-01-16T09:34:32.752421,1.0,137.6,-4.0,57.8,49.99,38.5,237.0,False
2025-01-16T09:34:32.886631,2.0,38.6,8.3,16.7,50.0,31.1,238.3,False
2025-01-16T09:34:33.014660,0.0,91.3,-7.7,38.8,49.99,48.1,234.4,False
2025-01-16T09:34:33.145700,1.0,108.4,1.2,45.7,49.98,68.3,236.8,False
2025-01-16T09:34:33.268061,2.0,99.1,7.0,41.5,50.0,52.1,238.0,False
2025-01-16T09:34:56.572061,0.0,124.5,-8.8,52.9,50.0,46.6,234.6,False
2025-01-16T09:34:56.703250,1.0,117.2,-24.2,50.7,49.99,37.8,237.1,False
2025-01-16T09:34:56.840599,2.0,99.1,7.0,41.5,49.98,30.8,238.3,False
2025-01-16T09:34:56.967069,0.0,22.7,-35.5,18.0,49.99,46.5,234.6,False
2025-01-16T09:34:57.102555,0.0,124.5,-8.8,52.9,49.99,48.0,234.5,False
2025-01-16T09:34:57.230650,1.0,137.6,-4.0,57.8,50.0,72.5,237.0,False
2025-01-16T09:34:57.352801,2.0,133.9,7.8,56.1,50.0,58.5,238.1,False
2025-01-16T09:35:08.610003,0.0,91.3,-7.7,38.8,50.0,45.7,234.5,False
2025-01-16T09:35:08.871195,1.0,108.4,1.2,45.7,50.01,50.5,236.9,False
2025-01-16T09:35:09.715784,2.0,92.3,12.1,39.1,49.99,40.4,238.1,False
2025-01-16T09:35:10.459162,2.0,133.9,7.8,56.1,49.99,40.4,238.1,False
2025-01-16T09:35:20.546831,0.0,91.3,-7.7,38.8,50.01,48.1,234.9,False
2025-01-16T09:35:20.724169,1.0,103.8,-3.2,43.6,50.01,73.0,237.4,False
2025-01-16T09:35:20.869830,2.0,99.1,7.0,41.5,50.0,59.9,238.6,False
2025-01-16T09:35:32.545537,0.0,95.3,-0.8,40.6,50.0,52.3,234.8,False
2025-01-16T09:35:32.676616,1.0,101.3,1.5,42.7,49.99,87.4,237.3,False
2025-01-16T09:35:32.801095,2.0,99.1,6.8,41.6,50.0,73.1,238.6,False
2025-01-16T09:35:32.920685,0.0,124.5,-8.8,52.9,50.0,45.8,235.0,False
2025-01-16T09:35:33.044450,1.0,137.6,-4.0,57.8,49.99,64.4,237.5,False
2025-01-16T09:35:33.190868,2.0,133.8,9.0,55.9,49.99,51.0,238.7,False
2025-01-16T09:35:44.592167,0.0,91.3,-7.7,38.8,50.0,47.1,235.1,False
2025-01-16T09:35:44.744898,1.0,103.8,-3.2,43.6,49.99,37.5,237.6,False
2025-01-16T09:35:44.931315,2.0,99.1,7.0,41.5,50.0,29.3,238.8,False
2025-01-16T09:37:32.603759,1.0,13.6,-63.5,26.7,50.02,37.4,236.8,False
2025-01-16T09:37:32.752276,2.0,28.0,-61.3,27.7,50.01,28.6,238.2,False
2025-01-16T09:40:20.559292,0.0,54.0,-79.7,40.9,50.05,54.6,234.8,False
2025-01-16T09:40:20.704476,1.0,54.3,-60.5,34.3,50.06,44.3,237.1,False
2025-01-16T09:40:20.842879,2.0,25.0,-58.2,26.4,50.05,34.5,238.5,False
2025-01-16T09:42:56.444495,0.0,31.0,-59.7,28.2,50.04,48.7,234.4,False
2025-01-16T09:43:44.555577,0.0,90.8,-47.6,43.2,50.03,48.3,234.8,False
2025-01-16T09:43:44.700638,1.0,73.4,-31.8,33.5,50.02,55.9,237.0,False
2025-01-16T09:43:44.851886,2.0,68.1,-24.2,30.0,50.04,42.3,238.6,False
2025-01-16T09:43:56.586068,0.0,91.3,-7.7,38.8,50.06,48.8,235.0,False
2025-01-16T09:43:56.718475,1.0,63.7,-3.0,26.8,50.06,74.3,237.2,False
2025-01-16T09:43:56.856100,2.0,60.4,5.8,25.3,50.03,56.9,238.8,False
2025-01-16T09:44:08.569448,0.0,56.0,-4.5,23.9,50.04,48.6,235.0,False
2025-01-16T09:44:08.705297,1.0,63.7,-3.0,26.8,50.04,61.0,237.1,False
2025-01-16T09:44:08.836763,2.0,60.4,5.8,25.3,50.05,46.1,238.7,False
2025-01-16T09:44:20.554419,0.0,38.6,1.5,16.1,50.04,47.2,234.5,False
2025-01-16T09:44:20.674143,1.0,36.3,-3.0,15.3,50.05,51.7,236.8,False
2025-01-16T09:44:20.813279,2.0,37.1,-3.0,15.4,50.04,40.4,238.3,False
2025-01-16T09:44:32.546485,1.0,43.9,-0.0,18.6,50.05,38.0,236.8,False
2025-01-16T09:44:32.652956,2.0,36.3,8.3,15.7,50.04,30.4,238.3,False
2025-01-16T09:44:44.534096,0.0,54.0,-79.7,40.9,50.04,48.4,234.5,False
2025-01-16T09:44:44.663584,1.0,54.3,-60.5,34.3,50.03,37.9,236.5,False
2025-01-16T09:44:44.800689,2.0,23.4,-59.7,26.8,50.04,30.9,238.2,False
2025-01-16T09:44:56.575161,0.0,145.2,-87.1,71.9,50.05,47.2,234.3,False
2025-01-16T09:44:56.702834,1.0,129.9,-60.7,60.4,50.05,66.5,236.5,False
2025-01-16T09:44:56.834269,2.0,133.9,7.8,56.1,50.04,53.2,238.1,False
2025-01-16T09:45:08.591265,1.0,42.7,-1.1,17.9,50.05,75.9,236.7,False
2025-01-16T09:45:08.743158,0.0,53.7,-0.8,22.8,50.05,48.0,234.4,False
2025-01-16T09:45:08.872655,1.0,59.7,-0.0,25.2,50.06,63.7,236.6,False
2025-01-16T09:45:08.988421,2.0,58.2,7.6,24.6,50.05,50.2,238.1,False
2025-01-16T09:45:20.644570,0.0,37.8,-3.0,16.3,50.05,47.2,234.5,False
2025-01-16T09:45:20.769138,1.0,42.7,-1.1,17.9,50.05,51.2,236.7,False
2025-01-16T09:45:20.917780,2.0,40.8,8.3,17.6,50.05,40.4,238.3,False
2025-01-16T09:45:21.052797,1.0,42.4,-1.5,17.9,50.02,38.4,236.6,False
2025-01-16T09:45:21.202162,1.0,129.9,-60.7,60.4,50.02,38.4,236.6,False
2025-01-16T09:45:21.354463,2.0,40.1,8.3,17.2,50.05,31.5,238.2,False
2025-01-16T09:45:32.576403,0.0,88.5,-5.3,37.7,50.03,46.6,234.6,False
2025-01-16T09:45:32.706980,1.0,103.8,-3.2,43.6,50.03,64.1,236.8,False
2025-01-16T09:45:32.838722,2.0,99.1,7.0,41.5,50.04,50.9,238.3,False
2025-01-16T09:45:56.589127,0.0,67.3,-6.1,28.9,50.03,52.0,234.5,False
2025-01-16T09:45:56.753850,1.0,82.4,2.3,34.9,50.03,85.8,236.6,False
2025-01-16T09:45:56.885662,2.0,69.6,14.4,29.9,50.02,69.9,238.1,False
2025-01-16T09:46:08.577228,0.0,91.3,-7.7,38.8,50.01,47.5,234.6,False
2025-01-16T09:46:08.703079,1.0,103.8,-3.2,43.6,50.03,64.9,236.7,False
2025-01-16T09:46:08.828447,2.0,99.1,7.0,41.5,50.01,51.7,238.2,False
2025-01-16T09:46:56.575558,1.0,46.1,2.3,19.6,50.03,51.0,236.9,False
2025-01-16T09:46:56.689987,2.0,40.8,9.8,17.7,50.03,41.4,238.4,False
2025-01-16T09:47:08.634188,0.0,52.9,-75.6,39.1,50.01,46.6,234.3,False
2025-01-16T09:47:08.769948,1.0,21.9,-60.5,27.0,50.01,50.1,236.6,False
2025-01-16T09:47:08.897035,2.0,34.8,-57.5,28.0,50.02,40.5,238.1,False
2025-01-16T09:47:09.029834,0.0,54.0,-79.7,40.9,50.01,47.6,234.5,False
2025-01-16T09:47:09.149829,1.0,54.3,-60.5,34.3,50.01,37.2,236.8,False
2025-01-16T09:47:09.280737,2.0,7.6,-65.8,27.6,50.01,30.8,238.3,False
2025-01-16T09:47:20.597762,0.0,91.3,-7.7,38.8,50.0,47.6,234.4,False
2025-01-16T09:47:20.716987,1.0,103.8,-3.2,43.6,50.01,67.0,236.7,False
2025-01-16T09:47:20.837224,2.0,99.1,7.0,41.5,50.0,55.6,238.1,False
2025-01-16T09:47:32.564555,0.0,124.5,-8.8,52.9,50.01,55.0,234.4,False
2025-01-16T09:47:32.678127,1.0,137.6,-4.0,57.8,50.01,93.2,236.8,False
2025-01-16T09:47:32.782079,2.0,133.8,9.0,55.9,49.99,80.9,238.2,False
2025-01-16T09:47:44.599126,0.0,91.3,-7.7,38.8,50.01,49.1,234.5,False
2025-01-16T09:47:44.716827,1.0,103.8,-3.2,43.6,50.02,76.1,236.9,False
2025-01-16T09:47:44.836515,2.0,99.1,7.0,41.5,50.0,63.7,238.3,False
2025-01-16T09:47:56.567277,0.0,82.4,-2.3,35.1,50.01,47.3,234.4,False
2025-01-16T09:47:56.678495,1.0,99.1,-1.5,41.8,49.99,51.5,236.8,False
2025-01-16T09:47:56.798983,1.0,137.6,-4.0,57.8,49.99,51.5,236.8,False
2025-01-16T09:47:56.921132,2.0,95.3,15.1,40.5,50.03,41.1,238.2,False
2025-01-16T09:47:57.041786,2.0,133.9,7.8,56.1,50.03,41.1,238.2,False
2025-01-16T09:48:08.619268,1.0,47.6,-5.3,20.1,50.02,37.6,236.3,False
2025-01-16T09:48:08.740452,2.0,40.8,10.6,17.7,50.01,30.1,237.9,False
2025-01-16T09:48:20.568759,0.0,54.1,-5.2,23.0,50.02,47.3,234.5,False
2025-01-16T09:48:20.701825,1.0,42.7,-1.1,17.9,50.02,66.9,236.7,False
2025-01-16T09:48:20.795976,2.0,38.9,5.0,16.4,50.02,53.8,238.1,False
2025-01-16T09:49:08.693124,0.0,80.2,-3.0,34.4,50.01,48.2,234.7,False
2025-01-16T09:49:08.828052,0.0,47.5,-11.1,20.8,50.01,48.2,234.7,False
2025-01-16T09:49:08.943530,1.0,103.6,0.8,43.9,50.02,37.6,237.0,False
2025-01-16T09:49:09.061026,2.0,99.8,15.9,42.6,50.02,29.4,238.4,False
2025-01-16T09:49:09.179736,0.0,27.2,-37.1,19.8,50.03,48.1,234.8,False
2025-01-16T09:49:20.564165,0.0,56.7,-40.8,29.8,50.03,46.9,234.8,False
2025-01-16T09:49:20.693107,1.0,49.9,-28.7,24.3,50.05,51.6,237.1,False
2025-01-16T09:49:20.821079,2.0,48.4,-23.4,22.6,50.02,39.3,238.5,False
2025-01-16T09:49:32.567740,0.0,34.8,2.3,15.2,49.99,47.7,234.3,False
2025-01-16T09:49:32.713115,1.0,37.8,1.5,16.1,50.0,62.3,236.5,False
2025-01-16T09:49:32.850808,2.0,60.4,5.8,25.3,50.01,48.9,238.0,False
2025-01-16T09:49:44.634701,0.0,54.1,-5.2,23.0,50.01,46.4,234.2,False
2025-01-16T09:49:44.775038,1.0,42.7,-1.1,17.9,49.98,49.6,236.4,False
2025-01-16T09:49:44.901658,2.0,38.9,5.0,16.4,49.99,37.6,237.8,False
2025-01-16T09:50:08.665882,1.0,42.4,4.5,18.1,50.0,36.9,236.8,False
2025-01-16T09:50:08.813767,2.0,60.4,5.8,25.3,50.01,28.9,238.3,False
2025-01-16T09:50:20.597458,0.0,91.3,-7.7,38.8,50.01,49.3,234.7,False
2025-01-16T09:50:20.707101,1.0,103.8,-3.2,43.6,50.0,69.5,236.9,False
2025-01-16T09:50:20.820212,2.0,99.1,7.0,41.5,50.0,54.9,238.4,False
2025-01-16T09:50:32.482603,1.0,34.8,14.4,15.9,50.02,83.6,236.6,False
2025-01-16T09:50:56.584426,0.0,46.1,0.8,19.9,50.0,54.8,234.7,False
2025-01-16T09:50:56.694109,1.0,51.4,5.3,21.9,49.99,70.8,236.9,False
2025-01-16T09:50:56.806162,2.0,49.2,10.6,21.2,49.99,56.6,238.4,False
2025-01-16T09:51:08.636184,0.0,54.0,-79.7,40.9,49.98,53.9,234.9,False
2025-01-16T09:51:08.789755,1.0,54.3,-60.5,34.3,49.99,71.5,237.0,False
2025-01-16T09:51:08.940575,2.0,12.9,-49.2,21.5,49.99,57.1,238.6,False
2025-01-16T09:51:20.596406,0.0,54.0,-79.7,40.9,49.98,53.5,234.6,False
2025-01-16T09:51:20.718906,1.0,54.3,-60.5,34.3,49.98,67.1,236.9,False
2025-01-16T09:51:20.847620,2.0,3.8,-48.4,20.5,49.99,53.4,238.4,False
2025-01-16T09:51:32.445602,0.0,54.0,-79.7,40.9,50.0,53.1,234.4,False
2025-01-16T09:52:20.598449,0.0,52.2,-43.9,29.5,50.01,48.2,234.8,False
2025-01-16T09:52:20.730602,1.0,44.6,-25.7,22.1,50.0,53.8,237.1,False
2025-01-16T09:52:20.859288,1.0,103.8,-3.2,43.6,50.0,53.8,237.1,False
2025-01-16T09:52:20.977019,2.0,54.5,-20.4,24.6,50.0,40.0,238.5,False
2025-01-16T09:52:21.110133,2.0,133.8,9.0,55.9,50.0,40.0,238.5,False
2025-01-16T09:52:32.605654,0.0,54.0,-79.7,40.9,50.0,49.9,235.1,False
2025-01-16T09:52:32.733330,0.0,54.0,-79.7,40.9,50.0,49.9,235.1,False
2025-01-16T09:52:32.857087,1.0,26.5,-59.0,27.1,50.0,38.3,237.4,False
2025-01-16T09:52:32.981323,2.0,13.6,-68.1,28.9,50.0,28.7,238.8,False
2025-01-16T09:52:44.555808,0.0,37.8,-60.5,30.6,50.0,49.3,235.3,False
2025-01-16T09:52:44.676167,1.0,54.3,-60.5,34.3,50.0,38.0,237.6,False
2025-01-16T09:52:44.798706,2.0,18.2,-49.2,22.1,50.0,28.8,239.0,False
2025-01-16T09:52:44.906183,0.0,54.1,-5.2,23.0,49.99,47.5,235.2,False
2025-01-16T09:52:45.035427,1.0,129.9,-60.7,60.4,50.0,67.8,237.5,False
2025-01-16T09:52:45.177975,2.0,96.8,4.9,40.6,49.99,51.5,238.9,False
2025-01-16T09:52:45.291433,0.0,54.0,-79.7,40.9,49.99,48.6,235.2,False
2025-01-16T09:53:08.671376,0.0,54.1,-5.2,23.0,50.02,47.9,235.3,False
2025-01-16T09:53:08.827229,1.0,65.8,1.5,27.8,50.0,52.7,237.6,False
2025-01-16T09:53:08.971706,2.0,59.7,6.1,25.2,50.02,40.4,239.0,False
2025-01-16T09:53:20.633086,0.0,87.7,-8.3,37.5,50.02,49.6,235.3,False
2025-01-16T09:53:20.758474,1.0,103.8,-3.2,43.6,50.02,78.4,237.5,False
2025-01-16T09:53:20.892213,2.0,90.8,9.1,38.2,50.01,62.8,239.0,False
2025-01-16T09:53:21.020898,0.0,91.3,-7.7,38.8,50.01,47.4,235.3,False
2025-01-16T09:53:21.145317,1.0,103.8,-3.2,43.6,50.01,52.3,237.6,False
2025-01-16T09:53:21.256036,2.0,99.1,7.0,41.5,50.01,38.7,239.1,False
2025-01-16T09:53:32.663703,0.0,91.3,-7.7,38.8,50.0,48.9,235.2,False
2025-01-16T09:53:32.803585,1.0,63.7,-3.0,26.8,49.99,69.9,237.5,False
2025-01-16T09:53:32.938093,2.0,60.4,5.8,25.3,50.0,54.9,238.9,False
2025-01-16T09:53:44.619204,0.0,91.3,-7.7,38.8,49.98,49.7,235.2,False
2025-01-16T09:53:44.769974,1.0,105.9,-2.3,44.6,49.98,39.3,237.5,False
2025-01-16T09:53:44.897128,1.0,129.9,-60.7,60.4,49.98,39.3,237.5,False
2025-01-16T09:53:45.034601,2.0,96.8,4.9,40.6,49.99,29.2,238.9,False
2025-01-16T09:54:44.619426,0.0,37.1,-5.3,16.4,49.99,46.6,234.7,False
2025-01-16T09:54:44.762048,1.0,42.7,-1.1,17.9,49.99,54.2,236.9,False
2025-01-16T09:54:44.892790,2.0,38.9,5.0,16.4,49.98,42.8,238.4,False
2025-01-16T09:55:32.462131,0.0,40.8,-44.6,25.8,49.97,50.1,234.8,False
2025-01-16T09:55:44.586363,0.0,47.5,-11.1,20.8,49.97,49.8,234.8,False
2025-01-16T09:55:44.706148,1.0,20.4,-40.1,19.0,49.97,78.9,237.1,False
2025-01-16T09:55:44.882544,2.0,26.5,-38.6,19.6,49.97,66.4,238.6,False
2025-01-16T09:55:45.022953,0.0,145.2,-87.1,71.9,49.98,47.6,235.0,False
2025-01-16T09:55:45.172497,1.0,71.1,-64.3,40.7,49.98,68.8,237.3,False
2025-01-16T09:55:45.315311,2.0,72.6,-60.5,39.8,49.97,57.3,238.8,False
2025-01-16T09:55:45.450326,0.0,145.2,-87.1,71.9,49.98,51.9,234.9,False
2025-01-16T09:55:45.583003,1.0,80.2,-65.8,43.9,49.98,81.9,237.2,False
2025-01-16T09:55:45.714165,2.0,83.9,-60.5,43.5,49.97,70.8,238.7,False
2025-01-16T09:55:45.852787,0.0,124.5,-8.8,52.9,49.98,47.1,235.0,False
2025-01-16T09:55:45.971302,1.0,155.8,-0.0,65.8,49.97,38.2,237.3,False
2025-01-16T09:55:46.091205,2.0,145.2,24.2,61.7,49.98,30.6,238.8,False
2025-01-16T09:55:56.593239,0.0,97.9,-1.8,41.4,49.98,53.9,234.9,False
2025-01-16T09:55:56.725250,1.0,72.6,-0.8,30.7,49.97,89.2,237.2,False
2025-01-16T09:55:56.871285,2.0,73.4,10.6,31.1,49.97,77.9,238.6,False
2025-01-16T09:56:08.602389,0.0,164.9,-6.1,70.3,49.97,47.3,234.9,False
2025-01-16T09:56:08.737728,1.0,199.7,-2.3,84.2,49.97,38.8,237.2,False
2025-01-16T09:56:08.860355,2.0,189.1,31.0,80.3,49.97,29.9,238.6,False
2025-01-16T09:56:09.002762,0.0,91.3,-7.7,38.8,49.99,47.2,234.8,False
2025-01-16T09:56:09.129613,1.0,103.8,-3.2,43.6,49.98,65.3,237.0,False
2025-01-16T09:56:09.253940,2.0,99.1,7.0,41.5,49.99,52.4,238.5,False
2025-01-16T09:56:32.578454,0.0,39.3,-6.1,16.9,49.99,47.2,234.7,False
2025-01-16T09:56:32.674448,0.0,54.0,-79.7,40.9,49.99,47.2,234.7,False
2025-01-16T09:56:32.788517,1.0,42.7,-1.1,17.9,49.99,38.4,237.0,False
2025-01-16T09:56:32.899809,1.0,103.8,-3.2,43.6,49.99,38.4,237.0,False
2025-01-16T09:56:33.008460,2.0,38.9,5.0,16.4,49.98,29.8,238.4,False
2025-01-16T09:56:44.572946,0.0,18.9,-68.8,30.3,49.99,46.5,234.6,False
2025-01-16T09:56:44.701575,1.0,26.5,-57.5,26.7,50.0,52.1,236.9,False
2025-01-16T09:56:44.832397,2.0,12.9,-68.1,29.0,49.99,40.4,238.3,False
2025-01-16T09:56:44.958353,0.0,54.0,-79.7,40.9,49.99,47.1,234.7,False
2025-01-16T09:56:45.099995,0.0,54.0,-79.7,40.9,49.99,47.1,234.7,False
2025-01-16T09:56:45.246773,1.0,54.3,-60.5,34.3,50.0,39.1,237.0,False
2025-01-16T09:56:45.378306,1.0,63.7,-3.0,26.8,50.0,39.1,237.0,False
2025-01-16T09:56:45.513761,1.0,54.3,-60.5,34.3,50.0,39.1,237.0,False
2025-01-16T09:56:45.647718,2.0,10.6,-68.1,28.8,49.99,29.8,238.4,False
2025-01-16T09:57:08.666902,0.0,2.3,-59.7,25.1,49.99,46.9,234.3,False
2025-01-16T09:57:08.812564,1.0,37.1,-50.7,26.3,49.99,55.2,236.6,False
2025-01-16T09:57:08.936049,2.0,24.2,-59.0,26.5,49.98,44.2,238.0,False
2025-01-16T09:57:20.589327,0.0,143.4,-82.1,70.1,49.99,53.0,234.1,False
2025-01-16T09:57:20.754844,1.0,129.9,-60.7,60.4,49.99,87.3,236.4,False
2025-01-16T09:57:20.894355,2.0,133.9,7.8,56.1,49.99,75.4,237.8,False
2025-01-16T09:57:32.601254,0.0,91.3,-7.7,38.8,49.99,49.2,234.1,False
2025-01-16T09:57:32.712043,1.0,138.4,-0.0,58.6,49.99,60.8,236.4,False
2025-01-16T09:57:32.812338,2.0,133.9,7.8,56.1,49.98,49.3,237.8,False
2025-01-16T10:00:32.612313,0.0,43.9,-10.6,19.3,49.98,49.8,234.1,False
2025-01-16T10:00:32.743260,0.0,47.5,-11.1,20.8,49.98,49.8,234.1,False
2025-01-16T10:00:32.878197,1.0,58.2,1.5,24.7,49.99,40.0,236.5,False
2025-01-16T10:00:33.004839,1.0,129.9,-60.7,60.4,49.99,40.0,236.5,False
2025-01-16T10:00:33.128143,2.0,60.4,5.8,25.3,49.98,29.4,237.7,False
2025-01-16T10:02:44.638454,0.0,54.1,-5.2,23.0,49.97,48.7,234.0,False
2025-01-16T10:02:44.792036,1.0,63.7,-3.0,26.8,49.97,59.4,236.2,False
2025-01-16T10:02:44.923116,2.0,60.4,5.8,25.3,49.97,46.6,237.6,False
2025-01-16T10:03:08.639024,0.0,53.7,-83.9,42.9,49.98,49.4,234.2,False
2025-01-16T10:03:08.795773,0.0,54.1,-5.2,23.0,49.98,49.4,234.2,False
2025-01-16T10:03:08.936104,1.0,7.6,-65.0,28.0,49.97,64.4,236.5,False
2025-01-16T10:03:09.088951,2.0,19.7,-71.1,31.2,49.98,52.2,237.8,False
2025-01-16T10:03:09.225072,0.0,54.0,-79.7,40.9,49.97,49.1,234.1,False
2025-01-16T10:03:09.356018,1.0,54.3,-60.5,34.3,49.98,65.3,236.5,False
2025-01-16T10:03:09.500686,2.0,34.0,-67.3,31.7,49.98,51.7,237.8,False
2025-01-16T10:03:32.611581,0.0,40.8,-3.0,17.6,49.97,49.3,234.2,False
2025-01-16T10:03:32.756968,0.0,54.0,-79.7,40.9,49.97,49.3,234.2,False
2025-01-16T10:03:32.911550,2.0,60.4,5.8,25.3,49.98,40.0,237.9,False
2025-01-16T10:03:33.080949,1.0,63.7,-3.0,26.8,49.97,40.8,236.6,False
2025-01-16T10:03:56.621968,0.0,124.5,-8.8,52.9,49.96,55.3,233.9,False
2025-01-16T10:03:56.780298,1.0,137.6,-4.0,57.8,49.96,95.9,236.2,False
2025-01-16T10:03:56.935201,2.0,133.9,7.8,56.1,49.97,83.9,237.6,False
2025-01-16T10:04:08.600255,0.0,124.5,-8.8,52.9,49.96,49.2,233.6,False
2025-01-16T10:04:08.725728,1.0,137.6,-4.0,57.8,49.95,66.1,236.0,False
2025-01-16T10:04:08.853947,2.0,133.9,7.8,56.1,49.96,49.3,237.3,False
2025-01-16T10:04:20.680587,0.0,145.2,-87.1,71.9,49.96,50.1,233.9,False
2025-01-16T10:04:20.805730,1.0,54.3,-60.5,34.3,49.96,41.0,236.3,False
2025-01-16T10:04:20.933406,2.0,52.2,-60.5,33.9,49.96,29.4,237.6,False
2025-01-16T10:04:44.621374,0.0,145.2,-87.1,71.9,49.96,54.9,233.7,False
2025-01-16T10:04:44.752311,1.0,129.9,-60.7,60.4,49.97,89.1,236.0,False
2025-01-16T10:04:44.907511,2.0,133.9,7.8,56.1,49.96,76.8,237.4,False
2025-01-16T10:05:20.630660,0.0,145.2,-87.1,71.9,49.98,46.9,233.7,False
2025-01-16T10:05:20.769300,1.0,129.9,-60.7,60.4,49.98,61.9,236.0,False
2025-01-16T10:05:20.905034,2.0,133.9,7.8,56.1,49.99,50.4,237.3,False
2025-01-16T10:05:21.048684,0.0,54.0,-79.7,40.9,49.98,46.7,233.8,False
2025-01-16T10:05:21.183975,1.0,54.3,-60.5,34.3,49.98,61.6,236.1,False
2025-01-16T10:05:21.310337,2.0,25.0,-57.5,26.2,49.98,50.2,237.5,False
2025-01-16T10:05:56.629122,1.0,40.8,-0.8,17.3,50.0,37.7,236.4,False
2025-01-16T10:05:56.760499,2.0,37.1,7.6,15.9,50.01,28.1,237.7,False
2025-01-16T10:06:32.648734,0.0,91.3,-7.7,38.8,50.01,47.0,234.0,False
2025-01-16T10:06:32.785175,1.0,108.4,1.2,45.7,50.02,64.6,236.2,False
2025-01-16T10:06:32.911506,2.0,96.8,4.9,40.6,50.02,51.6,237.6,False
2025-01-16T10:06:44.724549,1.0,42.7,-1.1,17.9,50.02,75.6,236.1,False
2025-01-16T10:06:44.892004,2.0,38.9,5.0,16.4,50.01,61.8,237.6,False
2025-01-16T10:06:45.063937,0.0,91.3,-7.7,38.8,50.02,47.2,233.9,False
2025-01-16T10:06:45.229137,1.0,108.4,1.2,45.7,50.01,50.2,236.1,False
2025-01-16T10:06:45.384845,2.0,99.1,7.0,41.5,50.02,40.1,237.5,False
2025-01-16T10:06:56.610504,0.0,54.0,-79.7,40.9,50.01,47.2,233.9,False
2025-01-16T10:06:56.750752,1.0,54.3,-60.5,34.3,50.02,37.4,236.0,False
2025-01-16T10:06:56.878076,2.0,38.9,5.0,16.4,50.02,28.5,237.4,False
2025-01-16T10:07:20.610353,0.0,124.5,-8.8,52.9,50.01,46.6,233.8,False
2025-01-16T10:07:20.773259,1.0,103.8,-3.2,43.6,50.02,64.8,236.0,False
2025-01-16T10:07:20.884287,2.0,99.1,7.0,41.5,50.01,52.1,237.4,False
2025-01-16T10:07:32.659956,0.0,129.3,-8.3,55.5,50.01,55.3,233.8,False
2025-01-16T10:07:32.811809,1.0,137.6,-4.0,57.8,50.01,93.8,236.0,False
2025-01-16T10:07:32.953858,2.0,133.9,7.8,56.1,50.02,79.5,237.4,False
2025-01-16T10:07:44.657340,0.0,87.0,-1.5,37.4,50.02,51.0,234.0,False
2025-01-16T10:07:44.816878,1.0,91.5,7.6,39.0,50.02,80.2,236.2,False
2025-01-16T10:07:44.960664,2.0,99.1,7.0,41.5,50.01,66.6,237.6,False
2025-01-16T10:07:56.619337,0.0,124.5,-8.8,52.9,50.01,47.8,233.9,False
2025-01-16T10:07:56.749325,1.0,137.6,-4.0,57.8,50.01,38.6,236.1,False
2025-01-16T10:07:56.871766,1.0,103.8,-3.2,43.6,50.01,38.6,236.1,False
2025-01-16T10:07:56.979389,2.0,133.9,7.8,56.1,50.02,29.3,237.5,False
2025-01-16T10:08:32.680574,0.0,91.3,-7.7,38.8,50.01,47.4,234.1,False
2025-01-16T10:08:32.814252,1.0,103.8,-3.2,43.6,50.0,64.1,236.4,False
2025-01-16T10:08:32.957152,2.0,99.1,7.0,41.5,50.01,51.9,237.8,False
2025-01-16T10:08:44.601723,0.0,35.5,-2.3,15.1,49.99,46.6,234.0,False
2025-01-16T10:08:44.738033,1.0,42.7,-1.1,17.9,50.01,51.5,236.3,False
2025-01-16T10:08:44.887643,2.0,35.5,8.3,15.3,50.0,39.8,237.6,False
2025-01-16T10:08:56.629283,1.0,44.6,1.5,18.9,50.0,37.8,236.4,False
2025-01-16T10:08:56.744958,2.0,43.9,8.3,18.8,50.01,29.0,237.8,False
2025-01-16T10:08:56.866419,2.0,99.1,7.0,41.5,50.01,29.0,237.8,False
2025-01-16T10:09:20.599012,0.0,88.5,-3.8,37.9,50.0,47.9,234.1,False
2025-01-16T10:09:20.754031,1.0,108.4,1.2,45.7,50.01,68.3,236.3,False
2025-01-16T10:09:20.886921,2.0,99.1,7.0,41.5,50.01,55.2,237.7,False
2025-01-16T10:09:32.625632,0.0,124.5,-8.8,52.9,50.0,55.5,233.8,False
2025-01-16T10:09:32.756921,1.0,137.6,-4.0,57.8,50.01,94.7,236.0,False
2025-01-16T10:09:32.886102,2.0,133.9,7.8,56.1,50.01,84.0,237.4,False
2025-01-16T10:09:44.598012,0.0,91.3,-7.7,38.8,49.99,49.9,233.4,False
2025-01-16T10:09:44.757123,1.0,103.8,-3.2,43.6,50.0,77.1,235.6,False
2025-01-16T10:09:44.891488,2.0,99.1,7.0,41.5,50.0,65.0,237.0,False
2025-01-16T10:09:56.556397,0.0,43.9,-14.4,19.9,50.0,47.6,233.6,False
2025-01-16T10:09:56.693060,1.0,48.4,-6.8,20.8,50.01,38.4,235.8,False
2025-01-16T10:09:56.823665,1.0,137.6,-4.0,57.8,50.01,38.4,235.8,False
2025-01-16T10:09:56.937778,1.0,108.4,1.2,45.7,50.01,38.4,235.8,False
2025-01-16T10:09:57.056880,2.0,41.6,-3.8,17.7,50.01,29.4,237.2,False
2025-01-16T10:09:57.166582,2.0,133.9,7.8,56.1,50.01,29.4,237.2,False
2025-01-16T10:09:57.299414,0.0,91.3,-7.7,38.8,50.02,48.2,233.8,False
2025-01-16T10:09:57.436419,1.0,103.8,-3.2,43.6,50.02,68.5,235.9,False
2025-01-16T10:09:57.548255,2.0,99.1,7.0,41.5,50.01,54.4,237.4,False
2025-01-16T10:10:08.634880,0.0,125.5,-1.5,53.7,50.03,55.2,233.8,False
2025-01-16T10:10:08.795550,1.0,137.6,-4.0,57.8,50.03,94.0,235.9,False
2025-01-16T10:10:08.946541,2.0,133.9,7.8,56.1,50.02,80.5,237.4,False
2025-01-16T10:10:20.635770,0.0,91.3,-7.7,38.8,50.03,49.0,234.2,False
2025-01-16T10:10:20.774106,1.0,103.8,-3.2,43.6,50.03,76.5,236.4,False
2025-01-16T10:10:20.924649,2.0,96.8,4.9,40.6,50.03,63.3,237.7,False
2025-01-16T10:10:32.634928,0.0,77.9,-4.5,33.4,50.03,47.8,234.2,False
2025-01-16T10:10:32.777605,1.0,102.1,-0.8,43.2,50.03,51.7,236.4,False
2025-01-16T10:10:32.917003,2.0,99.1,7.0,41.5,50.02,39.3,237.8,False
2025-01-16T10:10:56.627121,2.0,38.9,5.0,16.4,50.02,47.8,237.5,False
2025-01-16T10:10:56.745609,2.0,31.8,-18.9,15.4,50.03,46.7,237.3,False
2025-01-16T10:11:32.628739,0.0,48.4,-10.6,21.4,50.0,51.6,234.0,False
2025-01-16T10:11:32.781128,1.0,49.9,5.3,21.3,50.0,43.1,236.2,False
2025-01-16T10:11:32.901161,1.0,137.6,-4.0,57.8,50.0,43.1,236.2,False
2025-01-16T10:11:33.039138,2.0,38.9,5.0,16.4,50.0,32.8,237.6,False
2025-01-16T10:11:44.636639,0.0,20.4,-81.7,35.9,50.0,54.4,233.8,False
2025-01-16T10:11:44.781353,1.0,80.2,69.6,44.9,50.01,75.6,236.0,False
2025-01-16T10:11:44.936507,2.0,66.6,-87.7,46.3,50.0,60.7,237.4,False
2025-01-16T10:11:56.613991,0.0,145.2,-87.1,71.9,50.0,63.9,234.0,False
2025-01-16T10:11:56.745202,1.0,129.9,-60.7,60.4,49.99,102.8,236.2,False
2025-01-16T10:11:56.863243,2.0,163.4,-46.1,71.4,49.99,90.3,237.6,False
2025-01-16T10:12:08.669167,0.0,124.5,-8.8,52.9,50.01,57.0,233.7,False
2025-01-16T10:12:08.791196,1.0,108.9,0.8,46.0,50.0,81.8,235.9,False
2025-01-16T10:12:08.915815,2.0,104.4,17.4,44.4,50.0,66.5,237.2,False
2025-01-16T10:12:20.617436,0.0,87.0,-1.5,37.4,50.01,52.0,233.9,False
2025-01-16T10:12:20.769705,1.0,101.3,6.1,43.1,50.02,56.8,236.1,False
2025-01-16T10:12:20.911374,2.0,91.5,16.6,39.3,50.01,42.5,237.4,False
2025-01-16T10:12:21.061242,0.0,31.8,-60.5,29.6,50.03,48.4,234.2,False
2025-01-16T10:12:21.205534,2.0,13.6,-34.8,16.1,50.02,38.6,237.8,False
2025-01-16T10:12:32.507263,0.0,0.8,-45.4,19.1,50.03,50.0,234.5,False
2025-01-16T10:12:32.893275,1.0,31.8,-39.3,21.3,50.02,37.4,236.7,False
2025-01-16T10:12:33.021717,1.0,129.9,-60.7,60.4,50.02,37.4,236.7,False
2025-01-16T10:12:33.124888,2.0,17.4,-47.6,21.2,50.02,27.5,238.0,False
2025-01-16T10:12:44.659297,0.0,91.3,-7.7,38.8,50.02,47.8,234.1,False
2025-01-16T10:12:44.809148,1.0,103.8,-3.2,43.6,50.02,67.5,236.4,False
2025-01-16T10:12:44.949241,2.0,99.1,7.0,41.5,50.02,54.4,237.8,False
2025-01-16T10:12:45.109305,0.0,145.2,-87.1,71.9,50.01,49.2,234.1,False
2025-01-16T10:12:45.247944,1.0,117.2,-54.5,54.7,50.02,39.1,236.4,False
2025-01-16T10:12:45.390255,2.0,133.9,7.8,56.1,50.01,26.9,237.7,False
2025-01-16T10:12:45.546067,0.0,54.0,-79.7,40.9,50.0,49.5,234.1,False
2025-01-16T10:12:45.691062,1.0,54.3,-60.5,34.3,50.01,38.8,236.4,False
2025-01-16T10:12:45.848638,1.0,103.8,-3.2,43.6,50.01,38.8,236.4,False
2025-01-16T10:12:45.977432,2.0,15.1,-49.2,21.7,50.01,27.8,237.7,False
2025-01-16T10:15:44.417704,0.0,2.3,3.0,1.6,50.01,47.4,234.1,False
2025-01-16T10:15:44.562030,1.0,1.5,-0.8,0.7,50.01,36.4,236.3,False
2025-01-16T10:15:44.706250,2.0,1.5,0.8,0.8,50.02,29.1,237.9,False
2025-01-16T10:18:44.417040,0.0,2.3,0.8,1.1,50.0,47.2,233.9,False
2025-01-16T10:18:44.547011,1.0,0.0,-3.0,1.3,50.01,37.9,236.3,False
2025-01-16T10:18:44.694590,2.0,5.3,-0.8,2.2,50.01,28.1,237.7,False
2025-01-16T10:20:44.640418,0.0,9.1,-59.7,25.8,50.0,46.4,233.9,False
2025-01-16T10:20:44.794908,1.0,46.1,45.4,27.4,50.0,56.5,236.2,False
2025-01-16T10:20:44.985013,2.0,40.1,-57.5,29.5,49.99,45.7,237.7,False
2025-01-16T10:21:08.630882,0.0,57.5,-40.8,30.7,50.0,53.9,233.4,False
2025-01-16T10:21:08.767869,1.0,18.2,-52.2,23.9,50.01,61.4,235.7,False
2025-01-16T10:21:08.917970,2.0,59.7,-52.9,33.8,50.02,60.3,237.5,False
2025-01-16T10:21:09.055685,0.0,4.5,-36.3,15.2,50.01,56.2,233.8,False
2025-01-16T10:21:20.572567,1.0,43.9,4.5,18.7,50.01,55.1,236.2,False
2025-01-16T10:21:32.642700,0.0,54.0,-79.7,40.9,50.01,51.6,233.7,False
2025-01-16T10:21:32.776130,1.0,54.3,-60.5,34.3,50.02,43.2,236.0,False
2025-01-16T10:21:32.900555,2.0,57.5,-52.9,32.8,50.01,31.9,237.6,False
2025-01-16T10:21:44.670776,0.0,145.2,-87.1,71.9,50.0,55.4,233.8,False
2025-01-16T10:21:44.817093,1.0,129.9,-60.7,60.4,50.0,74.8,236.1,False
2025-01-16T10:21:44.960181,2.0,133.9,7.8,56.1,50.01,61.7,237.6,False
2025-01-16T10:21:56.650111,0.0,74.1,-75.6,45.2,50.0,51.3,233.7,False
2025-01-16T10:21:56.774837,0.0,97.9,-1.8,41.4,50.0,51.3,233.7,False
2025-01-16T10:21:56.902122,1.0,42.4,-57.5,30.2,49.99,56.8,235.9,False
2025-01-16T10:21:57.030771,2.0,44.6,-53.7,29.4,50.0,45.6,237.5,False
2025-01-16T10:21:57.161484,2.0,133.9,7.8,56.1,50.0,45.6,237.5,False
2025-01-16T10:22:08.673574,0.0,54.0,-79.7,40.9,50.0,52.3,233.8,False
2025-01-16T10:22:08.837197,1.0,54.3,-60.5,34.3,50.0,69.0,236.0,False
2025-01-16T10:22:08.970299,2.0,59.0,-52.9,33.3,50.0,55.4,237.5,False
2025-01-16T10:22:09.117577,0.0,40.8,-2.3,17.5,50.0,50.9,233.8,False
2025-01-16T10:22:09.274502,1.0,44.6,2.3,18.9,50.0,55.8,236.0,False
2025-01-16T10:22:09.415535,1.0,129.9,-60.7,60.4,50.0,55.8,236.0,False
2025-01-16T10:22:09.558069,2.0,38.6,6.8,16.5,50.0,43.9,237.6,False
2025-01-16T10:22:20.741429,0.0,84.7,-2.3,36.3,49.99,56.2,233.7,False
2025-01-16T10:22:20.899650,1.0,103.8,-3.2,43.6,49.99,84.1,236.0,False
2025-01-16T10:22:21.042366,2.0,96.8,4.9,40.6,49.99,72.7,237.6,False
2025-01-16T10:22:21.184787,0.0,145.2,-87.1,71.9,49.99,51.5,233.6,False
2025-01-16T10:22:21.311841,1.0,155.0,-37.1,67.6,50.0,43.0,236.0,False
2025-01-16T10:22:21.433230,1.0,103.8,-3.2,43.6,50.0,43.0,236.0,False
2025-01-16T10:22:21.570886,2.0,146.7,-12.9,62.0,49.99,33.3,237.5,False
2025-01-16T10:22:21.699853,2.0,99.1,7.0,41.5,49.99,33.3,237.5,False
2025-01-16T10:22:32.622025,0.0,87.0,-3.8,37.4,50.0,53.0,233.6,False
2025-01-16T10:22:32.763635,1.0,103.8,-3.2,43.6,49.99,74.2,235.9,False
2025-01-16T10:22:32.906199,2.0,99.1,7.0,41.5,49.99,61.7,237.4,False
2025-01-16T10:22:44.643885,0.0,124.5,-8.8,52.9,50.0,56.1,234.1,False
2025-01-16T10:22:44.788526,1.0,137.6,-4.0,57.8,50.0,97.0,236.5,False
2025-01-16T10:22:44.913103,2.0,133.9,7.8,56.1,50.01,84.8,237.9,False
2025-01-16T10:22:56.732784,0.0,55.2,-0.8,23.8,50.0,52.2,234.3,False
2025-01-16T10:22:56.885955,1.0,63.5,-4.5,27.0,50.0,86.9,236.6,False
2025-01-16T10:22:57.041582,2.0,65.8,6.1,27.9,50.0,72.5,238.0,False
2025-01-16T10:22:57.173025,0.0,91.3,-7.7,38.8,50.01,48.2,234.4,False
2025-01-16T10:22:57.298226,1.0,103.8,-3.2,43.6,50.01,63.9,236.6,False
2025-01-16T10:22:57.442416,2.0,96.8,4.9,40.6,50.0,50.7,238.1,False
2025-01-16T10:22:57.582055,2.0,133.9,7.8,56.1,50.0,50.7,238.1,False
2025-01-16T10:23:44.643675,0.0,39.3,-6.8,16.7,49.99,49.0,234.0,False
2025-01-16T10:23:44.802752,1.0,43.9,-0.8,18.4,50.0,52.3,236.3,False
2025-01-16T10:23:44.946323,1.0,137.6,-4.0,57.8,50.0,52.3,236.3,False
2025-01-16T10:23:45.088894,2.0,39.3,0.8,16.4,49.99,40.6,237.9,False
2025-01-16T10:23:56.656572,1.0,43.9,-1.5,18.7,49.98,38.4,236.6,False
2025-01-16T10:23:56.787609,2.0,37.8,9.1,16.4,50.01,29.3,238.1,False
2025-01-16T10:24:20.621522,0.0,54.0,-79.7,40.9,50.01,47.7,233.8,False
2025-01-16T10:24:20.748590,1.0,74.1,69.6,42.8,50.0,66.9,236.0,False
2025-01-16T10:24:20.871680,2.0,64.3,-77.9,42.3,50.01,52.5,237.6,False
2025-01-16T10:24:32.678056,0.0,145.2,-87.1,71.9,50.0,50.7,234.0,False
2025-01-16T10:24:32.805052,1.0,129.9,-60.7,60.4,50.0,83.0,236.3,False
2025-01-16T10:24:32.929767,2.0,96.8,4.9,40.6,50.01,70.6,237.7,False
2025-01-16T10:24:44.685175,0.0,124.5,-8.8,52.9,50.02,48.7,234.2,False
2025-01-16T10:24:44.840975,1.0,129.9,-60.7,60.4,50.01,53.2,236.5,False
2025-01-16T10:24:44.986550,2.0,124.0,-0.0,52.3,50.01,39.7,237.9,False
2025-01-16T10:24:45.139221,2.0,99.1,7.0,41.5,50.01,39.7,237.9,False
2025-01-16T10:24:45.295193,0.0,91.3,-7.7,38.8,50.01,50.5,234.2,False
2025-01-16T10:24:45.443434,1.0,103.8,-3.2,43.6,50.02,79.3,236.5,False
2025-01-16T10:24:45.587970,2.0,99.1,7.0,41.5,50.0,66.3,238.0,False
2025-01-16T10:24:56.625882,0.0,116.5,-6.1,49.7,50.01,48.2,234.1,False
2025-01-16T10:24:56.758789,1.0,103.8,-3.2,43.6,50.01,38.4,236.4,False
2025-01-16T10:24:56.875808,2.0,99.1,7.0,41.5,50.01,29.4,237.9,False
2025-01-16T10:25:09.533425,0.0,90.0,3.0,38.6,50.01,47.6,233.9,False
2025-01-16T10:25:10.329304,1.0,103.8,-3.2,43.6,50.01,67.4,236.2,False
2025-01-16T10:25:11.214247,2.0,99.1,7.0,41.5,50.0,56.1,237.6,False
2025-01-16T10:25:32.711041,0.0,124.5,-8.8,52.9,50.02,54.9,234.0,False
2025-01-16T10:25:32.882077,1.0,137.6,-4.0,57.8,50.01,94.0,236.3,False
2025-01-16T10:25:33.029506,2.0,133.9,7.8,56.1,50.01,84.4,237.7,False
2025-01-16T10:25:33.169601,0.0,55.2,0.8,23.7,50.01,51.4,234.1,False
2025-01-16T10:25:33.302015,1.0,62.0,-0.8,26.3,50.02,84.7,236.3,False
2025-01-16T10:25:33.438371,2.0,59.0,6.8,25.0,50.01,73.3,237.8,False
2025-01-16T10:25:44.658318,0.0,87.7,-64.3,46.5,50.03,48.6,234.0,False
2025-01-16T10:25:44.833483,0.0,91.3,-7.7,38.8,50.03,48.6,234.0,False
2025-01-16T10:25:44.984792,1.0,94.2,-38.0,42.9,50.02,74.4,236.3,False
2025-01-16T10:25:45.132358,1.0,54.3,-60.5,34.3,50.02,74.4,236.3,False
2025-01-16T10:25:45.269168,2.0,96.8,4.9,40.6,50.03,63.8,237.8,False
2025-01-16T10:25:56.646402,0.0,65.0,-56.0,36.7,50.0,47.7,234.1,False
2025-01-16T10:25:56.794334,1.0,113.4,46.1,51.8,50.01,37.5,236.4,False
2025-01-16T10:25:56.913111,1.0,137.6,-4.0,57.8,50.01,37.5,236.4,False
2025-01-16T10:25:57.049654,2.0,105.1,67.3,52.5,50.01,29.2,237.8,False
2025-01-16T10:25:57.190410,2.0,133.9,7.8,56.1,50.01,29.2,237.8,False
2025-01-16T10:26:08.738506,1.0,42.7,-1.1,17.9,50.02,51.2,236.4,False
2025-01-16T10:26:08.899298,2.0,38.9,5.0,16.4,50.02,41.2,237.8,False
2025-01-16T10:26:32.602172,1.0,63.7,-3.0,26.8,50.02,62.8,236.1,False
2025-01-16T10:26:44.738814,1.0,42.7,-1.1,17.9,50.02,51.4,236.1,False
2025-01-16T10:26:44.879196,1.0,103.8,-3.2,43.6,50.02,51.4,236.1,False
2025-01-16T10:26:45.022318,2.0,38.9,5.0,16.4,50.01,40.2,237.5,False
2025-01-16T10:26:56.722384,1.0,63.7,-3.0,26.8,50.01,37.7,236.6,False
2025-01-16T10:26:56.875465,2.0,39.3,11.3,17.3,50.02,29.0,238.1,False
2025-01-16T10:27:08.768746,0.0,91.3,-7.7,38.8,50.02,47.5,234.0,False
2025-01-16T10:27:08.931836,1.0,108.4,1.2,45.7,50.02,68.1,236.3,False
2025-01-16T10:27:09.079822,2.0,96.8,4.9,40.6,50.02,54.9,237.7,False
2025-01-16T10:27:20.721478,0.0,91.3,-7.7,38.8,50.0,46.5,234.1,False
2025-01-16T10:27:20.877979,1.0,108.4,1.2,45.7,50.01,39.2,236.5,False
2025-01-16T10:27:21.023380,2.0,99.1,7.0,41.5,50.0,30.5,237.9,False
2025-01-16T10:27:32.557192,1.0,42.7,-1.1,17.9,50.02,52.4,236.6,False
2025-01-16T10:27:56.740034,1.0,42.7,-1.1,17.9,50.01,38.5,236.7,False
2025-01-16T10:27:56.865330,2.0,37.1,10.6,16.2,50.02,29.6,238.1,False
2025-01-16T10:28:32.712289,0.0,37.1,-3.8,15.8,50.02,45.9,234.5,False
2025-01-16T10:28:32.864670,1.0,42.7,-1.1,17.9,50.02,52.0,236.8,False
2025-01-16T10:28:33.049550,2.0,38.9,5.0,16.4,50.01,41.2,238.1,False
2025-01-16T10:28:33.214019,0.0,49.2,-15.9,22.0,50.02,47.4,234.4,False
2025-01-16T10:28:33.382774,1.0,42.7,-1.1,17.9,50.01,37.8,236.7,False
2025-01-16T10:28:33.558793,2.0,38.9,5.0,16.4,50.02,28.3,238.1,False
2025-01-16T10:28:33.735361,0.0,47.5,-11.1,20.8,50.02,46.3,234.4,False
2025-01-16T10:28:33.889778,0.0,47.5,-11.1,20.8,50.02,46.3,234.4,False
2025-01-16T10:28:34.041849,1.0,42.7,-1.1,17.9,50.01,49.7,236.7,False
2025-01-16T10:28:34.181946,2.0,38.9,5.0,16.4,50.02,38.3,238.1,False
2025-01-16T10:31:32.438444,0.0,34.8,-3.8,14.6,49.98,51.7,233.8,False
2025-01-16T10:31:32.739210,1.0,42.7,-1.1,17.9,49.98,44.4,236.1,False
2025-01-16T10:31:32.876633,2.0,38.9,5.0,16.4,49.98,33.3,237.5,False
2025-01-16T10:32:08.701294,1.0,42.7,-1.1,17.9,49.98,56.8,236.0,False
2025-01-16T10:32:08.853455,2.0,38.9,5.0,16.4,49.97,43.9,237.4,False
2025-01-16T10:32:32.659784,1.0,42.7,-1.1,17.9,49.98,45.0,235.9,False
2025-01-16T10:32:32.790712,2.0,38.9,5.0,16.4,49.98,33.5,237.3,False
2025-01-16T10:33:08.654710,0.0,124.8,6.8,53.4,49.97,49.6,233.8,False
2025-01-16T10:33:08.796382,1.0,137.6,-4.0,57.8,49.98,73.6,236.1,False
2025-01-16T10:33:08.931535,2.0,133.8,9.0,55.9,49.98,62.5,237.5,False
2025-01-16T10:33:09.064839,0.0,91.3,-7.7,38.8,49.99,54.3,233.9,False
2025-01-16T10:33:09.192322,1.0,103.8,-3.2,43.6,49.98,92.7,236.1,False
2025-01-16T10:33:09.305476,2.0,99.1,7.0,41.5,49.98,81.5,237.4,False
2025-01-16T10:33:20.632932,0.0,124.5,-8.8,52.9,49.99,48.7,233.9,False
2025-01-16T10:33:20.756261,1.0,137.6,-4.0,57.8,49.98,67.5,236.1,False
2025-01-16T10:33:20.883340,2.0,133.8,9.0,55.9,49.98,56.1,237.4,False
2025-01-16T10:33:21.006562,0.0,53.7,-3.0,23.2,49.98,48.9,234.1,False
2025-01-16T10:33:21.119806,1.0,63.5,-3.8,27.0,49.99,50.7,236.3,False
2025-01-16T10:33:21.236583,2.0,99.1,7.0,41.5,49.98,38.2,237.6,False
2025-01-16T10:33:44.695074,0.0,124.5,-8.8,52.9,50.0,50.2,233.9,False
2025-01-16T10:33:44.859695,1.0,137.6,-4.0,57.8,49.98,81.4,236.1,False
2025-01-16T10:33:45.009383,2.0,133.8,9.0,55.9,49.98,69.6,237.5,False
2025-01-16T10:33:56.685661,0.0,91.3,-7.7,38.8,49.99,48.9,233.7,False
2025-01-16T10:33:56.806967,1.0,103.8,-3.2,43.6,49.99,62.1,236.0,False
2025-01-16T10:33:56.947678,2.0,96.8,4.9,40.6,49.97,51.0,237.3,False
2025-01-16T10:34:32.661537,0.0,36.3,-6.1,15.3,49.99,49.7,233.2,False
2025-01-16T10:34:32.794904,1.0,40.8,-3.0,17.2,49.99,51.8,235.6,False
2025-01-16T10:34:32.910207,2.0,39.3,0.8,16.5,49.98,41.0,236.9,False
2025-01-16T10:34:56.634176,0.0,91.3,-7.7,38.8,49.99,49.2,233.9,False
2025-01-16T10:34:56.757390,1.0,103.8,-3.2,43.6,49.98,75.8,236.2,False
2025-01-16T10:34:56.875123,2.0,99.1,7.0,41.5,49.99,65.2,237.5,False
2025-01-16T10:34:56.993701,1.0,39.3,-1.5,16.7,50.0,66.8,236.1,False
2025-01-16T10:34:57.132275,1.0,137.6,-4.0,57.8,50.0,66.8,236.1,False
2025-01-16T10:35:20.668494,0.0,91.3,-7.7,38.8,49.98,48.2,233.7,False
2025-01-16T10:35:20.790381,1.0,103.8,-3.2,43.6,49.98,38.1,236.1,False
2025-01-16T10:35:20.913732,2.0,133.8,9.0,55.9,49.98,31.3,237.4,False
2025-01-16T10:35:44.631792,0.0,91.3,-7.7,38.8,49.98,47.5,233.9,False
2025-01-16T10:35:44.761376,1.0,137.6,-4.0,57.8,49.99,74.2,236.2,False
2025-01-16T10:35:44.919328,2.0,133.8,9.0,55.9,49.98,65.8,237.6,False
2025-01-16T10:35:56.636362,1.0,37.8,-6.1,16.1,49.97,64.7,236.0,False
2025-01-16T10:35:56.757663,2.0,48.4,5.3,20.4,49.98,53.7,237.4,False
2025-01-16T10:35:56.865142,2.0,133.8,9.0,55.9,49.98,53.7,237.4,False
2025-01-16T10:36:09.421345,0.0,91.3,-7.7,38.8,49.99,47.0,233.5,False
2025-01-16T10:36:10.343224,1.0,64.3,-0.0,27.2,49.98,50.0,235.8,False
2025-01-16T10:36:11.220934,2.0,99.1,7.0,41.5,49.98,40.3,237.2,False
2025-01-16T10:36:20.571625,1.0,40.8,-0.8,17.4,49.99,36.8,235.9,False
2025-01-16T10:36:20.741359,1.0,137.6,-4.0,57.8,49.99,36.8,235.9,False
2025-01-16T10:36:32.687385,0.0,91.3,-7.7,38.8,49.98,49.8,233.4,False
2025-01-16T10:36:32.806198,1.0,137.6,-4.0,57.8,49.99,77.4,235.6,False
2025-01-16T10:36:32.923959,2.0,133.8,9.0,55.9,49.98,64.3,237.1,False
2025-01-16T10:36:56.621254,2.0,38.9,5.0,16.4,49.99,71.4,237.3,False
2025-01-16T10:36:56.728587,0.0,124.5,-8.8,52.9,49.99,46.4,233.6,False
2025-01-16T10:36:56.867802,1.0,137.6,-4.0,57.8,49.99,49.9,235.9,False
2025-01-16T10:36:56.981620,2.0,133.8,9.0,55.9,50.0,39.2,237.3,False
2025-01-16T10:37:20.580757,1.0,42.4,-1.5,18.0,49.99,37.6,235.9,False
2025-01-16T10:37:44.645430,0.0,124.5,-8.8,52.9,49.99,48.6,233.8,False
2025-01-16T10:37:44.790213,1.0,137.6,-4.0,57.8,50.01,75.4,236.0,False
2025-01-16T10:37:44.909746,2.0,99.1,7.0,41.5,50.0,63.0,237.4,False
2025-01-16T10:37:56.641150,0.0,37.8,-4.5,16.0,49.99,46.8,233.6,False
2025-01-16T10:37:56.780132,1.0,40.8,3.0,17.3,50.0,65.1,235.7,False
2025-01-16T10:37:56.904750,2.0,38.9,5.0,16.4,49.99,53.6,237.2,False
2025-01-16T10:38:20.706690,0.0,46.1,-72.6,36.9,50.0,47.7,233.8,False
2025-01-16T10:38:20.831199,0.0,145.2,-87.1,71.9,50.0,47.7,233.8,False
2025-01-16T10:38:20.958290,1.0,12.1,-56.7,24.7,50.01,37.7,236.1,False
2025-01-16T10:38:21.095783,1.0,137.6,-4.0,57.8,50.01,37.7,236.1,False
2025-01-16T10:38:21.231666,2.0,15.9,-58.2,25.5,50.01,29.7,237.5,False
2025-01-16T10:38:32.719112,0.0,145.2,-87.1,71.9,49.99,48.1,233.2,False
2025-01-16T10:38:32.853336,1.0,129.9,-60.7,60.4,49.99,68.3,235.4,False
2025-01-16T10:38:32.986142,2.0,96.8,4.9,40.6,49.99,57.6,236.9,False
2025-01-16T10:38:44.697228,0.0,124.8,-9.1,53.5,50.0,54.8,233.3,False
2025-01-16T10:38:44.838696,1.0,137.6,-4.0,57.8,49.99,94.5,235.5,False
2025-01-16T10:38:44.972031,2.0,133.9,7.8,56.1,49.99,84.3,237.0,False
2025-01-16T10:38:45.112266,0.0,91.3,-7.7,38.8,50.0,49.0,233.6,False
2025-01-16T10:38:45.259477,1.0,101.3,3.8,43.2,50.01,76.6,235.8,False
2025-01-16T10:38:45.397698,1.0,137.6,-4.0,57.8,50.01,76.6,235.8,False
2025-01-16T10:38:45.539606,2.0,96.8,4.9,40.6,49.99,66.1,237.3,False
2025-01-16T10:38:45.682642,0.0,52.2,-6.8,22.3,49.99,47.2,233.4,False
2025-01-16T10:38:56.674180,1.0,37.1,-3.8,15.8,49.99,52.8,235.5,False
2025-01-16T10:38:56.795793,2.0,40.1,4.5,17.0,49.99,41.1,237.0,False
2025-01-16T10:38:56.923142,2.0,133.9,7.8,56.1,49.99,41.1,237.0,False
2025-01-16T10:39:08.760100,0.0,91.3,-7.7,38.8,50.0,50.9,233.7,False
2025-01-16T10:39:08.925696,1.0,137.6,-4.0,57.8,50.0,82.5,235.9,False
2025-01-16T10:39:09.082191,2.0,133.8,9.0,55.9,50.01,72.6,237.4,False
2025-01-16T10:39:32.652034,0.0,91.3,-7.7,38.8,50.0,47.2,233.7,False
2025-01-16T10:39:32.790646,1.0,96.8,-3.0,41.1,49.99,61.9,236.0,False
2025-01-16T10:39:32.917141,1.0,137.6,-4.0,57.8,49.99,61.9,236.0,False
2025-01-16T10:39:33.048553,2.0,99.1,7.0,41.5,50.0,49.1,237.4,False
2025-01-16T10:39:44.685040,0.0,37.8,-3.8,16.2,50.0,47.1,233.6,False
2025-01-16T10:39:44.826097,1.0,38.6,2.3,16.4,50.01,51.0,236.0,False
2025-01-16T10:39:44.965617,1.0,43.1,-1.5,18.3,50.01,37.3,235.9,False
2025-01-16T10:39:45.120764,1.0,129.9,-60.7,60.4,50.01,37.3,235.9,False
2025-01-16T10:39:45.263705,2.0,49.9,6.8,21.2,50.02,28.3,237.4,False
2025-01-16T10:40:20.645559,0.0,91.3,-7.7,38.8,50.02,47.3,234.0,False
2025-01-16T10:40:20.764952,1.0,103.8,-3.2,43.6,50.02,66.3,236.3,False
2025-01-16T10:40:20.888121,2.0,99.1,7.0,41.5,50.01,56.0,237.7,False
2025-01-16T10:40:44.655593,0.0,91.3,-7.7,38.8,50.01,47.9,233.9,False
2025-01-16T10:40:44.800220,1.0,103.8,-3.2,43.6,50.0,37.5,236.3,False
2025-01-16T10:40:44.953011,2.0,99.1,7.0,41.5,50.01,29.0,237.6,False
2025-01-16T10:41:08.683385,0.0,46.9,-75.6,37.9,49.99,47.8,233.8,False
2025-01-16T10:41:08.822517,1.0,12.9,-56.0,24.1,50.0,36.5,236.1,False
2025-01-16T10:41:08.968416,2.0,11.3,-59.0,25.2,49.99,28.7,237.5,False
2025-01-16T10:41:09.107265,2.0,133.8,9.0,55.9,49.99,28.7,237.5,False
2025-01-16T10:44:08.696740,0.0,54.0,-79.7,40.9,50.02,51.2,234.0,False
2025-01-16T10:44:08.874897,0.0,54.0,-79.7,40.9,50.02,51.2,234.0,False
2025-01-16T10:44:09.012418,1.0,54.3,-60.5,34.3,50.02,38.4,236.4,False
2025-01-16T10:44:09.132268,2.0,15.1,-60.5,26.1,50.03,28.8,237.7,False
2025-01-16T10:45:32.692402,0.0,45.4,-59.0,32.1,50.02,47.0,234.2,False
2025-01-16T10:45:32.848241,1.0,54.3,-60.5,34.3,50.03,36.5,236.5,False
2025-01-16T10:45:32.991192,2.0,12.9,-49.9,21.9,50.02,31.1,238.0,False
2025-01-16T10:46:44.668335,0.0,54.0,-79.7,40.9,49.97,45.9,233.6,False
2025-01-16T10:46:44.811067,0.0,54.0,-79.7,40.9,49.97,45.9,233.6,False
2025-01-16T10:46:44.948197,1.0,76.4,-47.6,38.5,49.99,56.2,235.9,False
2025-01-16T10:46:45.104742,2.0,96.8,4.9,40.6,49.97,47.9,237.3,False
2025-01-16T10:47:20.631976,0.0,53.7,-0.8,23.0,50.01,47.2,233.6,False
2025-01-16T10:47:20.768320,1.0,64.3,-1.5,27.3,50.02,36.9,235.8,False
2025-01-16T10:47:20.897646,2.0,60.5,10.6,25.9,49.99,30.5,237.3,False
2025-01-16T10:47:32.655052,0.0,52.9,-87.0,43.5,50.0,46.6,233.5,False
2025-01-16T10:47:32.770264,1.0,17.4,-68.1,29.7,49.99,37.4,235.7,False
2025-01-16T10:47:32.895465,2.0,20.4,-69.6,30.5,50.0,30.7,237.2,False
2025-01-16T10:47:56.654608,0.0,142.2,-93.0,72.4,49.99,47.1,233.9,False
2025-01-16T10:47:56.796314,1.0,129.9,-60.7,60.4,49.98,68.2,236.0,False
2025-01-16T10:47:56.932353,2.0,118.7,-54.5,54.9,49.98,57.4,237.5,False
2025-01-16T10:48:08.679502,0.0,63.5,13.6,27.8,49.99,50.7,233.8,False
2025-01-16T10:48:08.797787,1.0,63.7,-3.0,26.8,49.99,82.4,236.0,False
2025-01-16T10:48:08.934353,2.0,60.4,5.8,25.3,49.97,72.7,237.5,False
2025-01-16T10:48:09.071885,1.0,35.5,10.6,15.7,49.99,74.6,235.7,False
2025-01-16T10:48:20.717626,0.0,145.2,-87.1,71.9,50.0,47.3,233.5,False
2025-01-16T10:48:20.873558,1.0,129.9,-60.7,60.4,49.99,37.5,235.7,False
2025-01-16T10:48:21.010657,2.0,149.0,-22.7,63.5,49.98,29.8,237.2,False
2025-01-16T10:48:21.146322,2.0,96.8,4.9,40.6,49.98,29.8,237.2,False
2025-01-16T10:48:32.669929,0.0,145.2,-87.1,71.9,49.99,46.7,233.3,False
2025-01-16T10:48:32.806000,1.0,129.9,-60.7,60.4,50.0,67.0,235.5,False
2025-01-16T10:48:32.929342,2.0,99.1,7.0,41.5,49.99,56.7,236.9,False
2025-01-16T10:48:45.459434,0.0,90.8,34.8,41.6,49.99,53.5,233.4,False
2025-01-16T10:48:46.301656,1.0,108.4,1.2,45.7,49.99,90.8,235.6,False
2025-01-16T10:48:46.945907,2.0,133.8,9.0,55.9,50.0,80.4,237.0,False
2025-01-16T10:48:56.688907,0.0,80.9,0.8,34.6,50.02,46.3,233.4,False
2025-01-16T10:48:56.825724,1.0,108.4,1.2,45.7,50.01,61.0,235.7,False
2025-01-16T10:48:56.962662,2.0,99.1,7.0,41.5,50.01,49.9,237.2,False
2025-01-16T10:49:56.677856,0.0,40.8,-2.3,17.6,50.01,46.7,233.5,False
2025-01-16T10:49:56.800201,1.0,39.3,4.5,16.8,50.0,51.3,235.7,False
2025-01-16T10:49:56.914954,1.0,129.9,-60.7,60.4,50.0,51.3,235.7,False
2025-01-16T10:49:57.020979,1.0,63.7,-3.0,26.8,50.01,37.8,235.6,False
2025-01-16T10:49:57.123218,2.0,60.4,5.8,25.3,50.0,30.6,237.0,False
2025-01-16T10:50:20.658642,0.0,91.3,-7.7,38.8,49.98,47.2,232.6,False
2025-01-16T10:50:20.789139,1.0,108.4,1.2,45.7,49.98,66.5,234.9,False
2025-01-16T10:50:20.905215,2.0,99.1,7.0,41.5,49.98,54.4,236.0,False
2025-01-16T10:50:32.651300,0.0,116.5,-6.1,49.6,49.98,54.6,233.1,False
2025-01-16T10:50:32.779070,1.0,137.6,-4.0,57.8,49.99,93.6,235.4,False
2025-01-16T10:50:32.877761,2.0,133.9,7.8,56.1,49.96,86.1,236.8,False
2025-01-16T10:50:44.681813,0.0,91.3,-7.7,38.8,49.99,48.5,233.2,False
2025-01-16T10:50:44.828160,1.0,108.9,-0.0,46.3,49.99,75.7,235.5,False
2025-01-16T10:50:44.980763,2.0,99.1,7.0,41.5,49.99,66.4,236.8,False
2025-01-16T10:50:56.665732,0.0,64.3,-4.5,27.7,50.01,47.5,233.1,False
2025-01-16T10:50:56.779099,1.0,80.9,-0.8,34.4,50.0,37.5,235.4,False
2025-01-16T10:50:56.904742,1.0,137.6,-4.0,57.8,50.0,37.5,235.4,False
2025-01-16T10:50:57.031783,1.0,108.4,1.2,45.7,50.0,37.5,235.4,False
2025-01-16T10:50:57.155865,2.0,101.7,7.7,42.6,50.0,30.1,236.8,False
2025-01-16T10:50:57.283685,2.0,133.9,7.8,56.1,50.0,30.1,236.8,False
2025-01-16T10:50:57.403397,2.0,133.8,9.0,55.9,50.0,30.1,236.8,False
2025-01-16T10:51:20.635675,0.0,49.9,-40.1,27.5,49.98,47.2,233.1,False
2025-01-16T10:51:20.763529,1.0,90.8,39.3,42.0,49.99,68.6,235.4,False
2025-01-16T10:51:20.889715,2.0,73.4,55.2,38.8,49.99,56.9,236.8,False
2025-01-16T10:51:44.685823,0.0,90.0,-54.5,45.6,50.0,60.8,232.8,False
2025-01-16T10:51:44.835621,1.0,96.8,-35.5,44.1,50.0,94.3,235.1,False
2025-01-16T10:51:44.994960,2.0,94.5,-12.1,40.4,50.0,86.3,236.5,False
2025-01-16T10:51:45.143260,1.0,43.1,-2.3,18.3,50.01,82.6,235.0,False
2025-01-16T10:51:45.294693,2.0,42.4,12.1,18.6,50.0,71.8,236.4,False
2025-01-16T10:52:08.674983,0.0,44.6,-73.4,37.2,50.01,51.6,232.8,False
2025-01-16T10:52:08.831221,1.0,12.9,-57.5,25.3,50.0,43.0,235.1,False
2025-01-16T10:52:08.968300,2.0,15.1,-56.7,25.0,50.0,33.6,236.5,False
2025-01-16T10:52:20.624771,0.0,54.0,-79.7,40.9,50.02,51.3,232.8,False
2025-01-16T10:52:20.788674,0.0,54.0,-79.7,40.9,50.02,51.3,232.8,False
2025-01-16T10:52:20.902562,1.0,54.3,-60.5,34.3,50.01,56.3,235.2,False
2025-01-16T10:52:21.008423,2.0,56.0,-47.6,31.1,50.02,48.3,236.5,False
2025-01-16T10:52:32.643937,1.0,42.7,-1.1,17.9,50.02,68.4,234.8,False
2025-01-16T10:52:32.763650,2.0,38.9,5.0,16.4,50.02,61.1,236.0,False
2025-01-16T10:52:44.620229,1.0,42.7,-1.1,17.9,50.03,55.5,235.2,False
2025-01-16T10:52:44.740555,2.0,38.9,5.0,16.4,50.01,46.9,236.3,False
2025-01-16T10:52:56.604304,1.0,41.6,-0.0,17.7,50.01,42.6,235.2,False
2025-01-16T10:52:56.714001,2.0,39.3,9.1,17.1,50.0,34.8,236.3,False
2025-01-16T10:53:20.655465,0.0,91.3,-7.7,38.8,49.98,49.6,232.8,False
2025-01-16T10:53:20.775328,1.0,103.8,-3.2,43.6,50.01,68.2,235.2,False
2025-01-16T10:53:20.892140,2.0,99.1,7.0,41.5,50.02,58.6,236.4,False
2025-01-16T10:53:32.640411,0.0,51.4,14.4,25.5,50.02,49.6,237.3,False
2025-01-16T10:53:32.757782,0.0,124.5,-8.8,52.9,50.02,49.6,237.3,False
2025-01-16T10:53:32.877394,1.0,62.8,15.1,28.1,50.02,48.6,239.8,False
2025-01-16T10:53:32.999959,1.0,103.8,-3.2,43.6,50.02,48.6,239.8,False
2025-01-16T10:53:33.108766,2.0,59.0,25.7,27.3,50.02,39.9,241.1,False
2025-01-16T10:53:44.624547,0.0,40.8,-60.5,30.7,50.01,48.8,237.3,False
2025-01-16T10:53:44.759066,1.0,54.3,-60.5,34.3,50.01,49.0,239.8,False
2025-01-16T10:53:44.893336,2.0,16.6,-52.2,22.7,50.02,41.6,241.0,False
2025-01-16T10:53:56.600086,0.0,9.1,-58.2,24.7,50.0,51.2,237.4,False
2025-01-16T10:53:56.720026,1.0,31.0,-43.1,22.1,50.0,36.4,239.9,False
2025-01-16T10:53:56.833030,2.0,24.2,-59.7,26.7,50.0,28.9,241.1,False
2025-01-16T10:53:56.958297,0.0,124.5,-8.8,52.9,50.0,50.3,237.2,False
2025-01-16T10:53:57.087268,1.0,103.8,-3.2,43.6,50.01,66.1,239.7,False
2025-01-16T10:53:57.212375,2.0,115.0,4.5,47.8,50.02,57.3,241.0,False
2025-01-16T10:54:20.619429,0.0,57.5,-16.6,24.9,50.02,51.0,237.6,False
2025-01-16T10:54:20.796779,1.0,63.7,-3.0,26.8,50.02,80.9,240.0,False
2025-01-16T10:54:20.946052,2.0,60.4,5.8,25.3,50.02,70.6,241.2,False
2025-01-16T10:54:32.630730,0.0,91.3,-7.7,38.8,50.02,49.3,237.2,False
2025-01-16T10:54:32.757542,1.0,103.8,-3.2,43.6,50.01,59.4,239.7,False
2025-01-16T10:54:32.877817,2.0,99.1,7.0,41.5,50.01,50.2,240.9,False
2025-01-16T10:55:08.664008,1.0,39.3,-3.8,16.5,50.0,49.6,239.8,False
2025-01-16T10:55:08.793100,2.0,60.4,5.8,25.3,49.99,40.3,241.1,False
2025-01-16T10:55:20.660344,1.0,44.6,-1.5,18.7,50.01,35.6,240.0,False
2025-01-16T10:55:20.784712,2.0,40.8,9.1,17.4,50.0,28.3,241.2,False
2025-01-16T10:58:08.468830,0.0,2.3,4.5,2.1,50.02,46.8,237.6,False
2025-01-16T10:58:08.609843,1.0,0.0,-5.3,2.1,50.02,36.1,239.9,False
2025-01-16T10:58:08.764177,2.0,2.3,-0.8,1.0,50.02,28.2,241.2,False
2025-01-16T10:58:56.619352,0.0,91.3,-7.7,38.8,50.02,47.5,237.8,False
2025-01-16T10:58:56.740507,1.0,137.6,-4.0,57.8,50.03,71.1,240.0,False
2025-01-16T10:58:56.849429,2.0,133.8,9.0,55.9,50.03,61.2,241.3,False
2025-01-16T10:59:20.615195,0.0,47.5,-11.1,20.8,50.02,49.3,237.9,False
2025-01-16T10:59:20.732014,1.0,42.7,-1.1,17.9,50.02,80.5,240.1,False
2025-01-16T10:59:20.845989,0.0,124.5,-8.8,52.9,50.02,45.6,237.9,False
2025-01-16T10:59:20.972615,1.0,137.6,-4.0,57.8,50.03,49.3,240.1,False
2025-01-16T10:59:21.078062,2.0,133.8,9.0,55.9,50.02,38.9,241.4,False
2025-01-16T10:59:32.614210,1.0,42.7,-1.1,17.9,50.02,35.8,239.8,False
2025-01-16T10:59:44.613435,0.0,124.5,-8.8,52.9,50.02,48.1,237.6,False
2025-01-16T10:59:44.752514,1.0,137.6,-4.0,57.8,50.02,77.2,239.8,False
2025-01-16T10:59:44.874805,2.0,168.7,19.7,70.5,50.02,67.0,241.1,False
2025-01-16T10:59:56.607716,0.0,91.3,-7.7,38.8,50.02,45.2,237.9,False
2025-01-16T10:59:56.711819,1.0,96.1,-0.8,40.2,50.02,57.9,240.0,False
2025-01-16T10:59:56.820357,1.0,137.6,-4.0,57.8,50.02,57.9,240.0,False
2025-01-16T10:59:56.930554,2.0,92.3,10.6,38.6,50.02,46.7,241.3,False
2025-01-16T11:00:32.630171,0.0,37.8,0.8,15.7,49.98,46.0,237.7,False
2025-01-16T11:00:32.748692,0.0,47.5,-11.1,20.8,49.98,46.0,237.7,False
2025-01-16T11:00:32.861616,1.0,38.6,0.8,16.1,49.97,51.3,239.9,False
2025-01-16T11:00:32.980519,2.0,39.3,1.5,16.3,49.98,40.1,241.2,False
2025-01-16T11:00:56.713373,0.0,37.1,-5.3,15.6,49.99,46.6,237.5,False
2025-01-16T11:00:56.876209,1.0,63.7,-3.0,26.8,49.99,37.2,239.6,False
2025-01-16T11:00:57.035666,2.0,37.8,5.3,15.8,49.98,28.2,241.0,False
2025-01-16T11:01:08.713397,0.0,91.3,-7.7,38.8,49.99,46.1,237.3,False
2025-01-16T11:01:08.879693,1.0,108.4,1.2,45.7,49.99,64.5,239.5,False
2025-01-16T11:01:09.038122,2.0,99.1,7.0,41.5,49.99,53.5,240.8,False
2025-01-16T11:01:20.650132,1.0,108.4,1.2,45.7,49.98,37.6,239.3,False
2025-01-16T11:01:20.789637,2.0,99.1,7.0,41.5,49.97,31.1,240.6,False
2025-01-16T11:01:32.613052,0.0,18.9,-34.8,17.2,49.99,47.5,237.4,False
2025-01-16T11:01:32.751381,0.0,145.2,-87.1,71.9,49.99,47.5,237.4,False
2025-01-16T11:01:32.878930,0.0,145.2,-87.1,71.9,49.97,48.8,237.3,False
2025-01-16T11:01:33.003931,1.0,137.6,-4.0,57.8,49.97,75.7,239.7,False
2025-01-16T11:01:33.138355,2.0,133.9,7.8,56.1,49.98,67.2,240.9,False
2025-01-16T11:01:44.622992,0.0,91.3,-7.7,38.8,49.97,48.9,237.4,False
2025-01-16T11:01:44.768084,1.0,94.5,5.3,39.6,49.96,50.6,239.8,False
2025-01-16T11:01:44.908456,2.0,96.1,9.1,40.1,49.97,42.1,241.0,False
2025-01-16T11:01:56.632247,0.0,92.3,16.6,39.6,49.98,56.3,237.3,False
2025-01-16T11:01:56.762086,2.0,99.1,7.0,41.5,49.97,73.0,241.0,False
2025-01-16T11:01:56.895296,1.0,42.7,-1.1,17.9,49.97,85.0,239.8,False
2025-01-16T11:01:57.024666,1.0,42.7,-1.1,17.9,49.97,73.9,239.7,False
2025-01-16T11:01:57.147933,2.0,42.4,7.6,17.8,49.99,65.2,240.8,False
2025-01-16T11:02:20.639370,0.0,54.5,-3.0,23.1,49.98,50.0,237.4,False
2025-01-16T11:02:20.779511,1.0,65.8,1.5,27.5,49.98,57.1,239.7,False
2025-01-16T11:02:20.914133,2.0,59.7,12.1,25.3,49.98,48.1,241.0,False
2025-01-16T11:02:21.041981,2.0,133.9,7.8,56.1,49.98,48.1,241.0,False
2025-01-16T11:02:21.188825,1.0,48.4,-1.5,20.1,49.99,41.5,239.4,False
2025-01-16T11:02:21.327320,1.0,137.6,-4.0,57.8,49.99,41.5,239.4,False
2025-01-16T11:02:21.462559,2.0,37.8,10.6,16.3,49.98,34.0,240.7,False
2025-01-16T11:02:32.695580,0.0,91.3,-7.7,38.8,49.99,53.4,237.6,False
2025-01-16T11:02:32.831247,1.0,137.6,-4.0,57.8,49.99,80.6,239.9,False
2025-01-16T11:02:32.946617,2.0,133.8,9.0,55.9,49.99,73.5,241.2,False
2025-01-16T11:02:56.628848,1.0,42.7,-1.1,17.9,49.96,88.0,239.7,False
2025-01-16T11:02:56.747489,2.0,38.9,5.0,16.4,49.98,82.5,241.0,False
2025-01-16T11:02:56.863421,0.0,124.5,-8.8,52.9,49.96,50.2,237.6,False
2025-01-16T11:02:56.978626,1.0,137.6,-4.0,57.8,49.96,55.6,239.8,False
2025-01-16T11:02:57.104699,2.0,133.8,9.0,55.9,49.97,48.5,241.2,False
2025-01-16T11:03:20.670716,1.0,38.6,3.0,16.2,49.97,39.1,240.2,False
2025-01-16T11:03:20.831605,2.0,38.9,5.0,16.4,49.97,32.7,241.5,False
2025-01-16T11:03:56.656706,0.0,124.5,-8.8,52.9,49.97,50.2,237.4,False
2025-01-16T11:03:56.789682,1.0,137.6,-4.0,57.8,49.98,73.5,239.7,False
2025-01-16T11:03:56.928772,2.0,133.8,9.0,55.9,49.98,66.0,241.1,False
2025-01-16T11:03:57.061624,1.0,42.7,-1.1,17.9,49.98,64.5,239.8,False
2025-01-16T11:03:57.201884,2.0,38.6,-0.0,16.0,49.98,57.4,241.2,False
2025-01-16T11:04:20.617727,0.0,91.3,-7.7,38.8,49.99,51.4,237.7,False
2025-01-16T11:04:20.766970,1.0,106.6,-7.6,44.7,49.99,35.2,240.0,False
2025-01-16T11:04:20.891898,1.0,137.6,-4.0,57.8,49.99,35.2,240.0,False
2025-01-16T11:04:21.001644,2.0,99.1,7.0,41.5,49.99,29.5,241.3,False
2025-01-16T11:04:32.648138,0.0,123.3,-5.3,52.1,49.97,50.5,237.5,False
2025-01-16T11:04:32.762867,1.0,137.6,-4.0,57.8,49.98,72.7,239.8,False
2025-01-16T11:04:32.909998,2.0,133.9,7.8,56.1,49.98,64.0,241.2,False
2025-01-16T11:04:44.682841,0.0,91.3,-7.7,38.8,49.98,54.3,237.5,False
2025-01-16T11:04:44.836174,1.0,103.8,-3.2,43.6,49.96,90.7,239.8,False
2025-01-16T11:04:44.982317,2.0,96.8,4.9,40.6,49.97,82.5,241.2,False
2025-01-16T11:04:56.688500,0.0,38.6,-2.3,16.4,49.98,49.5,237.4,False
2025-01-16T11:04:56.827837,1.0,40.8,-0.0,17.1,49.97,64.6,239.7,False
2025-01-16T11:04:56.965000,1.0,137.6,-4.0,57.8,49.97,64.6,239.7,False
2025-01-16T11:04:57.105653,2.0,43.1,2.3,17.9,49.97,55.8,241.1,False
2025-01-16T11:04:57.230129,2.0,133.8,9.0,55.9,49.97,55.8,241.1,False
2025-01-16T11:04:57.349483,0.0,54.5,-0.8,23.0,49.96,49.8,237.5,False
2025-01-16T11:04:57.467941,0.0,91.3,-7.7,38.8,49.96,49.8,237.5,False
2025-01-16T11:04:57.598282,1.0,59.7,-1.5,25.0,49.97,48.7,239.8,False
2025-01-16T11:04:57.741337,2.0,62.0,2.3,25.8,49.97,40.9,241.2,False
2025-01-16T11:04:57.887512,2.0,133.9,7.8,56.1,49.97,40.9,241.2,False
2025-01-16T11:05:20.644485,0.0,38.6,-0.8,16.3,49.98,50.9,237.5,False
2025-01-16T11:05:20.787242,1.0,38.6,0.0,16.1,49.97,78.2,239.9,False
2025-01-16T11:05:20.930135,2.0,38.9,5.0,16.4,49.97,70.4,241.2,False
2025-01-16T11:05:32.656760,0.0,86.2,-1.5,36.5,49.97,49.4,237.8,False
2025-01-16T11:05:32.780208,1.0,103.8,-3.2,43.6,49.96,58.4,240.0,False
2025-01-16T11:05:32.901440,2.0,96.8,4.9,40.6,49.97,49.4,241.4,False
2025-01-16T11:05:56.577521,1.0,37.8,-6.8,15.9,49.97,47.9,239.7,False
2025-01-16T11:06:08.665040,0.0,36.3,-2.3,15.4,49.98,47.1,237.6,False
2025-01-16T11:06:08.790358,1.0,41.6,0.8,17.4,49.98,34.7,239.8,False
2025-01-16T11:06:08.938927,2.0,38.9,5.0,16.4,49.97,28.7,241.2,False
2025-01-16T11:06:20.623618,0.0,91.3,-7.7,38.8,49.99,47.2,237.1,False
2025-01-16T11:06:20.747740,1.0,108.4,1.2,45.7,49.98,65.6,239.3,False
2025-01-16T11:06:20.902511,2.0,99.1,7.0,41.5,49.97,55.0,240.7,False
2025-01-16T11:06:44.667176,0.0,55.2,-3.0,23.4,49.98,46.8,237.2,False
2025-01-16T11:06:44.819681,0.0,145.2,-87.1,71.9,49.98,46.8,237.2,False
2025-01-16T11:06:44.972372,1.0,67.3,-0.8,28.2,49.98,35.6,239.3,False
2025-01-16T11:06:45.121444,2.0,56.0,10.6,23.7,49.98,28.6,240.9,False
2025-01-16T11:09:44.488966,0.0,0.8,-6.1,2.1,49.99,46.7,237.6,False
2025-01-16T11:09:44.638109,1.0,3.0,-0.8,1.2,50.0,35.6,239.9,False
2025-01-16T11:09:44.761089,2.0,9.1,-0.0,3.9,49.98,27.2,241.3,False
2025-01-16T11:09:56.629139,0.0,54.1,-5.2,23.0,49.99,45.2,237.6,False
2025-01-16T11:09:56.741854,1.0,63.7,-3.0,26.8,49.99,54.8,239.8,False
2025-01-16T11:09:56.870606,2.0,60.4,5.8,25.3,49.99,45.6,241.3,False
2025-01-16T11:09:56.973329,0.0,54.1,-5.2,23.0,50.0,46.7,237.5,False
2025-01-16T11:09:57.082998,1.0,63.7,-3.0,26.8,50.0,35.2,239.9,False
2025-01-16T11:09:57.190742,2.0,60.4,5.8,25.3,50.0,28.5,241.2,False
2025-01-16T11:10:08.668810,0.0,71.1,-3.0,29.9,50.01,45.3,237.6,False
2025-01-16T11:10:08.801102,1.0,103.8,-3.2,43.6,50.0,58.1,239.9,False
2025-01-16T11:10:08.933128,1.0,108.4,1.2,45.7,50.0,58.1,239.9,False
2025-01-16T11:10:09.051753,2.0,96.8,4.9,40.6,50.01,48.4,241.3,False
2025-01-16T11:10:32.664275,1.0,41.6,-0.0,17.3,50.02,47.1,239.8,False
2025-01-16T11:10:32.770508,2.0,37.1,5.3,15.5,50.0,37.9,241.1,False
2025-01-16T11:10:32.862384,2.0,99.1,7.0,41.5,50.0,37.9,241.1,False
2025-01-16T11:10:44.659283,1.0,41.6,-1.5,17.4,50.0,34.8,239.8,False
2025-01-16T11:10:44.818471,2.0,39.3,6.1,16.5,50.0,28.1,241.2,False
2025-01-16T11:10:56.630127,0.0,93.0,-3.8,39.1,50.02,45.2,237.6,False
2025-01-16T11:10:56.744292,1.0,108.4,1.2,45.7,50.02,61.3,239.9,False
2025-01-16T11:10:56.850773,2.0,99.1,7.0,41.5,50.01,51.7,241.4,False
2025-01-16T11:11:08.699026,0.0,120.3,-1.5,50.6,50.01,50.5,237.6,False
2025-01-16T11:11:08.841121,1.0,137.6,-4.0,57.8,50.02,84.2,240.0,False
2025-01-16T11:11:08.952403,2.0,133.9,7.8,56.1,50.02,76.0,241.3,False
2025-01-16T11:11:09.080456,0.0,118.7,-76.4,59.5,50.01,48.0,237.6,False
2025-01-16T11:11:09.231675,1.0,91.5,-58.2,45.2,50.0,75.9,240.0,False
2025-01-16T11:11:09.368296,1.0,103.8,-3.2,43.6,50.0,75.9,240.0,False
2025-01-16T11:11:09.505519,2.0,96.8,4.9,40.6,50.0,67.4,241.4,False
2025-01-16T11:11:09.635948,0.0,26.5,-75.6,33.7,50.01,45.1,237.6,False
2025-01-16T11:11:09.778478,1.0,62.8,59.0,35.9,50.01,56.7,240.0,False
2025-01-16T11:11:09.895505,1.0,137.6,-4.0,57.8,50.01,56.7,240.0,False
2025-01-16T11:11:10.009183,2.0,60.5,66.6,37.3,50.01,46.9,241.4,False
2025-01-16T11:11:10.131523,2.0,133.9,7.8,56.1,50.01,46.9,241.4,False
2025-01-16T11:11:32.693823,0.0,91.3,-7.7,38.8,50.01,46.2,237.6,False
2025-01-16T11:11:32.797764,1.0,81.7,-0.8,34.0,50.01,34.0,239.9,False
2025-01-16T11:11:32.909085,2.0,99.1,7.0,41.5,50.02,26.7,241.2,False
2025-01-16T11:11:44.644454,0.0,91.3,-7.7,38.8,50.01,44.5,237.6,False
2025-01-16T11:11:44.773676,1.0,103.8,-3.2,43.6,50.02,61.2,239.8,False
2025-01-16T11:11:44.903959,2.0,99.1,7.0,41.5,50.01,52.1,241.3,False
2025-01-16T11:11:45.029344,0.0,127.8,-4.5,53.7,50.0,53.0,237.7,False
2025-01-16T11:11:45.144960,1.0,137.6,-4.0,57.8,50.0,88.6,240.0,False
2025-01-16T11:11:45.259696,2.0,133.9,7.8,56.1,50.0,77.1,241.4,False
2025-01-16T11:11:56.703707,0.0,112.7,-81.7,58.1,50.02,59.8,237.3,False
2025-01-16T11:11:56.809736,1.0,108.9,-41.6,48.3,50.01,80.8,239.5,False
2025-01-16T11:11:56.914882,1.0,108.4,1.2,45.7,50.01,80.8,239.5,False
2025-01-16T11:11:57.014891,2.0,70.3,-40.8,33.6,50.01,83.7,241.3,False
2025-01-16T11:12:08.686112,0.0,54.0,-79.7,40.9,50.01,59.4,237.2,False
2025-01-16T11:12:08.808745,1.0,53.7,-31.8,26.1,50.0,90.2,239.4,False
2025-01-16T11:12:08.929170,0.0,91.3,-7.7,38.8,50.01,52.5,237.5,False
2025-01-16T11:12:09.039922,1.0,103.8,-3.2,43.6,50.01,68.4,239.8,False
2025-01-16T11:12:09.139531,2.0,99.1,7.0,41.5,50.01,58.6,241.1,False
2025-01-16T11:12:44.676092,0.0,54.0,-79.7,40.9,50.02,51.0,237.9,False
2025-01-16T11:12:44.787732,1.0,16.6,-35.5,16.7,50.03,66.9,240.2,False
2025-01-16T11:12:44.921810,2.0,15.1,-35.5,16.4,50.03,57.8,241.6,False
2025-01-16T11:12:56.630933,0.0,0.8,-47.6,19.9,50.02,49.6,238.1,False
2025-01-16T11:12:56.727142,1.0,28.0,-40.8,20.6,50.03,53.9,240.3,False
2025-01-16T11:12:56.844558,2.0,14.4,-49.2,21.1,50.04,45.2,241.8,False
2025-01-16T11:13:08.734991,1.0,42.4,-3.0,17.7,50.03,40.9,240.3,False
2025-01-16T11:13:08.860440,1.0,137.6,-4.0,57.8,50.03,40.9,240.3,False
2025-01-16T11:13:08.982814,2.0,47.6,7.6,19.9,50.03,32.8,241.7,False
2025-01-16T11:13:32.655320,0.0,91.3,-7.7,38.8,50.03,51.4,237.9,False
2025-01-16T11:13:32.768977,1.0,103.8,-3.2,43.6,50.03,72.2,240.2,False
2025-01-16T11:13:32.867807,2.0,99.1,7.0,41.5,50.03,65.0,241.6,False
2025-01-16T11:13:44.646173,0.0,133.1,0.0,55.8,50.03,54.3,238.1,False
2025-01-16T11:13:44.761156,1.0,137.6,-4.0,57.8,50.02,91.1,240.3,False
2025-01-16T11:13:44.910087,2.0,133.8,9.0,55.9,50.02,83.2,241.7,False
2025-01-16T11:13:56.685025,0.0,91.3,-7.7,38.8,50.03,49.5,238.0,False
2025-01-16T11:13:56.807822,1.0,103.8,-3.2,43.6,50.03,48.8,240.2,False
2025-01-16T11:13:56.908942,2.0,99.1,7.0,41.5,50.02,38.8,241.6,False
2025-01-16T11:13:57.013154,2.0,133.9,7.8,56.1,50.02,38.8,241.6,False
2025-01-16T11:13:57.121601,0.0,91.3,-7.7,38.8,50.02,49.1,238.1,False
2025-01-16T11:13:57.226006,1.0,103.8,-3.2,43.6,50.03,72.8,240.3,False
2025-01-16T11:13:57.323441,2.0,99.1,7.0,41.5,50.03,63.0,241.7,False
2025-01-16T11:14:08.658394,0.0,124.5,-8.8,52.9,50.02,50.5,238.1,False
2025-01-16T11:14:08.787046,1.0,137.6,-4.0,57.8,50.04,36.3,240.3,False
2025-01-16T11:14:08.897810,2.0,133.8,9.0,55.9,50.03,27.8,241.7,False
2025-01-16T11:14:20.667155,0.0,85.5,-4.5,36.5,50.03,48.6,237.5,False
2025-01-16T11:14:20.792619,1.0,108.4,1.2,45.7,50.03,64.6,239.8,False
2025-01-16T11:14:20.905396,2.0,96.8,4.9,40.6,50.03,54.3,241.2,False
2025-01-16T11:14:44.638374,0.0,124.5,-8.8,52.9,50.04,51.8,237.7,False
2025-01-16T11:14:44.756065,1.0,137.6,-4.0,57.8,50.03,87.7,240.0,False
2025-01-16T11:14:44.852778,2.0,133.9,7.8,56.1,50.03,78.7,241.4,False
2025-01-16T11:14:44.946550,0.0,56.7,1.5,23.8,50.03,49.3,237.6,False
2025-01-16T11:14:45.052067,1.0,59.7,-4.5,24.9,50.03,78.5,239.9,False
2025-01-16T11:14:45.166141,2.0,65.0,3.0,26.9,50.03,67.7,241.3,False
2025-01-16T11:14:56.646334,0.0,37.8,-3.8,16.2,50.03,47.7,237.8,False
2025-01-16T11:14:56.749223,1.0,40.1,2.3,16.8,50.03,70.3,240.1,False
2025-01-16T11:14:56.842533,1.0,108.4,1.2,45.7,50.03,70.3,240.1,False
2025-01-16T11:14:56.935579,2.0,36.3,3.0,15.2,50.03,60.2,241.4,False
2025-01-16T11:15:08.675198,0.0,124.5,-8.8,52.9,50.04,50.6,237.6,False
2025-01-16T11:15:08.811033,1.0,137.6,-4.0,57.8,50.04,34.2,239.9,False
2025-01-16T11:15:08.945008,2.0,133.9,7.8,56.1,50.03,28.5,241.3,False
2025-01-16T11:15:09.068087,2.0,99.1,7.0,41.5,50.03,28.5,241.3,False
2025-01-16T11:15:20.634642,0.0,43.9,-69.6,35.0,50.03,51.1,237.9,False
2025-01-16T11:15:20.759277,1.0,11.3,-59.0,25.3,50.03,34.7,240.2,False
2025-01-16T11:15:20.890381,1.0,103.8,-3.2,43.6,50.03,34.7,240.2,False
2025-01-16T11:15:21.029189,2.0,17.4,-58.2,25.3,50.03,27.1,241.5,False
2025-01-16T11:16:20.737688,0.0,76.4,0.0,32.2,50.01,51.1,237.2,False
2025-01-16T11:16:20.874609,1.0,103.8,-3.2,43.6,50.03,84.1,239.2,False
2025-01-16T11:16:21.019556,2.0,99.1,7.0,41.5,50.02,74.5,240.7,False
2025-01-16T11:16:21.152308,0.0,170.9,-5.3,72.2,50.01,47.1,237.3,False
2025-01-16T11:16:21.315137,1.0,191.3,1.5,80.1,50.01,36.1,239.3,False
2025-01-16T11:16:21.447433,2.0,175.5,23.4,73.6,50.02,28.6,240.8,False
2025-01-16T11:16:21.590421,2.0,99.1,7.0,41.5,50.02,28.6,240.8,False
2025-01-16T11:16:21.742277,0.0,86.2,-5.3,36.4,50.01,46.3,237.3,False
2025-01-16T11:16:21.877638,1.0,108.4,1.2,45.7,50.01,65.0,239.3,False
2025-01-16T11:16:22.024111,2.0,99.1,7.0,41.5,50.01,54.9,240.8,False
2025-01-16T11:16:32.698958,0.0,44.6,-0.8,18.7,50.01,45.4,237.1,False
2025-01-16T11:16:32.814757,1.0,53.7,-3.0,22.5,49.99,50.5,239.2,False
2025-01-16T11:16:32.932882,1.0,108.4,1.2,45.7,49.99,50.5,239.2,False
2025-01-16T11:16:33.047219,2.0,55.2,6.1,23.0,50.02,40.1,240.7,False
2025-01-16T11:16:33.155547,2.0,99.1,7.0,41.5,50.02,40.1,240.7,False
2025-01-16T11:19:32.676970,0.0,43.9,-8.3,18.7,50.03,47.2,237.0,False
2025-01-16T11:19:32.821484,1.0,49.9,3.8,20.9,50.03,34.9,239.2,False
2025-01-16T11:19:32.959281,2.0,45.4,6.1,19.0,50.03,29.3,240.6,False
2025-01-16T11:22:32.508412,0.0,1.5,-12.9,5.5,49.99,49.6,236.9,False
2025-01-16T11:22:32.686136,1.0,3.0,3.8,2.0,50.0,42.1,239.2,False
2025-01-16T11:22:32.812835,2.0,1.5,2.3,1.1,49.99,31.6,240.5,False
2025-01-16T11:25:32.507269,0.0,3.0,-12.1,6.1,50.01,50.5,237.8,False
2025-01-16T11:25:32.625114,1.0,3.0,8.3,3.0,50.01,37.0,240.2,False
2025-01-16T11:25:32.730517,2.0,0.8,-6.8,1.9,50.0,29.5,241.6,False
2025-01-16T11:28:32.508336,0.0,2.3,7.6,3.4,50.02,46.0,237.8,False
2025-01-16T11:28:32.645961,1.0,3.0,-3.0,1.7,50.01,37.1,240.1,False
2025-01-16T11:28:32.774837,2.0,1.5,-3.8,1.5,50.01,29.2,241.4,False
2025-01-16T11:31:32.510272,0.0,0.8,-5.3,1.9,49.97,47.0,237.4,False
2025-01-16T11:31:32.691767,1.0,2.3,-0.0,0.9,49.97,36.9,239.6,False
2025-01-16T11:31:32.823716,2.0,4.5,0.8,2.0,49.97,30.9,241.0,False
2025-01-16T11:34:32.508569,0.0,2.3,-0.8,0.8,49.97,50.4,237.7,False
2025-01-16T11:34:32.646021,1.0,2.3,-0.8,0.9,49.98,38.3,240.0,False
2025-01-16T11:34:32.769297,2.0,3.8,1.5,1.7,49.98,30.1,241.3,False
2025-01-16T11:37:32.743450,1.0,15.1,-69.6,29.8,49.99,37.3,240.1,False
2025-01-16T11:37:32.866656,1.0,103.8,-3.2,43.6,49.99,37.3,240.1,False
2025-01-16T11:37:32.999564,2.0,18.9,-70.3,30.3,49.99,29.3,241.4,False
2025-01-16T11:40:32.511117,0.0,3.0,-1.5,1.4,50.01,46.0,237.8,False
2025-01-16T11:40:32.612504,1.0,0.8,0.8,0.5,50.01,36.4,240.1,False
2025-01-16T11:40:32.721762,2.0,0.8,1.5,0.8,50.0,30.3,241.6,False
2025-01-16T11:43:32.582015,0.0,54.0,-79.7,40.9,50.03,49.8,237.9,False
2025-01-16T11:43:32.776241,1.0,54.3,-60.5,34.3,50.03,40.7,240.1,False
2025-01-16T11:43:32.902745,2.0,20.4,-70.3,30.4,50.02,33.1,241.6,False
2025-01-16T11:46:32.513237,0.0,3.8,-12.9,5.6,50.0,50.1,237.7,False
2025-01-16T11:46:32.650701,1.0,0.8,2.3,1.1,49.99,36.9,240.0,False
2025-01-16T11:46:32.768504,2.0,0.0,2.3,1.0,50.0,28.7,241.5,False
2025-01-16T11:49:32.513588,0.0,0.0,6.8,2.4,50.01,46.2,238.2,False
2025-01-16T11:49:32.651695,1.0,1.5,-2.3,1.6,50.01,36.3,240.5,False
2025-01-16T11:49:32.796770,2.0,4.5,1.5,2.0,50.01,27.9,241.9,False
2025-01-16T11:52:32.515065,0.0,1.5,-3.0,0.9,49.99,45.9,237.8,False
2025-01-16T11:52:32.606584,1.0,1.5,-1.5,0.6,50.0,37.0,240.1,False
2025-01-16T11:52:32.702997,2.0,0.8,-2.3,0.8,50.0,28.9,241.5,False
2025-01-16T11:55:20.517659,0.0,3.0,-2.3,0.8,50.03,49.9,239.3,False
2025-01-16T11:55:20.687932,1.0,2.3,-9.8,2.8,50.02,36.0,241.7,False
2025-01-16T11:55:20.811857,2.0,1.5,-6.8,1.6,50.02,29.5,243.1,False
2025-01-16T11:58:20.517502,0.0,0.8,-11.3,2.5,50.0,46.3,235.1,False
2025-01-16T11:58:20.647268,1.0,2.3,-21.2,5.2,50.01,37.7,237.4,False
2025-01-16T11:58:20.783632,2.0,0.8,-14.4,2.6,50.02,29.0,238.8,False
2025-01-16T12:01:20.518269,0.0,2.3,-2.3,1.3,49.98,46.8,235.3,False
2025-01-16T12:01:20.659880,1.0,2.3,0.0,0.9,50.0,38.2,237.6,False
2025-01-16T12:01:20.800457,2.0,1.5,-2.3,1.2,49.99,29.3,238.9,False
2025-01-16T12:04:20.522981,0.0,2.3,-7.6,3.4,49.99,50.4,235.2,False
2025-01-16T12:04:20.713365,1.0,0.0,0.0,0.1,49.98,42.7,237.5,False
2025-01-16T12:04:20.853800,2.0,1.5,1.5,0.8,49.99,33.1,238.8,False
2025-01-16T12:07:20.595364,1.0,3.0,0.8,1.3,50.0,36.9,237.8,False
2025-01-16T12:07:20.732608,2.0,0.8,5.3,1.9,49.99,28.3,239.1,False
2025-01-16T12:10:20.521577,0.0,2.3,0.8,1.0,50.01,45.8,235.6,False
2025-01-16T12:10:20.645712,1.0,2.3,-3.0,1.5,50.0,37.8,237.9,False
2025-01-16T12:10:20.769606,2.0,2.3,1.5,1.2,50.01,29.5,239.3,False
2025-01-16T12:13:20.524177,0.0,1.5,3.8,2.0,50.01,48.8,236.0,False
2025-01-16T12:13:20.680793,1.0,0.8,-4.5,1.7,50.0,38.6,238.2,False
2025-01-16T12:13:20.814115,2.0,0.8,0.0,0.6,50.0,30.7,239.8,False
2025-01-16T12:16:20.524364,0.0,0.8,4.5,1.4,50.0,50.3,235.3,False
2025-01-16T12:16:20.654105,1.0,2.3,-5.3,1.8,50.01,38.6,237.5,False
2025-01-16T12:16:20.777696,2.0,0.0,0.8,1.2,49.99,29.1,238.8,False
2025-01-16T12:19:20.524784,0.0,0.0,1.5,0.8,50.01,48.6,235.2,False
2025-01-16T12:19:20.629850,1.0,1.5,0.8,0.7,50.01,38.9,237.3,False
2025-01-16T12:19:20.758965,2.0,4.5,0.0,1.9,50.0,28.8,238.8,False
2025-01-16T12:22:20.527611,0.0,1.5,-1.5,0.8,50.02,47.2,235.1,False
2025-01-16T12:22:20.706951,1.0,5.3,-1.5,2.2,50.02,36.6,237.1,False
2025-01-16T12:22:20.842211,2.0,3.0,-2.3,1.6,50.03,29.9,238.7,False
2025-01-16T12:25:20.525795,0.0,6.8,0.8,3.0,50.0,49.1,235.0,False
2025-01-16T12:25:20.631624,1.0,4.5,-1.5,2.0,50.0,37.3,237.1,False
2025-01-16T12:25:20.724118,2.0,0.8,-3.0,1.2,50.0,28.5,238.5,False
2025-01-16T12:28:20.582191,0.0,0.8,-7.6,2.3,50.0,47.6,236.0,False
2025-01-16T12:28:20.716533,1.0,4.5,3.8,2.2,50.0,35.1,238.1,False
2025-01-16T12:28:20.847845,2.0,2.3,-7.6,2.2,50.0,30.6,239.7,False
2025-01-16T12:31:20.530292,0.0,0.8,-3.8,2.1,50.0,48.1,235.7,False
2025-01-16T12:31:20.649373,1.0,4.5,6.1,3.0,50.0,38.2,237.8,False
2025-01-16T12:31:20.785719,2.0,3.0,-4.5,1.9,50.01,29.6,239.2,False
2025-01-16T12:34:20.533957,0.0,0.8,-2.3,1.2,50.0,48.7,235.8,False
2025-01-16T12:34:20.650943,1.0,0.0,-3.0,1.2,50.0,38.1,237.9,False
2025-01-16T12:34:20.771615,2.0,2.3,1.5,1.2,50.01,30.3,239.5,False
2025-01-16T12:37:20.610697,1.0,0.0,1.5,0.8,50.04,43.0,238.1,False
2025-01-16T12:37:20.731171,2.0,2.3,-2.3,1.3,50.03,34.0,239.6,False
2025-01-16T12:38:56.751474,0.0,54.0,-79.7,40.9,50.03,48.9,236.5,False
2025-01-16T12:38:56.878452,1.0,14.4,-51.4,22.9,50.02,36.4,238.7,False
2025-01-16T12:38:57.003551,2.0,14.4,-58.2,25.5,50.03,28.9,240.1,False
2025-01-16T12:41:56.740719,0.0,54.0,-79.7,40.9,50.03,48.3,236.0,False
2025-01-16T12:41:56.853976,1.0,13.6,-57.5,25.2,50.02,37.2,238.2,False
2025-01-16T12:41:56.968423,2.0,18.2,-56.0,24.9,50.01,31.5,239.7,False
2025-01-16T12:44:56.544618,0.0,0.8,-2.3,1.3,50.01,48.2,235.8,False
2025-01-16T12:44:56.661581,1.0,1.5,-5.3,2.1,50.01,37.6,237.9,False
2025-01-16T12:44:56.766700,2.0,3.8,-0.8,1.5,50.02,30.2,239.3,False
2025-01-16T12:47:56.545658,0.0,4.5,-5.3,3.0,50.04,48.4,235.9,False
2025-01-16T12:47:56.670686,1.0,1.5,-3.0,1.4,50.02,36.4,238.1,False
2025-01-16T12:47:56.785730,2.0,0.8,3.0,1.2,50.03,27.6,239.5,False
2025-01-16T12:50:08.668889,0.0,24.2,-36.3,18.3,50.01,46.7,235.7,False
2025-01-16T12:53:08.658021,0.0,21.2,-46.9,20.9,50.02,48.0,236.4,False
2025-01-16T12:53:08.785142,1.0,9.1,-32.5,13.7,50.01,38.6,238.6,False
2025-01-16T12:53:08.899725,2.0,8.3,-31.0,12.9,50.01,30.3,240.0,False
2025-01-16T12:56:08.551476,0.0,1.5,-4.5,1.7,50.04,48.1,236.0,False
2025-01-16T12:56:08.689589,1.0,3.8,-3.8,1.9,50.03,37.9,238.1,False
2025-01-16T12:56:08.858823,2.0,3.0,-0.8,1.6,50.04,29.7,239.6,False
2025-01-16T12:58:56.665070,0.0,45.4,2.3,19.3,50.02,51.4,235.9,False
2025-01-16T12:59:20.636366,0.0,60.5,-170.2,76.5,50.02,49.0,236.0,False
2025-01-16T12:59:20.755866,1.0,0.8,0.0,0.3,50.03,37.4,238.3,False
2025-01-16T12:59:20.894144,2.0,0.8,0.0,0.3,50.01,28.4,239.7,False
2025-01-16T13:00:20.653745,0.0,64.3,-157.3,71.6,50.04,53.4,235.6,False
2025-01-16T13:00:44.702902,1.0,42.7,-1.1,17.9,50.03,50.3,238.0,False
2025-01-16T13:01:08.806314,0.0,39.3,2.3,17.0,50.03,51.3,235.4,False
2025-01-16T13:01:08.975733,1.0,63.7,-3.0,26.8,50.04,61.0,237.7,False
2025-01-16T13:01:09.120423,2.0,38.9,5.0,16.4,50.02,52.3,239.2,False
2025-01-16T13:01:20.791718,1.0,42.7,-1.1,17.9,50.03,49.5,237.5,False
2025-01-16T13:01:20.924714,2.0,38.9,5.0,16.4,50.02,39.8,238.9,False
2025-01-16T13:01:32.806472,1.0,63.7,-3.0,26.8,50.02,36.7,237.6,False
2025-01-16T13:01:32.955523,2.0,43.1,6.8,18.3,50.01,29.2,239.1,False
2025-01-16T13:01:44.759229,0.0,90.0,-3.0,38.4,50.02,51.3,235.2,False
2025-01-16T13:01:44.905484,1.0,108.4,1.2,45.7,50.01,66.3,237.4,False
2025-01-16T13:01:45.029205,2.0,99.1,7.0,41.5,50.01,56.5,238.9,False
2025-01-16T13:02:08.793151,0.0,124.5,-8.8,52.9,50.01,56.4,235.0,False
2025-01-16T13:02:08.934552,1.0,137.6,-4.0,57.8,50.0,92.2,237.2,False
2025-01-16T13:02:09.068570,2.0,133.9,7.8,56.1,50.01,82.7,238.6,False
2025-01-16T13:02:09.198477,0.0,91.3,-7.7,38.8,50.0,51.6,234.9,False
2025-01-16T13:02:09.298114,1.0,108.4,1.2,45.7,50.0,74.1,237.1,False
2025-01-16T13:02:09.417666,2.0,99.1,7.0,41.5,49.99,62.7,238.5,False
2025-01-16T13:02:20.813237,0.0,143.4,-82.1,70.1,50.01,51.7,235.1,False
2025-01-16T13:02:20.960961,1.0,137.6,-4.0,57.8,50.01,36.7,237.4,False
2025-01-16T13:02:21.091087,2.0,133.9,7.8,56.1,50.01,28.5,238.8,False
2025-01-16T13:02:21.232320,0.0,52.9,-74.1,38.8,50.01,51.6,235.1,False
2025-01-16T13:02:21.374301,1.0,12.9,-58.2,25.2,50.02,37.5,237.3,False
2025-01-16T13:02:21.507652,2.0,14.4,-59.0,25.5,50.01,28.7,238.8,False
2025-01-16T13:02:32.791253,0.0,91.3,-7.7,38.8,50.01,50.4,235.2,False
2025-01-16T13:02:32.934416,1.0,108.4,1.2,45.7,50.03,66.2,237.4,False
2025-01-16T13:02:33.061786,2.0,99.1,7.0,41.5,50.02,55.2,238.7,False
2025-01-16T13:02:44.806158,0.0,56.7,-3.8,24.2,50.01,50.0,235.1,False
2025-01-16T13:02:44.951293,1.0,39.2,63.4,31.5,50.0,90.6,237.4,False
2025-01-16T13:02:45.084830,2.0,54.5,4.5,22.9,50.01,80.3,238.6,False
2025-01-16T13:02:45.214283,0.0,91.3,-7.7,38.8,49.99,49.0,235.1,False
2025-01-16T13:02:45.352322,1.0,58.2,3.8,24.6,50.01,84.7,237.3,False
2025-01-16T13:02:45.482846,2.0,62.8,3.8,26.3,50.0,73.0,238.6,False
2025-01-16T13:02:56.821407,0.0,87.7,-3.8,37.4,50.0,47.6,235.1,False
2025-01-16T13:02:56.961502,1.0,108.4,1.2,45.7,49.99,63.0,237.3,False
2025-01-16T13:02:57.090259,2.0,99.1,7.0,41.5,49.99,51.0,238.6,False
2025-01-16T13:03:44.782141,0.0,37.1,-5.3,16.0,49.97,47.9,235.1,False
2025-01-16T13:03:44.908747,1.0,40.8,8.3,17.6,49.98,50.6,237.6,False
2025-01-16T13:03:56.772936,0.0,34.8,1.5,15.1,49.98,48.8,235.5,False
2025-01-16T13:03:56.903000,1.0,44.6,-5.3,19.0,49.98,37.8,237.8,False
2025-01-16T13:03:57.026286,2.0,40.1,12.1,17.5,49.98,29.6,239.1,False
2025-01-16T13:04:20.777367,0.0,91.3,-7.7,38.8,50.0,47.3,234.9,False
2025-01-16T13:04:20.904893,1.0,108.4,1.2,45.7,49.97,67.2,237.2,False
2025-01-16T13:04:21.031797,2.0,99.1,7.0,41.5,49.97,55.0,238.3,False
2025-01-16T13:04:32.748415,0.0,121.8,2.3,51.8,49.97,50.9,235.0,False
2025-01-16T13:04:32.873555,1.0,137.6,-4.0,57.8,49.97,93.4,237.2,False
2025-01-16T13:04:33.014884,2.0,133.8,9.0,55.9,49.98,85.7,238.5,False
2025-01-16T13:04:44.824120,0.0,91.3,-7.7,38.8,49.96,48.1,235.1,False
2025-01-16T13:04:44.969530,1.0,108.4,1.2,45.7,49.97,75.6,237.2,False
2025-01-16T13:04:45.128545,2.0,99.1,7.0,41.5,49.94,66.1,238.6,False
2025-01-16T13:04:56.770510,0.0,85.5,3.8,36.7,49.98,47.7,235.4,False
2025-01-16T13:04:56.908031,1.0,96.1,-0.0,40.6,49.98,51.0,237.5,False
2025-01-16T13:04:57.032029,1.0,54.3,-60.5,34.3,49.98,51.0,237.5,False
2025-01-16T13:04:57.147063,2.0,96.8,4.9,40.6,49.98,40.4,238.9,False
2025-01-16T13:04:57.259516,0.0,34.8,-6.1,15.1,49.96,48.2,235.4,False
2025-01-16T13:04:57.397038,1.0,44.6,-0.8,18.8,49.96,38.1,237.6,False
2025-01-16T13:04:57.528076,1.0,137.6,-4.0,57.8,49.96,38.1,237.6,False
2025-01-16T13:04:57.651126,2.0,35.5,9.1,15.4,49.96,28.7,238.9,False
2025-01-16T13:05:08.796820,0.0,91.3,-7.7,38.8,49.97,46.6,235.4,False
2025-01-16T13:05:08.927050,1.0,108.4,1.2,45.7,49.96,64.2,237.5,False
2025-01-16T13:05:09.056150,2.0,99.1,7.0,41.5,49.97,53.5,238.9,False
2025-01-16T13:05:32.787952,0.0,54.0,-79.7,40.9,49.97,47.6,235.2,False
2025-01-16T13:05:32.900538,1.0,72.6,-38.6,34.6,49.98,51.8,237.5,False
2025-01-16T13:05:33.022405,1.0,108.4,1.2,45.7,49.98,51.8,237.5,False
2025-01-16T13:05:33.165320,2.0,77.1,-34.8,35.4,49.97,41.2,238.8,False
2025-01-16T13:05:33.283187,2.0,133.8,9.0,55.9,49.97,41.2,238.8,False
2025-01-16T13:05:33.397811,0.0,145.2,-87.1,71.9,49.96,48.8,235.3,False
2025-01-16T13:05:33.526418,1.0,129.9,-60.7,60.4,49.97,83.6,237.6,False
2025-01-16T13:05:33.645652,2.0,133.9,7.8,56.1,49.97,75.2,238.9,False
2025-01-16T13:05:33.791780,1.0,39.2,63.4,31.5,49.97,74.7,237.5,False
2025-01-16T13:05:33.922736,2.0,38.6,9.8,16.7,49.97,63.9,238.8,False
2025-01-16T13:05:56.791419,0.0,124.5,-8.8,52.9,49.96,49.2,235.1,False
2025-01-16T13:05:56.917000,1.0,139.9,2.3,59.0,49.97,38.3,237.6,False
2025-01-16T13:05:57.043430,1.0,129.9,-60.7,60.4,49.97,38.3,237.6,False
2025-01-16T13:05:57.150945,2.0,133.9,7.8,56.1,49.97,30.0,238.8,False
2025-01-16T13:06:32.784262,1.0,59.0,0.0,25.1,49.97,61.9,236.9,False
2025-01-16T13:06:32.900379,2.0,96.8,4.9,40.6,49.97,60.7,238.5,False
2025-01-16T13:06:32.992375,0.0,42.4,-28.7,21.8,49.96,53.1,234.8,False
2025-01-16T13:06:33.086707,2.0,56.7,-15.9,24.6,49.97,47.5,238.3,False
2025-01-16T13:06:33.193744,2.0,99.1,7.0,41.5,49.97,47.5,238.3,False
2025-01-16T13:06:56.779244,0.0,23.4,-31.0,17.3,49.98,50.8,235.2,False
2025-01-16T13:06:56.896058,1.0,36.3,20.4,17.6,49.98,42.1,237.4,False
2025-01-16T13:06:57.034817,2.0,38.9,5.0,16.4,49.97,32.5,238.7,False
2025-01-16T13:07:08.784063,0.0,80.2,2.3,34.4,49.97,51.6,234.9,False
2025-01-16T13:07:08.917420,1.0,103.8,-3.2,43.6,49.96,74.2,237.1,False
2025-01-16T13:07:09.044084,2.0,99.1,7.0,41.5,49.97,63.0,238.4,False
2025-01-16T13:07:32.815059,0.0,91.3,-7.7,38.8,49.97,52.1,235.5,False
2025-01-16T13:07:32.958136,1.0,103.8,-3.2,43.6,49.97,42.2,237.7,False
2025-01-16T13:07:33.088804,2.0,99.1,7.0,41.5,49.98,32.6,239.1,False
2025-01-16T13:07:33.210681,0.0,124.5,-8.8,52.9,49.97,52.2,235.5,False
2025-01-16T13:07:33.339559,1.0,137.6,-4.0,57.8,49.99,78.1,237.7,False
2025-01-16T13:07:33.460271,2.0,133.8,9.0,55.9,49.98,68.3,239.1,False
2025-01-16T13:07:44.830530,0.0,91.3,-7.7,38.8,49.96,56.3,235.4,False
2025-01-16T13:07:44.971746,1.0,103.8,-3.2,43.6,49.96,98.6,237.6,False
2025-01-16T13:07:45.112713,2.0,99.1,7.0,41.5,49.95,90.3,239.0,False
2025-01-16T13:07:56.800617,0.0,124.5,-8.8,52.9,49.95,51.7,235.5,False
2025-01-16T13:07:56.921905,1.0,137.6,-4.0,57.8,49.95,70.6,237.7,False
2025-01-16T13:07:57.043399,2.0,133.8,9.0,55.9,49.95,60.0,239.1,False
2025-01-16T13:07:57.179352,0.0,60.5,-78.7,41.6,49.96,51.5,235.1,False
2025-01-16T13:07:57.291393,1.0,19.7,-52.9,23.5,49.96,72.7,237.4,False
2025-01-16T13:07:57.414430,2.0,28.0,-50.7,23.9,49.95,59.5,238.7,False
2025-01-16T13:07:57.530143,2.0,38.9,5.0,16.4,49.95,59.5,238.7,False
2025-01-16T13:08:08.769986,0.0,2.3,-63.5,26.3,49.97,47.9,235.7,False
2025-01-16T13:08:08.899271,1.0,44.6,59.7,31.2,49.97,51.8,237.8,False
2025-01-16T13:08:09.040968,2.0,34.0,-63.5,29.9,49.96,41.9,239.3,False
2025-01-16T13:08:09.193465,2.0,99.1,7.0,41.5,49.96,41.9,239.3,False
2025-01-16T13:08:32.791561,0.0,40.8,-0.8,17.6,49.96,45.4,235.5,False
2025-01-16T13:08:32.919888,1.0,42.7,-1.1,17.9,49.96,58.9,237.7,False
2025-01-16T13:08:33.039082,2.0,38.9,5.0,16.4,49.96,49.5,239.1,False
2025-01-16T13:08:33.168116,1.0,42.7,-1.1,17.9,49.95,47.9,237.9,False
2025-01-16T13:08:33.281227,2.0,38.9,5.0,16.4,49.96,39.4,239.3,False
2025-01-16T13:09:08.808907,0.0,45.4,-3.8,19.3,49.96,48.4,235.6,False
2025-01-16T13:09:08.951146,1.0,40.1,-3.0,16.9,49.96,35.7,237.8,False
2025-01-16T13:09:09.080102,2.0,39.3,5.3,16.6,49.95,27.9,239.2,False
2025-01-16T13:09:32.865485,0.0,93.0,-4.5,39.6,49.97,45.0,235.6,False
2025-01-16T13:09:33.062167,1.0,108.4,1.2,45.7,49.98,64.0,237.7,False
2025-01-16T13:09:33.183565,2.0,99.1,7.0,41.5,49.97,54.3,239.2,False
2025-01-16T13:09:56.828534,0.0,91.3,-7.7,38.8,49.97,49.0,235.7,False
2025-01-16T13:09:56.957186,1.0,108.4,1.2,45.7,49.97,36.0,237.9,False
2025-01-16T13:09:57.084610,2.0,99.1,7.0,41.5,49.98,28.7,239.4,False
2025-01-16T13:10:08.893506,0.0,73.4,-107.4,55.2,49.97,48.0,235.7,False
2025-01-16T13:10:09.031349,1.0,12.9,-68.8,29.5,49.96,36.7,238.0,False
2025-01-16T13:10:09.171072,1.0,103.8,-3.2,43.6,49.96,36.7,238.0,False
2025-01-16T13:10:09.324865,2.0,21.2,-70.3,30.7,49.97,27.5,239.4,False
2025-01-16T13:10:20.806982,0.0,143.4,-82.1,70.1,49.96,45.1,235.5,False
2025-01-16T13:10:20.919954,1.0,129.9,-60.7,60.4,49.96,63.4,237.7,False
2025-01-16T13:10:21.036324,2.0,122.5,-56.7,56.6,49.97,52.4,239.1,False
2025-01-16T13:10:44.845190,0.0,38.6,0.8,16.7,49.96,48.5,235.5,False
2025-01-16T13:10:45.039854,1.0,47.6,1.5,20.2,49.96,45.6,237.8,False
2025-01-16T13:10:45.201161,2.0,44.6,8.3,19.1,49.96,35.1,239.2,False
2025-01-16T13:11:20.869144,0.0,53.7,-51.4,31.8,49.95,48.3,235.6,False
2025-01-16T13:11:21.042316,1.0,24.2,-26.5,15.2,49.96,37.1,237.8,False
2025-01-16T13:11:21.185440,1.0,129.9,-60.7,60.4,49.96,37.1,237.8,False
2025-01-16T13:11:21.322450,2.0,24.2,-28.7,15.8,49.96,29.1,239.2,False
2025-01-16T13:12:20.841390,0.0,54.0,-79.7,40.9,49.95,47.6,235.6,False
2025-01-16T13:12:20.995027,1.0,74.1,-30.3,33.7,49.95,56.2,237.8,False
2025-01-16T13:12:21.144238,2.0,60.4,5.8,25.3,49.95,47.1,239.2,False
2025-01-16T13:12:44.843900,0.0,49.2,-0.0,20.7,49.94,49.4,235.4,False
2025-01-16T13:12:44.971129,1.0,66.6,-5.3,28.0,49.94,38.9,237.6,False
2025-01-16T13:12:45.123596,2.0,60.4,5.8,25.3,49.94,29.2,238.9,False
2025-01-16T13:13:08.880357,0.0,43.9,-4.5,18.5,49.95,47.0,235.6,False
2025-01-16T13:13:09.046226,1.0,63.7,-3.0,26.8,49.95,57.1,237.9,False
2025-01-16T13:13:09.207461,2.0,60.4,5.8,25.3,49.96,46.7,239.3,False
2025-01-16T13:13:20.844544,0.0,49.9,-3.8,21.2,49.95,48.8,235.5,False
2025-01-16T13:13:21.001407,1.0,63.7,-3.0,26.8,49.95,38.4,237.7,False
2025-01-16T13:13:21.148660,2.0,60.4,5.8,25.3,49.95,29.4,239.2,False
2025-01-16T13:14:56.787149,0.0,54.1,-5.2,23.0,49.97,46.9,235.6,False
2025-01-16T13:14:56.890709,1.0,63.7,-3.0,26.8,49.97,57.4,237.7,False
2025-01-16T13:14:56.991340,2.0,60.4,5.8,25.3,49.97,46.9,239.2,False
2025-01-16T13:15:20.903241,0.0,54.1,-5.2,23.0,49.97,48.4,235.6,False
2025-01-16T13:15:21.051003,1.0,63.7,-3.0,26.8,49.98,38.5,237.9,False
2025-01-16T13:15:21.208669,2.0,60.4,5.8,25.3,49.97,29.0,239.3,False
2025-01-16T13:15:32.821234,0.0,124.5,-8.8,52.9,49.97,46.6,235.7,False
2025-01-16T13:15:32.936562,1.0,137.6,-4.0,57.8,49.96,71.6,237.8,False
2025-01-16T13:15:33.055640,2.0,133.8,9.0,55.9,49.96,63.3,239.4,False
2025-01-16T13:15:44.840325,0.0,91.3,-7.7,38.8,49.96,50.0,235.8,False
2025-01-16T13:15:44.974720,1.0,103.8,-3.2,43.6,49.96,89.9,238.0,False
2025-01-16T13:15:45.106300,2.0,99.1,7.0,41.5,49.97,82.0,239.5,False
2025-01-16T13:15:56.822172,0.0,145.2,-87.1,71.9,49.97,45.8,236.1,False
2025-01-16T13:15:56.947426,1.0,163.4,-66.6,74.4,49.98,63.2,238.3,False
2025-01-16T13:15:57.063114,1.0,137.6,-4.0,57.8,49.98,63.2,238.3,False
2025-01-16T13:15:57.179785,2.0,170.2,-52.9,74.7,49.98,53.0,239.8,False
2025-01-16T13:15:57.295841,2.0,133.8,9.0,55.9,49.98,53.0,239.8,False
2025-01-16T13:16:08.871449,0.0,82.4,-111.2,58.7,49.98,46.0,236.1,False
2025-01-16T13:16:09.016713,1.0,54.3,-60.5,34.3,49.99,62.9,238.3,False
2025-01-16T13:16:09.168371,2.0,31.8,-70.3,32.3,49.97,52.0,239.7,False
2025-01-16T13:16:09.313199,0.0,37.1,-0.0,15.8,49.99,48.0,236.1,False
2025-01-16T13:16:09.459771,1.0,41.6,-1.5,17.5,49.98,37.4,238.2,False
2025-01-16T13:16:09.602449,1.0,103.8,-3.2,43.6,49.98,37.4,238.2,False
2025-01-16T13:16:09.740083,2.0,39.3,8.3,16.8,49.99,26.3,239.7,False
2025-01-16T13:16:09.882181,2.0,99.1,7.0,41.5,49.99,26.3,239.7,False
2025-01-16T13:16:32.822743,0.0,116.5,3.0,49.4,49.97,46.6,236.1,False
2025-01-16T13:16:32.962861,1.0,137.6,-4.0,57.8,49.97,70.5,238.2,False
2025-01-16T13:16:33.079345,2.0,133.8,9.0,55.9,49.97,60.4,239.6,False
2025-01-16T13:16:44.802447,0.0,5.3,-59.0,24.9,49.96,54.8,235.9,False
2025-01-16T13:16:44.944000,0.0,40.8,-70.3,34.4,49.97,55.5,235.9,False
2025-01-16T13:16:45.081348,1.0,39.3,-24.2,19.3,49.98,87.4,238.0,False
2025-01-16T13:16:56.823498,0.0,91.3,-7.7,38.8,49.96,51.1,236.0,False
2025-01-16T13:16:56.955390,1.0,41.6,0.8,17.5,49.98,54.8,238.1,False
2025-01-16T13:16:57.074282,1.0,137.6,-4.0,57.8,49.98,54.8,238.1,False
2025-01-16T13:16:57.201134,2.0,38.6,6.8,16.4,49.97,41.0,239.5,False
2025-01-16T13:16:57.326184,2.0,133.8,9.0,55.9,49.97,41.0,239.5,False
2025-01-16T13:17:20.760592,0.0,37.1,-1.5,15.8,49.97,51.8,236.1,False
2025-01-16T13:17:20.865329,1.0,42.4,1.5,17.8,49.97,42.5,238.2,False
2025-01-16T13:17:20.968562,2.0,38.6,8.3,16.5,49.97,30.0,239.6,False
2025-01-16T13:17:32.875474,1.0,42.7,-1.1,17.9,49.96,56.6,237.7,False
2025-01-16T13:17:32.983443,2.0,38.9,5.0,16.4,49.98,43.9,239.1,False
2025-01-16T13:17:44.838545,0.0,91.3,-7.7,38.8,49.97,52.5,235.9,False
2025-01-16T13:17:44.945190,1.0,103.8,-3.2,43.6,49.97,81.7,238.0,False
2025-01-16T13:17:45.055770,2.0,99.1,7.0,41.5,49.96,67.8,239.4,False
2025-01-16T13:17:56.820485,0.0,54.0,-79.7,40.9,49.97,51.5,236.0,False
2025-01-16T13:17:56.948752,1.0,54.3,-60.5,34.3,49.97,71.9,238.1,False
2025-01-16T13:17:57.050165,2.0,56.7,-41.6,29.5,49.96,58.5,239.5,False
2025-01-16T13:18:08.802055,0.0,54.0,-79.7,40.9,49.97,52.5,235.9,False
2025-01-16T13:18:08.931962,1.0,89.2,51.4,43.3,49.97,43.5,238.1,False
2025-01-16T13:18:09.047762,1.0,103.8,-3.2,43.6,49.97,43.5,238.1,False
2025-01-16T13:18:09.169552,2.0,80.2,65.8,43.3,49.97,31.3,239.5,False
2025-01-16T13:18:09.287835,2.0,99.1,7.0,41.5,49.97,31.3,239.5,False
2025-01-16T13:18:32.910241,1.0,103.8,-3.2,43.6,49.97,61.5,238.1,False
2025-01-16T13:18:33.041995,2.0,99.1,7.0,41.5,49.97,49.4,239.5,False
2025-01-16T13:18:33.161671,0.0,54.0,-79.7,40.9,49.97,45.7,235.9,False
2025-01-16T13:18:33.285192,1.0,39.3,-49.9,26.7,49.97,55.8,238.1,False
2025-01-16T13:18:33.405249,2.0,41.6,-46.9,26.1,49.98,43.7,239.4,False
2025-01-16T13:18:33.523050,2.0,38.9,5.0,16.4,49.98,43.7,239.4,False
2025-01-16T13:18:33.655032,0.0,145.2,-87.1,71.9,49.96,48.3,236.1,False
2025-01-16T13:18:33.789631,1.0,129.9,-60.7,60.4,49.97,93.6,238.2,False
2025-01-16T13:18:33.930224,2.0,133.9,7.8,56.1,49.97,81.3,239.6,False
2025-01-16T13:18:44.798089,0.0,91.3,-7.7,38.8,49.98,46.2,236.5,False
2025-01-16T13:18:44.897896,2.0,63.5,4.5,26.7,49.98,50.3,240.0,False
2025-01-16T13:18:44.999169,2.0,133.9,7.8,56.1,49.98,50.3,240.0,False
2025-01-16T13:18:56.895899,2.0,40.1,3.0,16.7,49.98,40.0,239.9,False
2025-01-16T13:18:57.016224,2.0,99.1,7.0,41.5,49.98,40.0,239.9,False
2025-01-16T13:18:57.131736,1.0,42.7,-1.1,17.9,49.98,38.7,238.5,False
2025-01-16T13:18:57.239338,1.0,129.9,-60.7,60.4,49.98,38.7,238.5,False
2025-01-16T13:18:57.348416,1.0,103.8,-3.2,43.6,49.98,38.7,238.5,False
2025-01-16T13:19:08.837893,0.0,140.7,-6.8,59.6,49.97,46.0,236.4,False
2025-01-16T13:19:08.975377,1.0,137.6,-4.0,57.8,49.98,77.9,238.5,False
2025-01-16T13:19:09.084279,2.0,133.8,9.0,55.9,49.97,67.3,239.9,False
2025-01-16T13:19:32.859221,0.0,81.7,-4.5,34.3,49.98,45.9,236.0,False
2025-01-16T13:19:32.988643,1.0,74.1,-1.5,31.0,49.98,61.1,238.1,False
2025-01-16T13:19:33.121091,2.0,96.8,4.9,40.6,49.98,50.3,239.6,False
2025-01-16T13:19:44.829592,1.0,39.3,-1.5,16.6,49.97,48.5,238.4,False
2025-01-16T13:19:44.937248,2.0,37.8,8.3,16.2,49.98,38.8,239.9,False
2025-01-16T13:20:20.790440,0.0,91.3,-7.7,38.8,50.0,45.4,236.4,False
2025-01-16T13:20:20.901078,1.0,74.1,0.0,31.1,49.99,68.1,238.5,False
2025-01-16T13:20:21.031840,2.0,60.4,5.8,25.3,50.0,56.8,239.9,False
2025-01-16T13:20:44.837222,0.0,56.0,-43.1,30.3,49.99,48.4,236.2,False
2025-01-16T13:20:44.982342,1.0,43.1,-33.3,22.9,49.99,37.1,238.2,False
2025-01-16T13:20:45.118817,1.0,137.6,-4.0,57.8,49.99,37.1,238.2,False
2025-01-16T13:20:45.270481,2.0,43.1,-22.7,20.5,49.99,25.8,239.8,False
2025-01-16T13:20:45.412456,2.0,133.8,9.0,55.9,49.99,25.8,239.8,False
2025-01-16T13:21:32.799262,0.0,54.0,-79.7,40.9,49.99,46.6,235.9,False
2025-01-16T13:21:32.915287,0.0,54.0,-79.7,40.9,49.99,46.6,235.9,False
2025-01-16T13:21:33.031315,1.0,77.1,-29.5,34.8,49.99,56.9,238.1,False
2025-01-16T13:21:33.147962,2.0,72.6,-15.1,31.1,50.0,45.5,239.5,False
2025-01-16T13:21:44.843072,0.0,37.1,-77.9,36.7,49.99,46.1,235.9,False
2025-01-16T13:21:44.992374,1.0,0.8,-51.4,21.7,49.98,63.0,238.1,False
2025-01-16T13:21:45.133724,2.0,6.1,-52.2,22.0,50.0,49.7,239.6,False
2025-01-16T13:21:45.267472,0.0,54.0,-79.7,40.9,49.99,46.5,235.9,False
2025-01-16T13:21:45.398291,1.0,54.3,-60.5,34.3,49.99,62.9,238.0,False
2025-01-16T13:21:45.525591,2.0,22.7,-50.7,23.2,49.99,49.7,239.5,False
2025-01-16T13:21:45.641520,0.0,54.0,-79.7,40.9,49.99,46.8,235.9,False
2025-01-16T13:21:45.746001,2.0,17.4,-31.8,15.1,49.99,50.1,239.5,False
2025-01-16T13:22:08.843576,0.0,33.3,-43.9,23.2,50.0,48.0,236.1,False
2025-01-16T13:22:08.978005,1.0,70.3,30.3,32.1,50.0,39.2,238.4,False
2025-01-16T13:22:09.110764,2.0,57.5,43.9,30.1,50.0,28.6,239.7,False
2025-01-16T13:22:20.836463,0.0,52.2,-80.9,41.0,49.99,48.2,236.3,False
2025-01-16T13:22:20.998084,0.0,91.3,-7.7,38.8,49.99,48.2,236.3,False
2025-01-16T13:22:21.564829,1.0,54.3,-60.5,34.3,49.99,37.2,238.4,False
2025-01-16T13:22:21.704544,2.0,17.4,-49.2,21.8,50.0,27.7,239.7,False
2025-01-16T13:22:21.858057,0.0,54.0,-79.7,40.9,50.0,46.9,236.2,False
2025-01-16T13:22:22.001168,1.0,54.3,-60.5,34.3,50.0,49.3,238.3,False
2025-01-16T13:22:22.137280,2.0,49.2,-46.1,28.2,50.0,37.3,239.7,False
2025-01-16T13:22:32.820428,0.0,36.3,-5.3,15.4,50.01,48.2,236.1,False
2025-01-16T13:22:32.956977,1.0,39.3,1.5,16.5,49.99,37.0,238.2,False
2025-01-16T13:22:33.085464,0.0,91.3,-7.7,38.8,49.99,46.1,236.1,False
2025-01-16T13:22:33.210852,1.0,108.4,1.2,45.7,50.0,67.0,238.3,False
2025-01-16T13:22:33.341392,2.0,99.1,7.0,41.5,50.0,54.4,239.6,False
2025-01-16T13:22:44.841225,0.0,71.1,-3.0,29.9,49.99,47.7,236.3,False
2025-01-16T13:22:44.969283,1.0,103.8,-3.2,43.6,49.99,82.7,238.5,False
2025-01-16T13:22:45.119118,2.0,96.8,4.9,40.6,49.99,70.7,239.9,False
2025-01-16T13:22:56.812732,0.0,54.0,-79.7,40.9,49.99,46.6,236.2,False
2025-01-16T13:22:56.945623,0.0,124.5,-8.8,52.9,49.99,46.6,236.2,False
2025-01-16T13:22:57.067125,1.0,54.3,-60.5,34.3,49.99,50.8,238.4,False
2025-01-16T13:22:57.171559,1.0,108.4,1.2,45.7,49.99,50.8,238.4,False
2025-01-16T13:22:57.282795,2.0,14.4,-37.8,16.8,49.99,39.0,239.8,False
2025-01-16T13:22:57.400251,2.0,96.8,4.9,40.6,49.99,39.0,239.8,False
2025-01-16T13:22:57.522508,0.0,124.5,-8.8,52.9,49.99,46.4,236.2,False
2025-01-16T13:22:57.642131,1.0,137.6,-4.0,57.8,49.98,73.8,238.4,False
2025-01-16T13:22:57.763866,2.0,133.8,9.0,55.9,49.99,63.4,239.8,False
2025-01-16T13:22:57.885278,0.0,124.5,-8.8,52.9,49.98,47.9,236.3,False
2025-01-16T13:22:58.013642,1.0,137.6,-4.0,57.8,49.98,37.6,238.5,False
2025-01-16T13:22:58.155306,2.0,133.8,9.0,55.9,49.98,27.2,239.9,False
2025-01-16T13:22:58.286629,2.0,99.1,7.0,41.5,49.98,27.2,239.9,False
2025-01-16T13:23:08.823070,0.0,93.0,-6.8,39.4,49.99,46.3,236.4,False
2025-01-16T13:23:08.957962,1.0,108.4,1.2,45.7,49.98,66.0,238.6,False
2025-01-16T13:23:09.077000,2.0,99.1,7.0,41.5,49.99,53.3,240.0,False
2025-01-16T13:23:20.799674,0.0,124.5,-8.8,52.9,49.98,49.1,236.4,False
2025-01-16T13:23:20.941306,1.0,137.6,-4.0,57.8,49.98,90.6,238.6,False
2025-01-16T13:23:21.073126,2.0,133.9,7.8,56.1,49.98,81.2,240.0,False
2025-01-16T13:23:44.832319,0.0,91.3,-7.7,38.8,49.97,46.4,236.1,False
2025-01-16T13:23:44.950883,1.0,103.8,-3.2,43.6,49.98,61.7,238.4,False
2025-01-16T13:23:45.064020,1.0,137.6,-4.0,57.8,49.98,61.7,238.4,False
2025-01-16T13:23:45.182526,2.0,99.1,7.0,41.5,49.98,50.2,239.7,False
2025-01-16T13:24:20.853744,1.0,39.3,-1.5,16.6,49.98,37.3,238.1,False
2025-01-16T13:24:21.000275,2.0,60.4,5.8,25.3,49.99,27.4,239.5,False
2025-01-16T13:25:08.953748,0.0,54.1,-5.2,23.0,49.99,45.7,236.3,False
2025-01-16T13:25:09.134961,1.0,63.7,-3.0,26.8,49.99,55.5,238.6,False
2025-01-16T13:25:09.283182,2.0,60.4,5.8,25.3,49.99,45.1,240.0,False
2025-01-16T13:25:20.813844,0.0,145.2,-87.1,71.9,50.0,47.8,236.2,False
2025-01-16T13:25:20.960321,1.0,79.4,-61.3,42.0,50.01,36.5,238.4,False
2025-01-16T13:25:21.106595,1.0,108.4,1.2,45.7,50.01,36.5,238.4,False
2025-01-16T13:25:21.255981,2.0,80.2,-51.4,39.6,50.01,27.9,239.9,False
2025-01-16T13:25:21.389392,2.0,133.9,7.8,56.1,50.01,27.9,239.9,False
2025-01-16T13:25:56.829927,0.0,145.2,-87.1,71.9,50.0,45.8,236.4,False
2025-01-16T13:25:56.964389,1.0,78.7,-57.5,40.8,49.99,55.8,238.5,False
2025-01-16T13:25:57.098042,2.0,96.8,4.9,40.6,50.0,43.9,239.9,False
2025-01-16T13:26:20.829295,0.0,54.1,-5.2,23.0,50.01,47.9,236.4,False
2025-01-16T13:26:20.951166,1.0,63.7,-3.0,26.8,50.0,36.8,238.5,False
2025-01-16T13:26:21.081219,2.0,60.4,5.8,25.3,50.01,27.8,240.0,False
2025-01-16T13:27:08.862757,1.0,42.7,-1.1,17.9,49.99,65.7,238.4,False
2025-01-16T13:27:08.997456,2.0,38.9,5.0,16.4,50.0,55.6,239.8,False
2025-01-16T13:27:20.902108,1.0,42.7,-1.1,17.9,50.01,54.4,238.3,False
2025-01-16T13:27:21.035605,2.0,38.9,5.0,16.4,50.0,41.3,239.6,False
2025-01-16T13:27:44.832033,1.0,45.4,-1.5,19.1,50.0,42.2,238.3,False
2025-01-16T13:27:44.962368,2.0,36.3,9.1,15.6,50.01,30.6,239.7,False
2025-01-16T13:27:56.803174,0.0,91.3,-7.7,38.8,49.99,50.2,236.1,False
2025-01-16T13:27:56.909502,1.0,103.8,-3.2,43.6,50.0,73.0,238.3,False
2025-01-16T13:27:57.031884,2.0,99.1,7.0,41.5,50.0,59.6,239.7,False
2025-01-16T13:28:08.834126,0.0,73.4,58.2,39.7,50.0,54.9,236.1,False
2025-01-16T13:28:08.967784,1.0,106.6,31.8,46.7,50.0,95.1,238.2,False
2025-01-16T13:28:09.085478,2.0,114.2,43.9,51.1,50.0,86.0,239.7,False
2025-01-16T13:28:20.874893,0.0,46.1,52.2,29.5,50.0,50.7,236.2,False
2025-01-16T13:28:21.018545,1.0,77.9,31.8,35.3,50.0,77.7,238.3,False
2025-01-16T13:28:21.170203,2.0,75.6,43.9,36.5,50.01,66.2,239.7,False
2025-01-16T13:28:32.839890,0.0,124.5,-8.8,52.9,50.02,47.7,236.2,False
2025-01-16T13:28:32.964181,1.0,146.0,-5.3,61.3,50.02,35.8,238.3,False
2025-01-16T13:28:33.076557,2.0,99.1,7.0,41.5,50.02,24.9,239.8,False
2025-01-16T13:28:33.181633,0.0,59.0,-18.2,26.0,50.02,45.7,236.3,False
2025-01-16T13:28:33.277971,1.0,56.7,-14.4,24.5,50.01,50.3,238.4,False
2025-01-16T13:28:33.393573,2.0,60.4,5.8,25.3,50.02,39.0,239.9,False
2025-01-16T13:28:56.866056,0.0,11.3,-77.1,33.0,50.01,44.4,236.1,False
2025-01-16T13:28:57.017219,1.0,25.7,-48.4,23.0,50.01,76.2,238.3,False
2025-01-16T13:28:57.152481,2.0,27.2,-50.7,24.0,50.0,63.6,239.7,False
2025-01-16T13:29:08.712041,0.0,91.3,-7.7,38.8,50.01,44.3,236.3,False
2025-01-16T13:29:20.826001,1.0,40.1,-3.0,16.9,50.01,35.5,238.5,False
2025-01-16T13:29:20.944147,2.0,60.4,5.8,25.3,50.0,26.0,240.0,False
2025-01-16T13:29:32.802213,0.0,91.3,-7.7,38.8,50.01,45.5,236.2,False
2025-01-16T13:29:32.928934,1.0,63.7,-3.0,26.8,50.01,55.4,238.3,False
2025-01-16T13:29:33.044990,2.0,99.1,7.0,41.5,50.01,44.7,239.8,False
2025-01-16T13:29:56.816048,0.0,61.3,2.3,25.9,50.0,48.7,236.1,False
2025-01-16T13:29:56.940544,1.0,63.7,-3.0,26.8,50.0,36.3,238.3,False
2025-01-16T13:29:57.078589,2.0,99.1,7.0,41.5,50.01,27.3,239.7,False
2025-01-16T13:29:57.216188,1.0,42.7,-1.1,17.9,50.01,46.9,238.3,False
2025-01-16T13:30:08.843160,0.0,37.8,-3.8,16.2,49.99,48.1,236.3,False
2025-01-16T13:30:08.987637,1.0,42.7,-1.1,17.9,49.99,34.5,238.5,False
2025-01-16T13:30:20.820376,0.0,92.3,-5.3,39.4,49.98,43.4,236.0,False
2025-01-16T13:30:20.952831,1.0,108.4,1.2,45.7,49.99,63.0,238.2,False
2025-01-16T13:30:21.073292,2.0,99.1,7.0,41.5,49.99,50.6,239.7,False
2025-01-16T13:30:44.886499,0.0,124.5,-8.8,52.9,50.02,47.9,236.3,False
2025-01-16T13:30:45.041449,1.0,137.6,-4.0,57.8,50.02,92.7,238.4,False
2025-01-16T13:30:45.175115,2.0,133.9,7.8,56.1,50.03,82.0,239.9,False
2025-01-16T13:30:56.836573,0.0,213.3,-9.8,90.2,50.03,48.3,236.0,False
2025-01-16T13:30:56.973182,1.0,242.8,-9.8,101.9,50.03,38.8,238.1,False
2025-01-16T13:30:57.125318,1.0,108.4,1.2,45.7,50.03,38.8,238.1,False
2025-01-16T13:30:57.262508,1.0,137.6,-4.0,57.8,50.03,38.8,238.1,False
2025-01-16T13:30:57.372743,2.0,231.4,16.6,96.8,50.03,32.2,239.7,False
2025-01-16T13:30:57.509038,2.0,99.1,7.0,41.5,50.03,32.2,239.7,False
2025-01-16T13:30:57.642833,1.0,42.7,-1.1,17.9,50.03,51.5,238.3,False
2025-01-16T13:31:08.776489,1.0,42.7,-1.1,17.9,50.03,36.8,238.1,False
2025-01-16T13:31:20.887248,0.0,82.4,-3.0,35.1,50.03,46.2,235.8,False
2025-01-16T13:31:21.035033,1.0,108.4,1.2,45.7,50.03,69.0,238.0,False
2025-01-16T13:31:21.165608,2.0,99.1,7.0,41.5,50.03,60.5,239.4,False
2025-01-16T13:31:21.298697,2.0,96.8,4.9,40.6,50.03,60.5,239.4,False
2025-01-16T13:31:32.941531,1.0,44.6,1.5,18.9,50.03,56.9,238.4,False
2025-01-16T13:31:33.096036,1.0,108.4,1.2,45.7,50.03,56.9,238.4,False
2025-01-16T13:31:33.231763,2.0,39.3,11.3,17.2,50.03,48.3,239.9,False
2025-01-16T13:31:33.353035,2.0,133.9,7.8,56.1,50.03,48.3,239.9,False
2025-01-16T13:31:33.510387,0.0,53.7,-2.3,22.6,50.03,47.2,236.1,False
2025-01-16T13:31:33.652761,1.0,64.3,-2.3,26.9,50.04,37.6,238.2,False
2025-01-16T13:31:33.801346,2.0,99.1,7.0,41.5,50.04,30.4,239.7,False
2025-01-16T13:31:56.808043,0.0,82.4,0.8,34.8,50.03,46.3,236.3,False
2025-01-16T13:31:56.938673,1.0,89.2,-3.8,37.5,50.04,72.8,238.3,False
2025-01-16T13:31:57.046127,2.0,99.1,7.0,41.5,50.02,64.9,239.9,False
2025-01-16T13:32:08.890280,0.0,124.5,-8.8,52.9,50.02,47.8,236.1,False
2025-01-16T13:32:09.038297,1.0,103.8,-3.2,43.6,50.03,38.0,238.3,False
2025-01-16T13:32:09.170093,2.0,99.1,7.0,41.5,50.03,29.7,239.8,False
2025-01-16T13:32:44.871078,1.0,42.7,-1.1,17.9,50.03,52.9,238.4,False
2025-01-16T13:32:45.010519,2.0,38.9,5.0,16.4,50.03,43.2,239.8,False
2025-01-16T13:32:45.143777,0.0,36.3,-0.8,15.6,50.02,47.5,236.5,False
2025-01-16T13:32:45.262343,1.0,42.7,-1.1,17.9,50.02,38.5,238.7,False
2025-01-16T13:32:45.393059,2.0,38.9,5.0,16.4,50.03,31.0,240.1,False
2025-01-16T13:33:20.845366,0.0,86.2,-3.8,36.6,50.02,46.1,236.5,False
2025-01-16T13:33:20.990619,1.0,40.1,-0.0,16.8,50.01,57.8,238.7,False
2025-01-16T13:33:21.138026,2.0,37.8,6.1,16.0,50.01,47.8,240.1,False
2025-01-16T13:33:32.837420,0.0,91.3,-7.7,38.8,50.02,47.6,236.2,False
2025-01-16T13:33:32.969523,1.0,68.1,-1.5,28.5,50.02,38.1,238.4,False
2025-01-16T13:33:33.069269,2.0,62.0,9.1,26.1,50.02,30.4,239.8,False
2025-01-16T13:33:44.884391,0.0,124.5,-8.8,52.9,50.0,46.5,236.2,False
2025-01-16T13:33:45.023518,1.0,137.6,-4.0,57.8,50.01,75.6,238.4,False
2025-01-16T13:33:45.164562,2.0,133.8,9.0,55.9,50.01,66.2,239.8,False
2025-01-16T13:33:56.817966,0.0,91.3,-7.7,38.8,50.0,50.3,236.3,False
2025-01-16T13:33:56.964980,1.0,103.8,-3.2,43.6,50.0,93.3,238.4,False
2025-01-16T13:33:57.097597,2.0,96.8,4.9,40.6,50.0,85.0,239.8,False
2025-01-16T13:33:57.223298,0.0,124.5,-8.8,52.9,50.01,45.6,236.4,False
2025-01-16T13:33:57.358761,1.0,137.6,-4.0,57.8,50.01,67.4,238.6,False
2025-01-16T13:33:57.495126,2.0,133.8,9.0,55.9,50.01,57.2,240.0,False
2025-01-16T13:34:20.829848,0.0,50.7,-6.1,21.7,50.02,48.0,236.4,False
2025-01-16T13:34:20.946105,1.0,63.5,0.8,26.7,50.02,37.7,238.6,False
2025-01-16T13:34:21.076744,2.0,56.0,9.8,23.7,50.02,29.0,240.0,False
2025-01-16T13:34:21.210079,1.0,137.6,-4.0,57.8,50.01,75.2,238.4,False
2025-01-16T13:34:21.358644,2.0,133.8,9.0,55.9,50.01,63.7,239.8,False
2025-01-16T13:34:21.517685,0.0,47.5,-11.1,20.8,50.01,48.5,236.2,False
2025-01-16T13:34:44.874023,0.0,91.3,-7.7,38.8,50.01,46.1,236.3,False
2025-01-16T13:34:45.017021,1.0,73.4,2.3,30.8,50.01,51.1,238.4,False
2025-01-16T13:34:45.168735,1.0,137.6,-4.0,57.8,50.01,51.1,238.4,False
2025-01-16T13:34:45.318367,2.0,66.6,9.1,28.0,50.01,40.1,239.8,False
2025-01-16T13:34:45.458190,2.0,133.8,9.0,55.9,50.01,40.1,239.8,False
2025-01-16T13:35:20.861266,1.0,41.6,-0.8,17.5,50.02,38.7,238.6,False
2025-01-16T13:35:20.981967,2.0,41.6,6.8,17.6,50.01,29.5,240.0,False
2025-01-16T13:35:44.865680,0.0,124.5,-8.8,52.9,50.03,46.6,236.4,False
2025-01-16T13:35:45.008374,1.0,137.6,-4.0,57.8,50.01,76.4,238.5,False
2025-01-16T13:35:45.137467,2.0,133.8,9.0,55.9,50.01,66.8,239.9,False
2025-01-16T13:35:45.239514,0.0,84.7,-109.7,58.6,50.02,46.6,236.3,False
2025-01-16T13:35:45.373169,1.0,43.1,-70.3,34.6,50.01,75.6,238.5,False
2025-01-16T13:35:45.486045,1.0,137.6,-4.0,57.8,50.01,75.6,238.5,False
2025-01-16T13:35:45.616319,2.0,47.6,-63.5,33.1,50.02,64.9,239.8,False
2025-01-16T13:35:56.809115,0.0,54.0,-79.7,40.9,50.01,45.5,236.2,False
2025-01-16T13:35:56.928263,1.0,0.0,-68.1,28.7,50.01,67.2,238.3,False
2025-01-16T13:35:57.042936,2.0,3.0,-66.6,28.0,50.01,55.3,239.6,False
2025-01-16T13:36:08.839955,0.0,88.5,-9.1,37.5,50.01,47.9,236.0,False
2025-01-16T13:36:08.988189,0.0,54.0,-79.7,40.9,50.01,47.9,236.0,False
2025-01-16T13:36:09.126270,1.0,103.8,-3.2,43.6,50.02,37.9,238.2,False
2025-01-16T13:36:09.265202,2.0,96.8,4.9,40.6,50.02,28.9,239.5,False
2025-01-16T13:36:20.845152,0.0,65.0,-108.9,54.0,50.02,47.4,236.2,False
2025-01-16T13:36:20.957660,0.0,47.5,-11.1,20.8,50.02,47.4,236.2,False
2025-01-16T13:36:21.078132,1.0,13.6,-68.8,29.5,50.03,39.0,238.4,False
2025-01-16T13:36:21.203117,2.0,18.2,-68.8,29.9,50.02,28.3,239.7,False
2025-01-16T13:36:21.336762,2.0,133.8,9.0,55.9,50.02,28.3,239.7,False
2025-01-16T13:37:08.959065,1.0,54.3,-60.5,34.3,50.01,44.2,238.2,False
2025-01-16T13:37:09.068045,2.0,18.2,-67.3,29.2,50.02,33.8,239.6,False
2025-01-16T13:40:08.625636,0.0,8.3,-15.1,7.6,49.98,47.8,236.4,False
2025-01-16T13:40:08.840478,1.0,0.8,2.3,0.8,49.97,37.7,238.5,False
2025-01-16T13:40:09.000388,2.0,0.0,5.3,1.9,49.99,26.7,240.0,False
2025-01-16T13:40:32.712465,0.0,28.7,-49.2,24.5,49.99,48.3,236.7,False
2025-01-16T13:40:44.744552,0.0,54.0,-79.7,40.9,49.98,47.9,236.5,False
2025-01-16T13:41:20.905235,0.0,54.0,-79.7,40.9,49.98,47.1,236.5,False
2025-01-16T13:41:21.053862,1.0,8.3,-61.3,26.0,49.97,42.8,238.6,False
2025-01-16T13:41:21.199398,2.0,11.3,-61.3,26.0,49.98,32.4,240.0,False
2025-01-16T13:44:20.851379,0.0,54.0,-79.7,40.9,50.01,47.9,236.1,False
2025-01-16T13:44:21.042416,1.0,2.3,-58.2,24.8,50.0,38.2,238.2,False
2025-01-16T13:44:21.187988,2.0,7.6,-59.0,25.1,50.0,29.5,239.7,False
2025-01-16T13:44:21.335668,0.0,54.0,-79.7,40.9,50.0,48.6,236.4,False
2025-01-16T13:44:21.486661,1.0,54.3,-60.5,34.3,50.0,37.8,238.6,False
2025-01-16T13:44:21.632722,2.0,16.6,-66.6,28.9,50.0,29.9,240.0,False
2025-01-16T13:44:32.813063,0.0,54.0,-79.7,40.9,50.0,47.5,236.5,False
2025-01-16T13:44:32.912820,1.0,54.3,-60.5,34.3,50.0,37.9,238.6,False
2025-01-16T13:44:33.020722,2.0,17.4,-70.3,30.2,50.01,28.9,240.0,False
2025-01-16T13:45:56.697807,0.0,54.0,-79.7,40.9,49.99,52.2,236.1,False
2025-01-16T13:48:32.817330,0.0,47.5,-11.1,20.8,49.98,59.9,236.0,False
2025-01-16T13:48:32.962876,1.0,52.9,0.0,22.2,49.98,88.1,238.2,False
2025-01-16T13:48:33.085636,2.0,49.9,6.8,21.0,49.98,77.6,239.7,False
2025-01-16T13:48:44.884963,0.0,124.5,-8.8,52.9,49.97,55.7,236.0,False
2025-01-16T13:48:45.031683,1.0,160.3,3.0,67.4,49.97,43.5,238.2,False
2025-01-16T13:48:45.180641,2.0,152.0,27.2,64.5,49.97,32.6,239.7,False
2025-01-16T13:48:45.305218,0.0,91.3,-7.7,38.8,49.98,56.2,236.0,False
2025-01-16T13:48:45.412849,1.0,103.8,-3.2,43.6,49.97,74.5,238.2,False
2025-01-16T13:48:45.542285,2.0,99.1,7.0,41.5,49.97,62.9,239.7,False
2025-01-16T13:48:56.818283,0.0,83.2,-15.9,36.1,49.98,51.4,236.2,False
2025-01-16T13:48:56.931575,1.0,103.8,-3.2,43.6,49.98,36.4,238.4,False
2025-01-16T13:48:57.040230,2.0,99.1,7.0,41.5,49.97,26.2,239.9,False
2025-01-16T13:49:20.922295,0.0,54.1,-5.2,23.0,49.99,52.4,236.4,False
2025-01-16T13:49:21.081799,1.0,42.7,-1.1,17.9,49.98,57.1,238.5,False
2025-01-16T13:49:21.218891,2.0,60.4,5.8,25.3,49.99,44.8,240.1,False
2025-01-16T13:49:21.354305,0.0,47.5,-11.1,20.8,49.98,52.5,236.3,False
2025-01-16T13:49:21.500656,1.0,42.7,-1.1,17.9,49.99,42.3,238.5,False
2025-01-16T13:49:21.626899,2.0,38.6,2.3,16.1,49.98,31.5,240.0,False
2025-01-16T13:52:20.630493,0.0,9.8,2.3,4.2,49.99,52.3,236.1,False
2025-01-16T13:52:20.768791,1.0,10.6,-3.0,4.5,49.99,39.0,238.2,False
2025-01-16T13:52:20.905539,2.0,9.1,-1.5,3.7,49.99,29.2,239.6,False
2025-01-16T13:52:56.848183,0.0,37.1,-4.5,15.6,49.99,51.1,236.3,False
2025-01-16T13:52:56.953055,1.0,42.7,-1.1,17.9,49.99,53.6,238.5,False
2025-01-16T13:52:57.058541,2.0,38.9,5.0,16.4,49.99,42.8,239.9,False
2025-01-16T13:52:57.165808,1.0,42.7,-1.1,17.9,49.99,40.8,238.6,False
2025-01-16T13:52:57.292068,2.0,38.9,5.0,16.4,49.99,31.3,240.1,False
2025-01-16T13:53:08.853126,0.0,23.4,-88.5,38.3,49.99,50.5,236.1,False
2025-01-16T13:53:08.956354,0.0,54.1,-5.2,23.0,49.99,50.5,236.1,False
2025-01-16T13:53:09.062331,1.0,26.5,-70.3,31.3,49.98,55.0,238.3,False
2025-01-16T13:53:09.189869,2.0,17.4,-77.9,33.0,49.99,43.2,239.7,False
2025-01-16T13:53:09.306396,0.0,54.0,-79.7,40.9,49.99,52.6,236.2,False
2025-01-16T13:53:09.437902,1.0,32.5,-68.8,31.9,50.0,38.8,238.3,False
2025-01-16T13:53:09.553270,2.0,25.0,-77.9,34.1,49.99,29.2,239.7,False
2025-01-16T13:53:09.667862,1.0,42.7,-1.1,17.9,50.0,49.0,238.6,False
2025-01-16T13:53:09.798613,2.0,38.9,5.0,16.4,49.98,39.3,240.0,False
2025-01-16T13:53:20.888955,1.0,42.7,-1.1,17.9,50.0,37.9,238.5,False
2025-01-16T13:53:21.007846,2.0,38.9,5.0,16.4,49.99,28.9,239.8,False
2025-01-16T13:54:32.870732,0.0,47.5,-11.1,20.8,50.0,50.7,236.0,False
2025-01-16T13:54:32.977076,0.0,47.5,-11.1,20.8,50.0,50.7,236.0,False
2025-01-16T13:54:33.086132,1.0,42.7,-1.1,17.9,50.0,53.1,238.2,False
2025-01-16T13:54:33.179751,2.0,38.9,5.0,16.4,50.0,41.8,239.6,False
2025-01-16T13:55:08.844560,0.0,43.9,-6.1,18.6,50.0,52.1,235.9,False
2025-01-16T13:55:09.026960,1.0,42.7,-1.1,17.9,50.0,36.9,238.1,False
2025-01-16T13:55:09.170237,2.0,38.9,5.0,16.4,49.99,29.4,239.5,False
2025-01-16T13:57:32.834736,0.0,76.4,7.6,32.2,50.0,50.7,236.3,False
2025-01-16T13:57:32.967207,1.0,103.8,-3.2,43.6,50.0,65.1,238.4,False
2025-01-16T13:57:33.093390,2.0,99.1,7.0,41.5,49.99,52.4,239.9,False
2025-01-16T13:57:33.212422,0.0,44.6,5.3,18.8,50.0,56.6,236.0,False
2025-01-16T13:57:33.331650,1.0,69.6,3.0,29.1,50.01,50.9,238.0,False
2025-01-16T13:57:33.470572,1.0,103.8,-3.2,43.6,50.01,50.9,238.0,False
2025-01-16T13:57:33.595636,2.0,42.4,21.2,19.8,50.0,46.1,239.8,False
2025-01-16T13:57:33.711904,0.0,46.1,-18.9,21.2,50.0,58.7,235.9,False
2025-01-16T13:57:33.859901,1.0,103.8,-3.2,43.6,50.0,75.3,238.0,False
2025-01-16T13:57:33.998792,2.0,49.2,31.0,24.2,49.99,64.3,239.5,False
2025-01-16T13:58:08.867837,0.0,54.0,-79.7,40.9,49.99,55.4,236.3,False
2025-01-16T13:58:08.982102,1.0,54.3,-60.5,34.3,49.99,55.9,238.4,False
2025-01-16T13:58:09.080628,2.0,15.9,-67.3,29.0,49.98,45.2,239.9,False
2025-01-16T13:58:09.207737,0.0,54.0,-79.7,40.9,50.0,55.0,236.3,False
2025-01-16T13:58:09.345965,1.0,54.3,-60.5,34.3,50.0,56.2,238.4,False
2025-01-16T13:58:09.474794,2.0,18.2,-66.6,28.8,50.0,45.3,239.9,False
2025-01-16T13:58:32.856448,1.0,46.1,-3.0,19.3,50.02,42.1,238.2,False
2025-01-16T13:58:33.001307,1.0,103.8,-3.2,43.6,50.02,42.1,238.2,False
2025-01-16T13:58:33.134937,2.0,60.4,5.8,25.3,50.02,31.5,239.7,False
2025-01-16T13:58:33.274818,0.0,124.5,-8.8,52.9,50.02,57.0,236.0,False
2025-01-16T13:58:33.402755,0.0,54.0,-79.7,40.9,50.02,57.0,236.0,False
2025-01-16T13:58:33.540374,1.0,137.6,-4.0,57.8,50.02,77.9,238.1,False
2025-01-16T13:58:33.679402,2.0,133.8,9.0,55.9,50.02,67.2,239.6,False
2025-01-16T13:58:56.878904,0.0,124.5,-8.8,52.9,50.02,56.0,236.3,False
2025-01-16T13:58:57.026447,1.0,137.6,-4.0,57.8,50.01,42.0,238.5,False
2025-01-16T13:58:57.159339,2.0,133.8,9.0,55.9,50.01,32.2,240.0,False
2025-01-16T13:58:57.301645,0.0,71.1,28.7,32.5,50.02,56.0,236.2,False
2025-01-16T13:58:57.458834,1.0,108.4,1.2,45.7,50.03,70.5,238.5,False
2025-01-16T13:58:57.583125,2.0,96.8,37.8,43.3,50.03,60.7,239.9,False
2025-01-16T13:59:08.875214,1.0,60.5,25.0,27.4,50.03,49.5,238.9,False
2025-01-16T13:59:09.010891,1.0,108.4,1.2,45.7,50.03,49.5,238.9,False
2025-01-16T13:59:09.131344,2.0,57.5,41.6,29.4,50.03,38.0,240.5,False
2025-01-16T13:59:20.842083,0.0,124.5,-8.8,52.9,50.03,52.0,236.6,False
2025-01-16T13:59:20.957767,1.0,137.6,-4.0,57.8,50.03,79.7,238.8,False
2025-01-16T13:59:21.070759,2.0,133.8,9.0,55.9,50.02,68.2,240.4,False
2025-01-16T13:59:32.843494,0.0,124.5,-8.8,52.9,50.01,53.4,236.5,False
2025-01-16T13:59:32.976886,1.0,137.6,-4.0,57.8,50.02,51.9,238.8,False
2025-01-16T13:59:33.101990,2.0,133.8,9.0,55.9,50.02,39.6,240.3,False
2025-01-16T13:59:44.853580,0.0,96.1,-9.1,40.7,50.03,52.2,236.6,False
2025-01-16T13:59:44.973375,1.0,103.8,-3.2,43.6,50.01,75.6,238.8,False
2025-01-16T13:59:45.096345,2.0,96.8,4.9,40.6,50.03,62.0,240.3,False
2025-01-16T13:59:56.843421,0.0,55.2,-0.0,23.2,50.03,51.9,236.4,False
2025-01-16T13:59:56.980984,1.0,58.2,-1.5,24.3,50.02,64.0,238.6,False
2025-01-16T13:59:57.097132,2.0,56.0,-0.0,23.2,50.03,50.9,240.1,False
2025-01-16T14:00:32.964760,1.0,45.4,-5.3,19.1,50.01,53.4,238.5,False
2025-01-16T14:00:33.161174,1.0,103.8,-3.2,43.6,50.01,53.4,238.5,False
2025-01-16T14:00:33.302639,2.0,43.9,6.1,18.4,50.02,39.1,240.0,False
2025-01-16T14:00:33.440277,2.0,99.1,7.0,41.5,50.02,39.1,240.0,False
2025-01-16T14:00:56.862205,0.0,36.3,-9.1,15.5,50.01,54.1,236.1,False
2025-01-16T14:00:57.002281,1.0,43.9,-1.5,18.3,50.0,39.7,238.2,False
2025-01-16T14:01:08.959169,0.0,124.5,-8.8,52.9,49.99,53.5,236.0,False
2025-01-16T14:01:09.101004,1.0,103.8,-3.2,43.6,50.0,73.2,237.9,False
2025-01-16T14:01:09.252640,2.0,99.1,7.0,41.5,49.98,58.9,239.5,False
2025-01-16T14:01:09.414992,0.0,91.3,-7.7,38.8,49.99,52.4,235.9,False
2025-01-16T14:01:09.596431,1.0,65.8,-2.3,27.7,50.0,54.6,237.9,False
2025-01-16T14:01:09.753005,1.0,103.8,-3.2,43.6,50.0,54.6,237.9,False
2025-01-16T14:01:09.910634,2.0,69.6,3.8,29.1,49.99,39.5,239.5,False
2025-01-16T14:01:10.060516,2.0,99.1,7.0,41.5,49.99,39.5,239.5,False
2025-01-16T14:01:32.867360,2.0,133.8,9.0,55.9,50.04,70.7,239.5,False
2025-01-16T14:01:33.001550,0.0,43.1,-14.4,19.5,50.04,61.2,235.6,False
2025-01-16T14:01:33.155294,1.0,59.0,11.3,25.3,50.04,93.2,237.6,False
2025-01-16T14:01:33.275524,0.0,81.7,-1.5,34.7,50.03,56.3,235.6,False
2025-01-16T14:01:33.395408,1.0,91.5,6.8,38.6,50.03,72.3,237.6,False
2025-01-16T14:01:33.521887,2.0,83.9,14.4,35.6,50.02,60.5,239.1,False
2025-01-16T14:01:44.893288,0.0,88.5,-5.3,37.9,50.01,54.2,235.8,False
2025-01-16T14:01:45.068579,1.0,112.7,0.8,47.5,50.02,39.4,237.9,False
2025-01-16T14:01:45.204288,2.0,102.1,21.9,43.7,50.02,28.8,239.3,False
2025-01-16T14:01:45.347338,2.0,133.8,9.0,55.9,50.02,28.8,239.3,False
2025-01-16T14:01:56.835658,0.0,43.1,-62.0,32.3,50.02,54.5,236.0,False
2025-01-16T14:01:56.987884,1.0,54.3,-60.5,34.3,50.03,38.6,238.1,False
2025-01-16T14:01:57.137536,2.0,10.6,-49.9,21.5,50.04,30.1,239.5,False
2025-01-16T14:02:08.843162,0.0,148.2,-55.2,67.4,50.03,54.1,235.7,False
2025-01-16T14:02:08.989665,1.0,137.6,-4.0,57.8,50.02,76.1,237.8,False
2025-01-16T14:02:09.138168,2.0,133.9,7.8,56.1,50.01,64.2,239.2,False
2025-01-16T14:02:20.855129,0.0,91.3,-7.7,38.8,50.02,58.7,235.4,False
2025-01-16T14:02:20.986975,1.0,103.8,-3.2,43.6,50.01,93.5,237.7,False
2025-01-16T14:02:21.110866,2.0,133.8,9.0,55.9,50.04,83.0,239.0,False
2025-01-16T14:02:32.804468,0.0,124.5,-8.8,52.9,50.03,53.0,235.8,False
2025-01-16T14:02:32.929632,1.0,137.6,-4.0,57.8,50.02,68.4,237.9,False
2025-01-16T14:02:33.045321,2.0,133.9,7.8,56.1,50.04,56.5,239.3,False
2025-01-16T14:02:33.180477,2.0,133.8,9.0,55.9,50.04,56.5,239.3,False
2025-01-16T14:02:33.312516,0.0,54.0,-79.7,40.9,50.02,53.3,235.9,False
2025-01-16T14:02:44.842041,0.0,145.2,-87.1,71.9,50.01,53.7,235.5,False
2025-01-16T14:02:44.965263,1.0,121.8,-58.2,56.6,50.01,38.7,237.7,False
2025-01-16T14:02:45.095377,1.0,103.8,-3.2,43.6,50.01,38.7,237.7,False
2025-01-16T14:02:45.225610,2.0,96.8,4.9,40.6,50.01,28.3,239.1,False
2025-01-16T14:02:45.338254,0.0,49.9,-77.9,39.3,49.99,53.3,235.6,False
2025-01-16T14:02:45.452654,1.0,54.3,-60.5,34.3,49.99,39.1,237.7,False
2025-01-16T14:02:45.572656,2.0,22.7,-59.7,26.8,50.0,29.1,239.1,False
2025-01-16T14:03:08.759328,1.0,42.7,-1.1,17.9,50.01,51.6,237.8,False
2025-01-16T14:03:20.832369,1.0,40.8,0.8,17.2,50.02,63.6,237.9,False
2025-01-16T14:03:20.935287,2.0,38.9,5.0,16.4,50.01,51.9,239.4,False
2025-01-16T14:03:32.794828,1.0,42.7,-1.1,17.9,50.0,52.3,237.9,False
2025-01-16T14:03:44.897143,0.0,35.5,-6.8,15.3,50.01,54.7,235.8,False
2025-01-16T14:03:45.048664,1.0,48.4,-1.5,20.3,50.02,38.5,237.8,False
2025-01-16T14:03:45.204415,2.0,38.9,5.0,16.4,50.0,30.4,239.3,False
2025-01-16T14:04:08.845395,0.0,124.5,-8.8,52.9,50.02,54.3,235.4,False
2025-01-16T14:04:08.978988,1.0,137.6,-4.0,57.8,50.01,75.3,237.5,False
2025-01-16T14:04:09.104237,2.0,133.8,9.0,55.9,50.01,65.7,239.0,False
2025-01-16T14:04:20.867035,1.0,37.1,-0.0,15.7,50.03,68.2,237.7,False
2025-01-16T14:04:20.980109,2.0,35.5,9.8,15.5,50.02,57.6,239.2,False
2025-01-16T14:04:32.814675,0.0,91.3,-7.7,38.8,50.03,54.3,235.7,False
2025-01-16T14:04:32.925352,1.0,91.5,1.5,38.5,50.01,44.9,237.7,False
2025-01-16T14:04:33.034616,1.0,137.6,-4.0,57.8,50.01,44.9,237.7,False
2025-01-16T14:04:33.160022,2.0,83.9,14.4,35.6,50.01,36.3,239.2,False
2025-01-16T14:05:08.907206,0.0,91.3,-7.7,38.8,50.01,54.1,236.0,False
2025-01-16T14:05:09.056752,1.0,137.6,-4.0,57.8,50.01,75.2,238.1,False
2025-01-16T14:05:09.195872,2.0,133.9,7.8,56.1,50.02,66.7,239.7,False
2025-01-16T14:05:20.806295,0.0,91.3,-7.7,38.8,49.99,52.6,236.0,False
2025-01-16T14:05:20.913034,1.0,67.3,-1.5,28.2,50.0,61.2,237.9,False
2025-01-16T14:05:21.027188,2.0,53.7,14.4,23.2,50.0,51.1,239.5,False
2025-01-16T14:05:21.150603,2.0,133.9,7.8,56.1,50.0,51.1,239.5,False
2025-01-16T14:06:08.806248,0.0,34.8,3.8,15.1,50.02,52.2,236.3,False
2025-01-16T14:06:08.915293,1.0,40.1,-0.0,17.0,50.01,48.0,238.3,False
2025-01-16T14:06:09.023729,1.0,137.6,-4.0,57.8,50.01,48.0,238.3,False
2025-01-16T14:06:09.127563,2.0,47.6,6.1,20.1,50.01,38.5,239.9,False
2025-01-16T14:06:20.743605,1.0,43.1,-0.0,18.0,50.0,36.5,238.1,False
2025-01-16T14:06:32.817822,0.0,91.3,-7.7,38.8,49.99,54.3,236.0,False
2025-01-16T14:06:32.948265,1.0,137.6,-4.0,57.8,50.0,75.4,238.0,False
2025-01-16T14:06:33.071613,2.0,124.0,25.0,52.8,50.0,66.1,239.6,False
2025-01-16T14:06:56.799895,0.0,54.0,-79.7,40.9,50.01,53.9,236.1,False
2025-01-16T14:06:56.906566,1.0,54.3,-60.5,34.3,50.01,73.8,237.9,False
2025-01-16T14:07:08.888671,0.0,6.8,-51.4,22.1,50.02,52.9,236.0,False
2025-01-16T14:07:09.012455,1.0,54.3,-60.5,34.3,50.01,65.2,238.0,False
2025-01-16T14:07:09.136312,2.0,17.4,-41.6,18.9,50.02,55.3,239.6,False
2025-01-16T14:07:09.284508,0.0,31.0,-37.8,20.5,50.03,52.3,235.8,False
2025-01-16T14:07:09.416006,0.0,11.3,-39.3,17.2,50.04,52.9,236.0,False
2025-01-16T14:07:09.563526,2.0,12.1,-34.0,15.0,50.04,51.6,239.6,False
2025-01-16T14:07:09.678954,0.0,91.3,-7.7,38.8,50.04,54.1,235.9,False
2025-01-16T14:07:09.810317,1.0,83.9,1.5,35.3,50.03,37.4,237.9,False
2025-01-16T14:07:09.929780,1.0,137.6,-4.0,57.8,50.03,37.4,237.9,False
2025-01-16T14:07:10.047609,2.0,78.7,12.9,33.3,50.02,29.8,239.5,False
2025-01-16T14:07:32.796499,0.0,106.6,27.2,46.7,50.01,52.5,235.9,False
2025-01-16T14:07:32.900651,1.0,127.1,17.4,53.9,50.01,75.8,237.9,False
2025-01-16T14:07:33.014302,2.0,121.8,28.0,52.2,50.02,64.1,239.5,False
2025-01-16T14:07:44.882081,0.0,91.3,-7.7,38.8,50.02,68.8,235.6,False
2025-01-16T14:07:45.025848,1.0,103.8,-3.2,43.6,50.03,98.6,237.7,False
2025-01-16T14:07:45.177204,2.0,99.1,7.0,41.5,50.01,93.2,239.3,False
2025-01-16T14:07:56.830385,0.0,90.8,-85.5,52.6,49.99,66.4,235.3,False
2025-01-16T14:07:56.973310,0.0,54.0,-79.7,40.9,49.99,61.0,235.4,False
2025-01-16T14:08:08.860311,1.0,38.6,0.8,16.2,49.97,73.3,237.4,False
2025-01-16T14:08:08.988110,2.0,37.1,6.1,15.7,49.99,62.8,238.8,False
2025-01-16T14:08:09.126221,0.0,52.2,-0.0,22.1,49.97,58.8,235.1,False
2025-01-16T14:08:09.255368,1.0,42.4,-0.0,17.8,49.97,43.9,237.2,False
2025-01-16T14:08:09.395215,1.0,103.8,-3.2,43.6,49.97,43.9,237.2,False
2025-01-16T14:08:09.526443,2.0,38.6,8.3,16.5,49.96,34.1,238.6,False
2025-01-16T14:08:09.642209,2.0,133.8,9.0,55.9,49.96,34.1,238.6,False
2025-01-16T14:08:44.837858,0.0,35.5,-1.5,15.1,49.99,59.5,235.4,False
2025-01-16T14:08:44.953283,1.0,42.7,-1.1,17.9,49.98,69.1,237.5,False
2025-01-16T14:08:45.077489,2.0,38.9,5.0,16.4,49.98,57.3,239.0,False
2025-01-16T14:09:08.889646,2.0,38.9,5.0,16.4,50.0,45.2,238.7,False
2025-01-16T14:09:09.033393,1.0,42.7,-1.1,17.9,49.99,42.9,237.4,False
2025-01-16T14:09:32.793784,0.0,10.6,-40.8,18.2,50.0,54.6,235.5,False
2025-01-16T14:09:32.923358,0.0,145.2,-87.1,71.9,49.98,53.3,235.5,False
2025-01-16T14:09:33.029290,0.0,54.0,-79.7,40.9,49.98,53.3,235.5,False
2025-01-16T14:09:33.134906,1.0,137.6,-4.0,57.8,49.98,77.0,237.5,False
2025-01-16T14:09:33.262305,2.0,133.9,7.8,56.1,49.98,64.4,239.0,False
2025-01-16T14:09:44.746948,0.0,90.8,-8.3,38.6,49.98,57.1,235.6,False
2025-01-16T14:09:45.067702,1.0,103.8,-3.2,43.6,49.97,96.5,237.7,False
2025-01-16T14:09:45.183499,2.0,96.8,4.9,40.6,49.99,83.6,239.2,False
2025-01-16T14:09:56.802802,0.0,91.3,-7.7,38.8,50.0,54.1,235.6,False
2025-01-16T14:09:56.917204,1.0,103.8,-3.2,43.6,50.0,39.8,237.6,False
2025-01-16T14:09:57.028665,1.0,137.6,-4.0,57.8,50.0,39.8,237.6,False
2025-01-16T14:09:57.156564,1.0,54.3,-60.5,34.3,50.0,39.8,237.6,False
2025-01-16T14:09:57.269095,2.0,99.1,7.0,41.5,49.99,28.1,239.1,False
2025-01-16T14:09:57.389473,2.0,133.9,7.8,56.1,49.99,28.1,239.1,False
2025-01-16T14:09:57.512268,2.0,96.8,4.9,40.6,49.99,28.1,239.1,False
2025-01-16T14:10:20.854412,0.0,91.3,-7.7,38.8,49.98,56.8,235.2,False
2025-01-16T14:10:20.973754,1.0,103.8,-3.2,43.6,49.99,96.0,237.3,False
2025-01-16T14:10:21.071949,2.0,99.1,7.0,41.5,49.99,82.7,238.7,False
2025-01-16T14:10:32.829501,0.0,91.3,-7.7,38.8,49.99,53.0,235.5,False
2025-01-16T14:10:32.971051,1.0,103.8,-3.2,43.6,50.0,79.9,237.5,False
2025-01-16T14:10:33.121901,2.0,99.1,7.0,41.5,50.0,64.9,239.0,False
2025-01-16T14:10:44.849704,0.0,52.2,-1.5,22.2,50.0,51.7,235.5,False
2025-01-16T14:10:45.002678,1.0,62.8,-2.3,26.5,49.99,64.0,237.6,False
2025-01-16T14:10:45.137824,2.0,56.7,8.3,24.0,49.99,47.2,239.0,False
2025-01-16T14:11:44.848800,0.0,36.3,-3.8,15.6,49.98,54.3,235.2,False
2025-01-16T14:11:44.991693,1.0,45.4,0.8,19.1,49.97,40.6,237.3,False
2025-01-16T14:11:45.126619,2.0,78.3,41.7,36.8,49.98,28.1,238.8,False
2025-01-16T14:12:08.898840,0.0,131.6,-40.8,59.0,49.98,59.2,234.8,False
2025-01-16T14:12:09.018386,1.0,137.6,-4.0,57.8,49.99,93.1,236.9,False
2025-01-16T14:12:09.125595,2.0,99.1,7.0,41.5,49.98,83.5,238.4,False
2025-01-16T14:12:32.819617,0.0,81.7,-3.8,34.9,49.98,53.3,235.0,False
2025-01-16T14:12:32.932218,1.0,96.8,2.3,40.9,49.97,54.2,237.2,False
2025-01-16T14:12:33.054190,2.0,99.1,7.0,41.5,49.99,43.9,238.6,False
2025-01-16T14:12:33.190549,0.0,40.1,-6.1,17.0,49.98,54.0,234.7,False
2025-01-16T14:12:33.323773,1.0,55.2,-3.0,23.3,49.98,39.0,236.9,False
2025-01-16T14:12:33.438584,1.0,137.6,-4.0,57.8,49.98,39.0,236.9,False
2025-01-16T14:12:33.547733,2.0,44.1,84.0,39.4,49.98,29.5,238.4,False
2025-01-16T14:12:56.812953,0.0,54.1,-5.2,23.0,49.98,53.1,235.4,False
2025-01-16T14:12:56.922048,1.0,63.7,-3.0,26.8,49.98,65.0,237.6,False
2025-01-16T14:12:57.032672,2.0,60.4,5.8,25.3,49.98,56.1,239.0,False
2025-01-16T14:13:08.836389,0.0,121.8,7.6,52.4,49.98,58.5,234.9,False
2025-01-16T14:13:08.954122,1.0,137.6,-4.0,57.8,49.97,88.9,237.1,False
2025-01-16T14:13:09.075999,2.0,133.9,7.8,56.1,49.97,83.4,238.6,False
2025-01-16T14:13:32.793729,0.0,37.1,-0.8,15.6,49.99,53.7,235.0,False
2025-01-16T14:13:32.906937,1.0,39.3,-0.8,16.5,49.98,69.8,237.2,False
2025-01-16T14:13:33.030895,2.0,37.8,3.8,15.8,49.98,61.5,238.6,False
2025-01-16T14:13:33.150765,0.0,124.5,-8.8,52.9,49.98,53.8,235.1,False
2025-01-16T14:13:33.274642,1.0,137.6,-4.0,57.8,49.98,42.8,237.2,False
2025-01-16T14:13:33.386520,2.0,133.9,7.8,56.1,49.99,33.7,238.7,False
2025-01-16T14:14:32.829053,0.0,46.9,-50.7,29.4,49.99,54.1,235.1,False
2025-01-16T14:14:32.969249,1.0,25.0,-39.3,19.6,49.99,38.2,237.2,False
2025-01-16T14:14:33.098763,2.0,25.0,-37.1,18.7,49.98,28.7,238.7,False
2025-01-16T14:14:44.734752,0.0,54.0,-79.7,40.9,49.98,53.8,235.0,False
2025-01-16T14:14:44.957014,1.0,54.3,-60.5,34.3,49.99,37.8,237.1,False
2025-01-16T14:14:45.087478,1.0,63.7,-3.0,26.8,49.99,37.8,237.1,False
2025-01-16T14:14:45.207007,2.0,4.5,-39.3,16.7,49.99,28.8,238.6,False
2025-01-16T14:15:08.915645,0.0,124.5,-8.8,52.9,49.99,58.9,235.4,False
2025-01-16T14:15:09.080952,1.0,137.6,-4.0,57.8,49.99,92.5,237.5,False
2025-01-16T14:15:09.238720,2.0,133.8,9.0,55.9,49.99,84.9,239.0,False
2025-01-16T14:15:20.903281,0.0,124.5,-8.8,52.9,49.98,54.2,235.7,False
2025-01-16T14:15:21.033617,1.0,137.6,-4.0,57.8,49.98,37.8,237.8,False
2025-01-16T14:15:21.159221,2.0,133.8,9.0,55.9,49.97,29.5,239.3,False
2025-01-16T14:15:21.289497,0.0,54.0,-79.7,40.9,49.98,54.1,235.7,False
2025-01-16T14:15:21.426706,1.0,54.3,-60.5,34.3,49.99,38.3,237.9,False
2025-01-16T14:15:21.543933,2.0,12.1,-49.9,21.5,49.98,29.5,239.3,False
2025-01-16T14:15:44.898181,0.0,124.5,-8.8,52.9,49.98,58.1,235.6,False
2025-01-16T14:15:45.027866,1.0,137.6,-4.0,57.8,49.98,90.9,237.7,False
2025-01-16T14:15:45.160365,2.0,133.9,7.8,56.1,49.99,84.5,239.2,False
2025-01-16T14:16:08.906269,0.0,83.2,2.3,35.4,49.98,52.9,235.7,False
2025-01-16T14:16:09.054118,1.0,92.3,-0.0,38.9,49.98,63.7,237.8,False
2025-01-16T14:16:09.189413,2.0,93.8,12.1,39.6,49.98,53.8,239.3,False
2025-01-16T14:16:56.832502,0.0,84.7,-78.7,49.0,50.0,53.0,235.6,False
2025-01-16T14:16:56.967114,0.0,54.1,-5.2,23.0,50.0,53.0,235.6,False
2025-01-16T14:16:57.089776,1.0,63.5,-60.5,36.9,50.0,50.7,237.8,False
2025-01-16T14:16:57.240540,2.0,62.8,-46.9,32.7,50.0,39.8,239.2,False
2025-01-16T14:16:57.372164,2.0,133.9,7.8,56.1,50.0,39.8,239.2,False
